open_time,open,high,low,close,volume,close_time,quote_asset_volume,num_trades,taker_buy_base_volume,taker_buy_quote_volume,ignore
2021-01-01 00:00:00.000,28948.19,29668.86,28627.12,29337.16,210716.398,2021-01-01 23:59:59.999,6157505024.08511,1511793,101247.902,2960175587.62208,0
2021-01-02 00:00:00.000,29337.15,33480.0,28958.24,32199.91,545541.08,2021-01-02 23:59:59.999,17122938614.70610,3514545,273388.463,8578964529.70894,0
2021-01-03 00:00:00.000,32198.41,34832.25,32000.02,33054.53,487486.989,2021-01-03 23:59:59.999,16389111411.52760,3325307,238761.657,8029365512.72767,0
2021-01-04 00:00:00.000,33053.93,33653.56,27800.0,32031.07,506128.023,2021-01-04 23:59:59.999,15879195836.25302,3470951,242947.199,7626162910.40660,0
2021-01-05 00:00:00.000,32029.55,34500.0,29900.0,33999.52,433720.833,2021-01-05 23:59:59.999,13959353458.55198,3077140,214417.082,6904989558.83828,0
2021-01-06 00:00:00.000,33999.51,37037.51,33356.46,36823.68,444019.83,2021-01-06 23:59:59.999,15515216052.16546,3343780,221236.888,7735680984.28917,0
2021-01-07 00:00:00.000,36825.77,40565.62,36337.36,39498.92,520147.908,2021-01-07 23:59:59.999,19955559504.79166,3936708,257944.968,9900486395.62111,0
2021-01-08 00:00:00.000,39498.32,42125.51,36539.77,40637.23,518080.826,2021-01-08 23:59:59.999,20667265854.49486,4247011,254344.167,10152865266.04328,0
2021-01-09 00:00:00.000,40638.91,41539.88,38733.28,40136.04,260882.805,2021-01-09 23:59:59.999,10520523013.40685,2489926,126105.315,5086880791.19798,0
2021-01-10 00:00:00.000,40136.05,41412.12,35268.0,38221.67,436759.048,2021-01-10 23:59:59.999,17027093434.55105,3699058,211717.223,8261995935.20996,0
2021-01-11 00:00:00.000,38200.01,38322.18,30448.0,35408.46,906275.651,2021-01-11 23:59:59.999,30742156595.35393,7483656,443696.590,15052872048.13838,0
2021-01-12 00:00:00.000,35406.92,36693.44,32600.0,34056.9,449065.693,2021-01-12 23:59:59.999,15590695938.85224,4292644,222279.828,7719925265.67209,0
2021-01-13 00:00:00.000,34065.53,37880.0,32420.0,37421.07,398188.088,2021-01-13 23:59:59.999,13803091615.05157,3801367,199377.684,6916994865.68764,0
2021-01-14 00:00:00.000,37416.34,40189.39,36764.33,39163.31,353142.386,2021-01-14 23:59:59.999,13663753723.40309,3501513,175843.746,6805766674.20038,0
2021-01-15 00:00:00.000,39163.31,39790.0,34478.0,36755.24,437610.113,2021-01-15 23:59:59.999,16148530126.35195,4212641,215685.402,7958729167.12342,0
2021-01-16 00:00:00.000,36755.25,38000.0,35366.0,36025.66,301102.477,2021-01-16 23:59:59.999,11103654689.80840,3011057,146509.381,5406319579.73528,0
2021-01-17 00:00:00.000,36025.65,36898.0,33863.5,35869.83,287686.129,2021-01-17 23:59:59.999,10206002445.01776,2832554,142749.218,5067322177.93342,0
2021-01-18 00:00:00.000,35875.72,37547.94,34808.47,36686.86,253386.703,2021-01-18 23:59:59.999,9167208119.70183,2509593,126929.278,4593293225.33017,0
2021-01-19 00:00:00.000,36690.0,37961.0,35850.0,35891.03,257889.419,2021-01-19 23:59:59.999,9530202433.37249,2463060,127747.175,4722978204.94744,0
2021-01-20 00:00:00.000,35891.74,36461.44,33403.0,35500.0,329192.419,2021-01-20 23:59:59.999,11521126165.52288,3069181,160202.354,5609941255.60820,0
2021-01-21 00:00:00.000,35499.23,35636.17,30069.9,30879.97,550562.277,2021-01-21 23:59:59.999,17863845664.01804,4767974,269649.681,8750951225.90137,0
2021-01-22 00:00:00.000,30875.77,33831.52,28880.0,32986.34,453568.538,2021-01-22 23:59:59.999,14265924156.72767,4072699,225783.671,7105649881.87084,0
2021-01-23 00:00:00.000,32990.08,33495.0,31405.0,32086.48,256776.411,2021-01-23 23:59:59.999,8300485557.20308,2533905,126744.171,4098792684.45926,0
2021-01-24 00:00:00.000,32086.48,33125.75,30914.2,32275.63,212107.044,2021-01-24 23:59:59.999,6824806447.15319,2205550,106443.006,3426090935.55021,0
2021-01-25 00:00:00.000,32274.88,34880.0,31921.47,32253.68,316687.524,2021-01-25 23:59:59.999,10588161978.70822,2871028,157598.395,5269771249.60753,0
2021-01-26 00:00:00.000,32253.68,32950.0,30810.0,32474.14,346861.707,2021-01-26 23:59:59.999,11060562208.15130,3088089,172363.344,5498592866.30905,0
2021-01-27 00:00:00.000,32474.81,32562.2,29240.0,30381.04,431022.839,2021-01-27 23:59:59.999,13269633440.99824,3665833,213394.744,6569777789.60455,0
2021-01-28 00:00:00.000,30382.96,33778.95,29843.33,33399.75,311528.373,2021-01-28 23:59:59.999,9909261735.25709,2824829,158511.479,5044260580.57025,0
2021-01-29 00:00:00.000,33399.99,38641.1,31960.0,34269.35,713579.785,2021-01-29 23:59:59.999,25293550971.74301,5920737,355439.304,12607381324.40294,0
2021-01-30 00:00:00.000,34267.04,34988.88,32849.06,34289.85,267861.872,2021-01-30 23:59:59.999,9109013883.23461,2754794,133627.383,4545355581.08445,0
2021-01-31 00:00:00.000,34284.76,34393.22,32193.04,33126.21,211293.891,2021-01-31 23:59:59.999,7052326918.52193,2233259,103318.718,3448995451.58184,0
2021-02-01 00:00:00.000,33125.11,34720.0,32322.47,33546.09,240632.325,2021-02-01 23:59:59.999,8121385637.13714,2421173,122660.726,4140348904.80228,0
2021-02-02 00:00:00.000,33546.08,36041.0,33450.0,35504.06,239856.23,2021-02-02 23:59:59.999,8364687573.37923,2345193,123537.063,4307892154.68184,0
2021-02-03 00:00:00.000,35504.07,37700.0,35410.0,37652.51,240308.078,2021-02-03 23:59:59.999,8788925454.96376,2331826,121022.039,4426236187.28981,0
2021-02-04 00:00:00.000,37651.92,38833.0,36233.0,36976.93,306715.022,2021-02-04 23:59:59.999,11507154016.35826,2825262,150086.367,5633298481.01459,0
2021-02-05 00:00:00.000,36975.19,38411.82,36586.68,38362.65,196277.444,2021-02-05 23:59:59.999,7395595524.77548,2144343,97203.231,3663358803.14247,0
2021-02-06 00:00:00.000,38357.17,40992.4,38269.0,39249.54,310826.315,2021-02-06 23:59:59.999,12369698321.04784,3050313,154728.277,6158712068.97440,0
2021-02-07 00:00:00.000,39249.53,39757.87,37403.27,38849.25,296721.925,2021-02-07 23:59:59.999,11466152232.53475,2896234,143721.734,5556013185.10293,0
2021-02-08 00:00:00.000,38849.24,47146.0,38037.0,46451.32,440167.093,2021-02-08 23:59:59.999,18769855154.62719,4374347,223454.335,9531054201.64643,0
2021-02-09 00:00:00.000,46451.32,48266.36,45057.65,46492.54,381477.426,2021-02-09 23:59:59.999,17820342806.81088,3957333,185490.943,8668372535.76928,0
2021-02-10 00:00:00.000,46492.53,47475.0,43770.0,44850.0,334979.017,2021-02-10 23:59:59.999,15286260787.69888,3259151,163672.458,7471185203.89336,0
2021-02-11 00:00:00.000,44850.0,48810.0,44038.97,48060.21,330540.045,2021-02-11 23:59:59.999,15468624715.76271,3326357,164596.168,7703204734.55109,0
2021-02-12 00:00:00.000,48060.21,49278.98,46121.0,47361.03,259186.288,2021-02-12 23:59:59.999,12341281000.02568,2862051,127514.459,6074419175.14162,0
2021-02-13 00:00:00.000,47364.0,48290.0,46252.1,47221.62,199965.397,2021-02-13 23:59:59.999,9438075938.38798,2253613,97689.069,4611739861.20951,0
2021-02-14 00:00:00.000,47221.63,49875.16,47093.16,48655.21,241935.666,2021-02-14 23:59:59.999,11797051402.90574,2598883,119727.737,5838366527.84185,0
2021-02-15 00:00:00.000,48655.21,49100.0,45349.21,47981.58,248960.404,2021-02-15 23:59:59.999,11872149326.83184,2721739,119328.817,5693484067.17141,0
2021-02-16 00:00:00.000,47981.6,50953.44,47101.02,49197.94,343592.011,2021-02-16 23:59:59.999,16865499630.28187,3477742,170702.582,8383271303.03656,0
2021-02-17 00:00:00.000,49197.93,52800.0,49029.62,52194.62,312007.458,2021-02-17 23:59:59.999,15897490858.65766,3332737,157467.485,8026680480.35362,0
2021-02-18 00:00:00.000,52194.62,52640.0,50948.0,51619.7,185489.89,2021-02-18 23:59:59.999,9627115933.97444,2199927,88315.345,4584365118.70008,0
2021-02-19 00:00:00.000,51612.46,56582.0,50800.0,56004.1,257911.872,2021-02-19 23:59:59.999,13784775685.92855,2913704,129990.325,6952543903.37133,0
2021-02-20 00:00:00.000,56005.85,57699.0,53905.0,55917.41,240296.308,2021-02-20 23:59:59.999,13529409884.87238,2830372,115701.933,6517025362.77697,0
2021-02-21 00:00:00.000,55908.45,58472.14,55564.5,57487.43,196820.573,2021-02-21 23:59:59.999,11254047090.53712,2277504,97912.556,5599464711.05343,0
2021-02-22 00:00:00.000,57475.5,57591.87,47751.42,54121.1,480660.187,2021-02-22 23:59:59.999,25951996709.77277,4903878,228365.294,12342132886.79660,0
2021-02-23 00:00:00.000,54125.55,54260.12,44893.82,48930.0,748737.462,2021-02-23 23:59:59.999,36297078764.52196,8009736,368110.652,17851832105.34830,0
2021-02-24 00:00:00.000,48930.01,51435.58,47000.0,49702.03,333415.219,2021-02-24 23:59:59.999,16590055728.58514,3748411,165014.334,8212207708.16425,0
2021-02-25 00:00:00.000,49702.05,52134.96,46685.43,47089.37,349943.016,2021-02-25 23:59:59.999,17447887799.89135,3922104,172353.771,8600369481.86736,0
2021-02-26 00:00:00.000,47087.97,48438.01,44100.0,46313.13,440670.32,2021-02-26 23:59:59.999,20499678357.29738,4687978,217772.731,10135954016.12082,0
2021-02-27 00:00:00.000,46313.12,48476.05,44926.77,46102.63,256027.074,2021-02-27 23:59:59.999,12038528819.38199,2956397,126959.956,5969498435.10788,0
2021-02-28 00:00:00.000,46097.09,46678.0,43002.05,45163.36,370358.825,2021-02-28 23:59:59.999,16549302262.98406,4080209,183636.780,8206337628.79557,0
2021-03-01 00:00:00.000,45162.64,49800.0,44972.49,49592.7,315659.931,2021-03-01 23:59:59.999,15061638936.44410,3611436,158078.422,7544487587.25809,0
2021-03-02 00:00:00.000,49594.99,50221.77,47058.06,48450.57,273100.435,2021-03-02 23:59:59.999,13251422043.06818,2970983,133977.099,6501372777.38002,0
2021-03-03 00:00:00.000,48454.21,52681.51,48110.66,50373.75,350311.234,2021-03-03 23:59:59.999,17795826816.36179,3781970,176625.272,8973331373.35146,0
2021-03-04 00:00:00.000,50373.75,51800.0,47500.0,48385.77,387428.957,2021-03-04 23:59:59.999,19138827120.97486,4199301,188509.044,9316363162.04460,0
2021-03-05 00:00:00.000,48385.77,49470.0,46320.0,48770.57,354602.756,2021-03-05 23:59:59.999,16912469978.52838,3864290,175791.280,8385994290.72248,0
2021-03-06 00:00:00.000,48772.68,49253.63,47090.0,48908.21,215092.91,2021-03-06 23:59:59.999,10381734354.30114,2557063,106587.185,5145716456.27842,0
2021-03-07 00:00:00.000,48908.21,51480.0,48908.21,50995.27,248398.116,2021-03-07 23:59:59.999,12500440245.10043,2883079,125296.257,6305916043.13975,0
2021-03-08 00:00:00.000,50991.35,52450.0,49310.0,52429.43,308339.866,2021-03-08 23:59:59.999,15655716338.59208,3279581,155092.510,7877090707.62844,0
2021-03-09 00:00:00.000,52429.43,54950.0,51880.0,54917.78,285604.798,2021-03-09 23:59:59.999,15409273884.44570,3312320,140878.102,7601587041.40018,0
2021-03-10 00:00:00.000,54917.78,57500.92,53061.0,55947.98,401159.493,2021-03-10 23:59:59.999,22279865576.81882,4457083,197030.813,10945834708.32220,0
2021-03-11 00:00:00.000,55949.3,58283.0,54356.44,57844.52,364681.318,2021-03-11 23:59:59.999,20569039537.45370,4355363,177889.476,10037536966.99869,0
2021-03-12 00:00:00.000,57842.64,58186.33,55074.3,57291.03,335495.042,2021-03-12 23:59:59.999,19043301948.53840,4054963,163059.636,9258204347.64983,0
2021-03-13 00:00:00.000,57291.04,61950.0,56136.0,61267.41,320322.173,2021-03-13 23:59:59.999,18993462517.01946,3901445,163088.218,9672335710.00012,0
2021-03-14 00:00:00.000,61267.41,61798.0,59005.0,59037.12,231991.901,2021-03-14 23:59:59.999,14012489135.14827,2783273,111414.603,6732127310.64745,0
2021-03-15 00:00:00.000,59037.11,60740.0,54517.28,55646.61,448820.83,2021-03-15 23:59:59.999,25683051451.71488,4839296,216862.556,12413877922.53143,0
2021-03-16 00:00:00.000,55646.61,56988.0,53335.0,56954.19,339718.202,2021-03-16 23:59:59.999,18756792660.06864,4041818,167192.901,9235749666.02367,0
2021-03-17 00:00:00.000,56953.23,59078.79,54154.93,58959.0,339397.712,2021-03-17 23:59:59.999,19076274044.57065,3916228,168453.582,9472373944.11505,0
2021-03-18 00:00:00.000,58959.01,60510.0,57072.0,57700.01,305100.026,2021-03-18 23:59:59.999,17876750420.56641,3505186,146854.697,8607128783.55504,0
2021-03-19 00:00:00.000,57700.01,59550.0,56301.27,58089.11,259039.479,2021-03-19 23:59:59.999,15107378224.02806,3136922,128071.253,7471941657.80573,0
2021-03-20 00:00:00.000,58089.11,59948.0,57881.0,58145.61,203680.149,2021-03-20 23:59:59.999,12000524068.54844,2543381,100819.551,5941806972.74230,0
2021-03-21 00:00:00.000,58144.44,58638.7,55403.55,57415.18,237518.696,2021-03-21 23:59:59.999,13576194106.98524,2940088,115249.868,6588584990.97905,0
2021-03-22 00:00:00.000,57415.19,58500.0,53635.81,54129.56,293062.947,2021-03-22 23:59:59.999,16556509289.78695,3557593,140398.942,7936406259.22970,0
2021-03-23 00:00:00.000,54129.56,55890.68,52981.4,54400.0,276199.041,2021-03-23 23:59:59.999,15088688822.77058,3202573,134532.639,7351102130.74858,0
2021-03-24 00:00:00.000,54400.0,57234.79,51666.0,52311.54,394172.526,2021-03-24 23:59:59.999,21637316948.63563,4140709,189909.676,10427034831.44092,0
2021-03-25 00:00:00.000,52307.89,53255.2,50452.08,51325.21,416848.091,2021-03-25 23:59:59.999,21627711387.30238,4302154,204849.290,10630602356.39878,0
2021-03-26 00:00:00.000,51325.21,55123.0,51260.0,55030.0,271957.842,2021-03-26 23:59:59.999,14483003307.72439,2948225,136780.445,7286122829.28683,0
2021-03-27 00:00:00.000,55030.0,56658.76,54001.0,55828.0,234435.346,2021-03-27 23:59:59.999,12939134315.65276,2589316,117057.480,6461486294.95898,0
2021-03-28 00:00:00.000,55828.0,56588.31,54694.91,55805.08,200603.768,2021-03-28 23:59:59.999,11188756872.79973,2260517,97635.468,5446627096.10740,0
2021-03-29 00:00:00.000,55804.16,58490.11,54931.15,57677.64,277215.268,2021-03-29 23:59:59.999,15858571872.53349,3043409,138125.585,7902278216.89052,0
2021-03-30 00:00:00.000,57676.14,59560.0,57110.0,58794.16,232824.065,2021-03-30 23:59:59.999,13629362092.38509,2568718,115846.127,6782192557.11194,0
2021-03-31 00:00:00.000,58794.17,59920.0,56812.0,58807.24,337038.349,2021-03-31 23:59:59.999,19776038991.85102,3429371,165663.891,9722384780.61966,0
2021-04-01 00:00:00.000,58810.99,59592.22,58002.0,58794.01,196332.114,2021-04-01 23:59:59.999,11561694922.60452,2133428,94680.735,5576910250.62599,0
2021-04-02 00:00:00.000,58797.56,60397.85,58490.03,59031.36,189391.958,2021-04-02 23:59:59.999,11251166314.77901,2130064,92589.845,5501759219.26745,0
2021-04-03 00:00:00.000,59028.99,59925.0,56900.0,57134.65,198636.171,2021-04-03 23:59:59.999,11672141257.52950,2247303,93687.055,5507316845.02153,0
2021-04-04 00:00:00.000,57134.65,58553.0,56517.23,58234.61,152454.122,2021-04-04 23:59:59.999,8785593781.44870,1778714,74594.627,4298930356.92053,0
2021-04-05 00:00:00.000,58234.61,59385.0,56808.94,59243.39,174338.646,2021-04-05 23:59:59.999,10144751892.15272,2011408,86261.207,5020733701.78477,0
2021-04-06 00:00:00.000,59243.4,59626.18,57500.0,58059.99,165562.029,2021-04-06 23:59:59.999,9681501016.80336,1949118,78636.425,4599489382.51682,0
2021-04-07 00:00:00.000,58060.0,58720.0,55536.07,56018.18,265271.707,2021-04-07 23:59:59.999,15106714000.51917,2888669,127561.230,7266072196.91067,0
2021-04-08 00:00:00.000,56018.17,58200.0,55759.13,58122.26,161389.858,2021-04-08 23:59:59.999,9238696877.00206,1886407,79929.236,4575915375.84600,0
2021-04-09 00:00:00.000,58122.93,58950.0,57700.0,58176.03,141690.144,2021-04-09 23:59:59.999,8260112160.68546,1631493,68304.747,3982540627.14329,0
2021-04-10 00:00:00.000,58176.04,61800.0,57943.95,59832.43,240907.592,2021-04-10 23:59:59.999,14476191585.21529,2568013,119096.213,7157469285.62444,0
2021-04-11 00:00:00.000,59832.43,60816.88,59304.02,60090.2,148499.824,2021-04-11 23:59:59.999,8896497492.08689,1746745,72619.760,4351151151.09791,0
2021-04-12 00:00:00.000,60093.26,61449.91,59500.0,59911.18,196147.561,2021-04-12 23:59:59.999,11824507197.55324,2141177,95108.161,5734975155.22372,0
2021-04-13 00:00:00.000,59911.19,63850.0,59873.01,63649.71,279389.492,2021-04-13 23:59:59.999,17408986053.32569,2892252,140923.132,8780939219.37818,0
2021-04-14 00:00:00.000,63645.05,64986.11,61404.0,63019.1,323454.88,2021-04-14 23:59:59.999,20512671253.01205,3346550,156510.701,9929585946.74859,0
2021-04-15 00:00:00.000,63018.34,63905.83,62157.89,63232.55,178604.198,2021-04-15 23:59:59.999,11249310339.67892,2024715,87075.284,5485022345.59523,0
2021-04-16 00:00:00.000,63232.56,63600.0,60100.0,61424.67,255765.893,2021-04-16 23:59:59.999,15740427372.09463,2804338,121036.230,7449257284.08417,0
2021-04-17 00:00:00.000,61424.67,62610.0,59620.0,60090.14,194112.299,2021-04-17 23:59:59.999,11862499746.34749,2207548,93148.597,5693534487.52435,0
2021-04-18 00:00:00.000,60090.14,60450.0,50050.0,56140.05,522006.276,2021-04-18 23:59:59.999,29025717493.56943,6123918,252168.822,14018811988.55912,0
2021-04-19 00:00:00.000,56140.05,57532.7,54200.0,55634.39,285041.716,2021-04-19 23:59:59.999,15980367367.83548,3236025,143616.601,8051128791.40327,0
2021-04-20 00:00:00.000,55634.38,57060.0,53330.82,56410.56,324494.085,2021-04-20 23:59:59.999,17936263515.61460,3582497,162242.595,8971427492.43393,0
2021-04-21 00:00:00.000,56411.25,56756.78,53610.0,53800.0,252601.972,2021-04-21 23:59:59.999,13965417339.88797,2845696,123964.306,6854806169.00296,0
2021-04-22 00:00:00.000,53794.72,55470.51,50534.34,51714.61,453489.185,2021-04-22 23:59:59.999,24205456559.06127,4873286,221218.308,11813566887.35889,0
2021-04-23 00:00:00.000,51714.62,52152.0,47546.16,51122.62,554666.026,2021-04-23 23:59:59.999,27531602634.09058,6054609,274558.141,13629077944.53636,0
2021-04-24 00:00:00.000,51122.63,51183.51,48690.0,50092.4,299663.131,2021-04-24 23:59:59.999,14965045326.88724,3282516,149703.941,7477472717.86995,0
2021-04-25 00:00:00.000,50094.27,50577.9,46930.43,49063.94,310306.501,2021-04-25 23:59:59.999,15286993330.16040,3435937,153656.562,7571006217.21005,0
2021-04-26 00:00:00.000,49063.94,54364.89,48763.0,53984.33,390494.148,2021-04-26 23:59:59.999,20594394185.15647,4041188,197841.645,10431552962.91697,0
2021-04-27 00:00:00.000,53984.34,55500.0,53225.14,55006.25,225440.361,2021-04-27 23:59:59.999,12306057432.26168,2477387,112884.676,6162834063.94718,0
2021-04-28 00:00:00.000,55006.25,56574.13,53852.0,54861.77,263170.559,2021-04-28 23:59:59.999,14420430887.67137,2888503,131082.500,7183518215.47213,0
2021-04-29 00:00:00.000,54861.76,55222.02,52350.0,53558.8,257045.19,2021-04-29 23:59:59.999,13822718178.83627,2688481,127031.172,6833291872.42656,0
2021-04-30 00:00:00.000,53558.57,57935.0,53043.62,57684.16,294683.751,2021-04-30 23:59:59.999,16384605220.97516,3019948,149518.525,8315079818.67337,0
2021-05-01 00:00:00.000,57688.29,58488.17,57051.23,57836.34,207854.398,2021-05-01 23:59:59.999,12008585817.99517,2169172,101536.816,5866748058.07978,0
2021-05-02 00:00:00.000,57836.35,57959.97,56100.0,56630.33,203712.515,2021-05-02 23:59:59.999,11572672993.01727,2158896,99756.992,5667719491.57470,0
2021-05-03 00:00:00.000,56630.34,59056.59,56500.65,57214.83,271733.972,2021-05-03 23:59:59.999,15734811253.15819,2777144,132370.598,7666370909.60230,0
2021-05-04 00:00:00.000,57214.84,57253.76,53094.59,53263.32,388988.754,2021-05-04 23:59:59.999,21460954657.12040,4022066,186838.898,10309863586.10520,0
2021-05-05 00:00:00.000,53263.32,57940.0,52880.38,57497.77,317811.705,2021-05-05 23:59:59.999,17803582010.46668,3168133,157928.022,8849371121.13764,0
2021-05-06 00:00:00.000,57497.76,58450.0,55297.91,56435.35,275471.204,2021-05-06 23:59:59.999,15686629190.12539,2863753,132665.788,7557562897.49729,0
2021-05-07 00:00:00.000,56435.35,58800.0,55300.0,57350.88,256159.504,2021-05-07 23:59:59.999,14595837163.97394,2804212,126475.962,7207953072.36045,0
2021-05-08 00:00:00.000,57350.89,59590.96,56961.25,58924.98,264906.729,2021-05-08 23:59:59.999,15519326694.29709,2983532,131000.734,7675508227.49895,0
2021-05-09 00:00:00.000,58926.36,59335.19,56316.0,58292.53,245954.014,2021-05-09 23:59:59.999,14240035980.97883,2634641,119645.903,6927804257.57439,0
2021-05-10 00:00:00.000,58292.53,59654.0,53250.0,55869.67,396237.133,2021-05-10 23:59:59.999,22695249844.91265,4094344,189136.115,10844077454.67398,0
2021-05-11 00:00:00.000,55869.41,56908.66,54541.33,56710.43,267226.104,2021-05-11 23:59:59.999,14894271373.24978,2884389,132260.278,7373159319.90101,0
2021-05-12 00:00:00.000,56712.7,58049.99,48503.74,49595.76,472329.152,2021-05-12 23:59:59.999,25827757899.75109,4959229,226300.237,12397437399.69988,0
2021-05-13 00:00:00.000,49596.75,51358.0,45596.32,49707.9,652476.689,2021-05-13 23:59:59.999,32261339754.84351,7526904,322110.313,15935570082.47099,0
2021-05-14 00:00:00.000,49706.27,51533.0,48870.41,49873.27,319069.002,2021-05-14 23:59:59.999,16003223041.87315,3217006,157823.335,7916975492.34399,0
2021-05-15 00:00:00.000,49873.26,50709.43,46584.32,46793.41,442023.496,2021-05-15 23:59:59.999,21481317002.84265,4479965,217900.451,10593652751.25961,0
2021-05-16 00:00:00.000,46794.62,49829.39,43866.0,46429.28,604537.63,2021-05-16 23:59:59.999,28364127431.87493,6085883,299652.078,14063688008.36275,0
2021-05-17 00:00:00.000,46429.28,46655.0,42151.0,43566.18,809129.365,2021-05-17 23:59:59.999,35658317191.93991,8158638,401014.247,17674388203.07161,0
2021-05-18 00:00:00.000,43565.11,45846.61,42268.0,42882.53,590358.592,2021-05-18 23:59:59.999,25938880316.66994,5914414,292955.199,12878099303.52242,0
2021-05-19 00:00:00.000,42882.54,43615.93,28688.0,36689.14,1373851.849,2021-05-19 23:59:59.999,52959873009.79825,14748747,669982.224,25845935628.43135,0
2021-05-20 00:00:00.000,36689.14,42460.0,34882.0,40500.3,775185.113,2021-05-20 23:59:59.999,30672617975.08359,9532573,394043.218,15593739946.04254,0
2021-05-21 00:00:00.000,40500.0,42270.42,33400.0,37211.02,930671.747,2021-05-21 23:59:59.999,35509680104.40348,10769140,469515.149,17925522942.55180,0
2021-05-22 00:00:00.000,37210.01,38851.34,35201.11,37432.58,588166.784,2021-05-22 23:59:59.999,21993863634.95327,6992444,297486.129,11127660763.09632,0
2021-05-23 00:00:00.000,37436.0,38261.71,31096.7,34651.6,996815.017,2021-05-23 23:59:59.999,34118866979.40657,11641510,506715.498,17345904702.89521,0
2021-05-24 00:00:00.000,34656.53,39917.09,34366.0,38779.66,707903.071,2021-05-24 23:59:59.999,26315302276.99865,7477510,360446.724,13400814836.74986,0
2021-05-25 00:00:00.000,38783.58,39790.05,36439.32,38326.84,598836.411,2021-05-25 23:59:59.999,22712004628.95159,6334066,298979.695,11341036451.33269,0
2021-05-26 00:00:00.000,38326.84,40900.0,37804.76,39224.2,577032.81,2021-05-26 23:59:59.999,22649858073.55562,5587876,282381.294,11086961304.74953,0
2021-05-27 00:00:00.000,39224.21,40438.82,37133.22,38527.38,543338.566,2021-05-27 23:59:59.999,21083767719.11829,5251225,271687.677,10546081512.48640,0
2021-05-28 00:00:00.000,38527.38,38888.35,34689.57,35670.99,832363.425,2021-05-28 23:59:59.999,30299787311.85723,7510187,412404.682,15015237037.52811,0
2021-05-29 00:00:00.000,35670.99,37375.0,33650.0,34611.94,733902.825,2021-05-29 23:59:59.999,25787790806.91650,7000689,367446.003,12913333052.21280,0
2021-05-30 00:00:00.000,34611.95,36501.0,33356.0,35651.81,511834.746,2021-05-30 23:59:59.999,18116421636.30937,4973296,257610.913,9120678575.43941,0
2021-05-31 00:00:00.000,35651.8,37500.0,34150.0,37243.38,635082.121,2021-05-31 23:59:59.999,22929964892.05690,5580461,321542.813,11612743466.13245,0
2021-06-01 00:00:00.000,37244.36,37893.76,35500.0,36693.41,590822.54,2021-06-01 23:59:59.999,21609364827.08958,5297320,291774.994,10673866023.68145,0
2021-06-02 00:00:00.000,36694.37,38232.99,35905.0,37569.99,441719.806,2021-06-02 23:59:59.999,16479965808.26946,4080217,223993.314,8358143926.28754,0
2021-06-03 00:00:00.000,37570.0,39470.0,37150.15,39247.4,507429.005,2021-06-03 23:59:59.999,19590443294.67527,4505482,254932.483,9843247414.77212,0
2021-06-04 00:00:00.000,39247.4,39297.35,35552.51,36828.03,700625.866,2021-06-04 23:59:59.999,25922946606.60956,6025185,345357.923,12774740375.75271,0
2021-06-05 00:00:00.000,36828.03,37900.49,34800.0,35498.62,631028.448,2021-06-05 23:59:59.999,22946553087.06278,5611429,314764.238,11449282806.42592,0
2021-06-06 00:00:00.000,35497.93,36521.16,35201.86,35801.71,443601.064,2021-06-06 23:59:59.999,15937978040.90477,3944742,223278.007,8024370238.93679,0
2021-06-07 00:00:00.000,35801.71,36820.0,33200.0,33550.96,636735.873,2021-06-07 23:59:59.999,22666564580.47221,5458401,310818.010,11073658295.09303,0
2021-06-08 00:00:00.000,33550.97,34061.57,30969.0,33372.58,976693.026,2021-06-08 23:59:59.999,31912200461.05386,8000201,498099.819,16278416362.28090,0
2021-06-09 00:00:00.000,33372.58,37511.31,32390.0,37368.45,1031014.087,2021-06-09 23:59:59.999,36050659489.10996,8470399,537306.363,18796151375.77446,0
2021-06-10 00:00:00.000,37369.99,38489.0,35750.0,36669.66,803185.699,2021-06-10 23:59:59.999,29775084407.93657,6960056,404579.353,15001513325.93235,0
2021-06-11 00:00:00.000,36669.65,37679.54,35900.0,37300.42,586122.898,2021-06-11 23:59:59.999,21668792470.73891,5557717,295845.744,10939750582.11919,0
2021-06-12 00:00:00.000,37300.41,37432.95,34585.9,35537.05,623532.476,2021-06-12 23:59:59.999,22229082760.92563,5782385,309751.368,11043722494.43351,0
2021-06-13 00:00:00.000,35535.95,39374.18,34739.06,38993.65,647035.314,2021-06-13 23:59:59.999,23729185499.53586,6085040,337261.471,12374577556.53247,0
2021-06-14 00:00:00.000,38993.66,41000.0,38720.0,40489.1,704979.881,2021-06-14 23:59:59.999,28043323953.58158,6811137,355119.315,14128754783.28046,0
2021-06-15 00:00:00.000,40489.1,41413.0,39500.0,40132.86,632066.994,2021-06-15 23:59:59.999,25426404028.57427,5854306,314409.675,12650483167.50543,0
2021-06-16 00:00:00.000,40132.86,40495.0,38105.0,38344.97,673235.496,2021-06-16 23:59:59.999,26431149487.44754,6317711,331713.202,13025303413.01145,0
2021-06-17 00:00:00.000,38344.97,39565.0,37334.76,38060.71,603849.861,2021-06-17 23:59:59.999,23274089670.02650,5362882,295854.255,11406245614.85416,0
2021-06-18 00:00:00.000,38060.71,38198.0,35100.0,35811.41,790379.249,2021-06-18 23:59:59.999,29108720481.11914,6722621,384890.019,14175092156.81465,0
2021-06-19 00:00:00.000,35811.41,36471.8,34704.08,35483.0,642185.382,2021-06-19 23:59:59.999,22933053073.80613,5504522,325285.229,11619914713.00306,0
2021-06-20 00:00:00.000,35483.01,36155.0,33312.0,35588.64,829896.441,2021-06-20 23:59:59.999,28839255734.67477,6811270,414731.625,14413500146.30341,0
2021-06-21 00:00:00.000,35588.63,35746.28,31250.51,31606.0,1397330.662,2021-06-21 23:59:59.999,45999742162.57469,11529993,695656.128,22900777630.75992,0
2021-06-22 00:00:00.000,31606.0,33274.0,28780.01,32496.0,1531824.85,2021-06-22 23:59:59.999,48118035155.63216,12592839,777675.178,24441934051.07848,0
2021-06-23 00:00:00.000,32496.0,34867.77,31711.5,33649.0,960700.369,2021-06-23 23:59:59.999,32385728391.32214,8005763,485348.455,16366636856.60897,0
2021-06-24 00:00:00.000,33650.0,35406.74,32300.0,34644.64,774899.165,2021-06-24 23:59:59.999,26142284529.30551,6393985,394437.794,13312586655.91992,0
2021-06-25 00:00:00.000,34644.65,35500.0,31250.0,31568.07,1093051.375,2021-06-25 23:59:59.999,36220815800.34415,8575198,541149.203,17936513486.82303,0
2021-06-26 00:00:00.000,31569.18,32720.52,30120.0,32255.56,1091384.749,2021-06-26 23:59:59.999,34169368151.21496,8830795,557734.296,17466170545.43790,0
2021-06-27 00:00:00.000,32250.15,34762.0,31960.0,34687.71,897147.453,2021-06-27 23:59:59.999,29675701648.44259,7266511,454619.868,15045295595.19429,0
2021-06-28 00:00:00.000,34687.71,35279.38,33855.0,34487.22,706158.545,2021-06-28 23:59:59.999,24347802821.64672,6016466,355069.274,12246040828.13715,0
2021-06-29 00:00:00.000,34486.58,36623.0,34206.0,35911.26,806140.329,2021-06-29 23:59:59.999,28651151982.42255,6564763,409013.437,14537250410.02210,0
2021-06-30 00:00:00.000,35910.64,36089.96,34042.74,35031.39,719742.983,2021-06-30 23:59:59.999,25089717253.91246,5747819,356802.679,12438366589.28018,0
2021-07-01 00:00:00.000,35031.39,35044.98,32672.04,33489.96,758966.493,2021-07-01 23:59:59.999,25510026886.15879,5725261,375106.718,12606410327.93259,0
2021-07-02 00:00:00.000,33489.96,33960.0,32684.0,33760.94,664923.202,2021-07-02 23:59:59.999,22117194903.82862,5408686,340677.815,11334703899.01985,0
2021-07-03 00:00:00.000,33760.94,34948.16,33296.98,34652.94,510614.258,2021-07-03 23:59:59.999,17523073397.64332,3994573,260819.897,8950980444.32045,0
2021-07-04 00:00:00.000,34653.32,35955.55,34340.75,35280.16,451001.556,2021-07-04 23:59:59.999,15913944818.06252,3486378,226888.582,8006374310.35749,0
2021-07-05 00:00:00.000,35280.17,35281.55,33032.0,33672.72,736706.409,2021-07-05 23:59:59.999,25080538853.98890,5192876,360470.052,12271202611.23374,0
2021-07-06 00:00:00.000,33672.72,35120.0,33500.0,34206.01,644229.007,2021-07-06 23:59:59.999,22007603921.13660,5169120,322753.561,11027629244.34370,0
2021-07-07 00:00:00.000,34206.0,35089.56,33756.48,33845.64,456218.909,2021-07-07 23:59:59.999,15756590092.29847,4023843,227742.653,7867728707.26984,0
2021-07-08 00:00:00.000,33845.63,33910.0,32066.0,32852.04,650317.664,2021-07-08 23:59:59.999,21360817082.62111,5260499,323160.995,10615570597.99290,0
2021-07-09 00:00:00.000,32855.0,34100.0,32250.0,33805.01,485662.879,2021-07-09 23:59:59.999,16088319381.03029,4150223,250884.926,8312998964.20329,0
2021-07-10 00:00:00.000,33805.01,34248.58,33010.0,33497.98,410271.979,2021-07-10 23:59:59.999,13822726226.60229,3501607,204915.729,6906014551.50074,0
2021-07-11 00:00:00.000,33497.98,34629.62,33306.03,34253.81,343905.35,2021-07-11 23:59:59.999,11640701255.89198,3000523,176940.803,5990846866.86341,0
2021-07-12 00:00:00.000,34253.88,34662.73,32650.0,33070.87,502747.758,2021-07-12 23:59:59.999,16891641370.32395,4018132,245962.609,8265506238.32986,0
2021-07-13 00:00:00.000,33070.86,33336.0,32186.99,32709.09,466567.713,2021-07-13 23:59:59.999,15294563607.10545,3656943,234107.388,7675802680.57234,0
2021-07-14 00:00:00.000,32708.66,33176.47,31556.02,32803.01,521140.41,2021-07-14 23:59:59.999,16871855472.03737,4012431,262021.050,8485513802.58707,0
2021-07-15 00:00:00.000,32803.0,33170.0,31140.0,31866.43,539111.667,2021-07-15 23:59:59.999,17249306209.93983,4036910,263010.043,8416797835.08934,0
2021-07-16 00:00:00.000,31865.53,32245.0,31018.59,31382.95,516577.743,2021-07-16 23:59:59.999,16377889184.44778,3914018,262402.614,8320877289.58821,0
2021-07-17 00:00:00.000,31382.96,31945.0,31150.02,31496.65,422650.418,2021-07-17 23:59:59.999,13327067038.85016,3259417,215057.568,6782243444.37977,0
2021-07-18 00:00:00.000,31496.65,32435.93,31075.1,31767.0,412189.401,2021-07-18 23:59:59.999,13084053080.66186,3159782,206750.025,6564247416.45307,0
2021-07-19 00:00:00.000,31765.23,31890.0,30358.77,30823.62,486305.627,2021-07-19 23:59:59.999,15114690213.58257,3696993,239872.092,7457837382.74176,0
2021-07-20 00:00:00.000,30823.62,31050.0,29242.24,29775.9,602688.19,2021-07-20 23:59:59.999,17961608394.43468,4318098,300341.487,8950176484.83061,0
2021-07-21 00:00:00.000,29775.89,32883.9,29472.41,32120.0,787077.39,2021-07-21 23:59:59.999,24708991011.44716,5398212,408430.273,12814699908.94617,0
2021-07-22 00:00:00.000,32120.0,32583.48,31700.0,32268.11,397258.936,2021-07-22 23:59:59.999,12754500028.76495,3291672,200967.505,6453550589.50494,0
2021-07-23 00:00:00.000,32268.12,33650.0,31970.82,33634.46,404650.016,2021-07-23 23:59:59.999,13173247545.92480,3284595,209327.397,6819041424.33657,0
2021-07-24 00:00:00.000,33631.74,34471.0,33379.81,34230.0,376046.028,2021-07-24 23:59:59.999,12732082908.68063,3121090,190979.219,6467135429.17749,0
2021-07-25 00:00:00.000,34230.0,35400.0,33812.0,35370.66,404114.844,2021-07-25 23:59:59.999,13893942170.58207,3362822,207376.594,7134453269.45370,0
2021-07-26 00:00:00.000,35370.67,48168.6,35185.49,37218.09,1162332.857,2021-07-26 23:59:59.999,44475672628.66526,9156876,586176.914,22425600825.52282,0
2021-07-27 00:00:00.000,37218.09,39546.34,36384.31,39442.33,675104.157,2021-07-27 23:59:59.999,25492243891.00927,5881831,340143.342,12848462227.13766,0
2021-07-28 00:00:00.000,39448.06,40894.0,38753.0,40003.08,736196.234,2021-07-28 23:59:59.999,29337785847.17598,6959669,365704.726,14579463697.26577,0
2021-07-29 00:00:00.000,40003.08,40665.0,39203.83,40012.9,463917.872,2021-07-29 23:59:59.999,18494873369.93170,4559744,233268.288,9302179707.59268,0
2021-07-30 00:00:00.000,40012.89,42316.6,38320.0,42203.25,561474.309,2021-07-30 23:59:59.999,22382077430.50685,5291572,284487.227,11351258183.49808,0
2021-07-31 00:00:00.000,42202.6,42494.0,41030.19,41448.11,381521.899,2021-07-31 23:59:59.999,15885174209.01891,3846882,186824.054,7779977716.89137,0
2021-08-01 00:00:00.000,41448.1,42614.98,39350.4,39846.78,487529.044,2021-08-01 23:59:59.999,20123271133.84008,4662543,237744.158,9821130502.65732,0
2021-08-02 00:00:00.000,39846.78,40450.0,38658.0,39147.48,451872.128,2021-08-02 23:59:59.999,17868768676.14336,4318497,222510.659,8801433868.58386,0
2021-08-03 00:00:00.000,39147.47,39774.93,37600.0,38203.26,517219.517,2021-08-03 23:59:59.999,19870811472.42814,4801837,254829.126,9792216851.03109,0
2021-08-04 00:00:00.000,38201.33,39975.32,37500.0,39731.31,479560.473,2021-08-04 23:59:59.999,18566815767.50786,4413240,240426.769,9310224823.65381,0
2021-08-05 00:00:00.000,39731.31,41350.0,37291.0,40882.4,746249.712,2021-08-05 23:59:59.999,29293280083.50881,6512116,371863.380,14601667628.04093,0
2021-08-06 00:00:00.000,40882.39,43400.0,39849.82,42825.43,653451.154,2021-08-06 23:59:59.999,27084444322.36515,6108565,331004.461,13721544659.93005,0
2021-08-07 00:00:00.000,42825.43,44753.01,42395.2,44601.11,583750.891,2021-08-07 23:59:59.999,25434912724.49232,5973520,295584.445,12883268256.66359,0
2021-08-08 00:00:00.000,44601.11,45350.0,43265.0,43787.71,553684.698,2021-08-08 23:59:59.999,24546996022.15984,5639557,276106.656,12243631779.90590,0
2021-08-09 00:00:00.000,43787.71,46483.0,42785.0,46259.7,626220.503,2021-08-09 23:59:59.999,28215980001.72800,6262199,316796.461,14276727540.04512,0
2021-08-10 00:00:00.000,46259.7,46800.0,44670.05,45589.99,460478.861,2021-08-10 23:59:59.999,20993395642.65772,4679043,226898.781,10347321972.82084,0
2021-08-11 00:00:00.000,45589.99,46754.27,45354.0,45522.12,390660.571,2021-08-11 23:59:59.999,18016171890.37027,3948283,194652.975,8978680567.47740,0
2021-08-12 00:00:00.000,45522.13,46226.67,43800.0,44385.09,468276.056,2021-08-12 23:59:59.999,21002449071.36338,4731727,230524.439,10342004426.97416,0
2021-08-13 00:00:00.000,44385.09,47980.69,44208.88,47792.52,438025.46,2021-08-13 23:59:59.999,20268188738.82734,4397367,224999.550,10413063530.06627,0
2021-08-14 00:00:00.000,47792.52,48300.0,46000.0,47083.74,374368.796,2021-08-14 23:59:59.999,17592436753.37547,3874327,184208.521,8659821371.39510,0
2021-08-15 00:00:00.000,47083.75,47388.75,45480.0,47006.02,370950.807,2021-08-15 23:59:59.999,17184325858.98103,3856811,182320.165,8446265394.78410,0
2021-08-16 00:00:00.000,47006.02,48074.23,45682.03,45926.23,412537.605,2021-08-16 23:59:59.999,19341043030.76062,4045954,201112.169,9431523717.39454,0
2021-08-17 00:00:00.000,45926.23,47194.0,44412.01,44704.84,474316.4,2021-08-17 23:59:59.999,21777823959.04203,4617189,230091.679,10569169050.43010,0
2021-08-18 00:00:00.000,44704.85,46050.0,44227.32,44714.09,395836.158,2021-08-18 23:59:59.999,17865646754.68377,4068589,198145.782,8945317255.97245,0
2021-08-19 00:00:00.000,44714.09,47100.0,43938.38,46772.0,439402.162,2021-08-19 23:59:59.999,19883402232.55334,4289786,221338.968,10021661857.69602,0
2021-08-20 00:00:00.000,46772.0,49500.0,46650.0,49332.74,401499.081,2021-08-20 23:59:59.999,19242378733.46022,3984145,205499.228,9850869343.91272,0
2021-08-21 00:00:00.000,49332.99,49833.0,48250.0,48848.29,347594.451,2021-08-21 23:59:59.999,17049427213.44250,3387346,173433.357,8507712124.16355,0
2021-08-22 00:00:00.000,48846.11,49556.2,48075.81,49273.28,294672.223,2021-08-22 23:59:59.999,14395479952.62928,2925925,146268.093,7147255100.99184,0
2021-08-23 00:00:00.000,49273.28,50600.0,49075.01,49523.91,355733.496,2021-08-23 23:59:59.999,17745733776.00453,3345792,175956.297,8778713187.66257,0
2021-08-24 00:00:00.000,49523.23,49888.88,47600.0,47719.36,398682.002,2021-08-24 23:59:59.999,19450210328.35084,3585585,193775.029,9455239479.13845,0
2021-08-25 00:00:00.000,47719.37,49297.8,47130.57,48992.65,389100.384,2021-08-25 23:59:59.999,18737744219.73293,3410366,194689.116,9377561685.95746,0
2021-08-26 00:00:00.000,48992.65,49380.0,46280.0,46853.06,475183.123,2021-08-26 23:59:59.999,22473235582.72602,4109457,230104.076,10882546865.84612,0
2021-08-27 00:00:00.000,46854.22,49220.0,46359.97,49083.98,403667.012,2021-08-27 23:59:59.999,19245054649.63430,3627060,205164.652,9784560548.71865,0
2021-08-28 00:00:00.000,49082.13,49333.0,48395.65,48931.99,222793.024,2021-08-28 23:59:59.999,10891802522.97636,2305599,109948.674,5376041357.07675,0
2021-08-29 00:00:00.000,48931.99,49769.2,47741.31,48795.41,315105.499,2021-08-29 23:59:59.999,15338512478.06670,2921430,155344.998,7564561738.66223,0
2021-08-30 00:00:00.000,48795.42,48916.25,46876.49,47024.7,351830.754,2021-08-30 23:59:59.999,16883434689.08808,3200639,169917.924,8155152972.32927,0
2021-08-31 00:00:00.000,47024.69,48298.0,46731.03,47150.32,365548.209,2021-08-31 23:59:59.999,17331998427.24321,3297842,181913.890,8626841720.98086,0
2021-09-01 00:00:00.000,47150.32,49160.79,46550.99,48842.94,350108.374,2021-09-01 23:59:59.999,16740393336.66525,3281474,175891.948,8411757819.98881,0
2021-09-02 00:00:00.000,48842.93,50420.0,48631.2,49299.14,361863.055,2021-09-02 23:59:59.999,17997935761.14562,3429775,179442.573,8925896891.22235,0
2021-09-03 00:00:00.000,49299.14,51111.0,48333.0,50027.08,430326.386,2021-09-03 23:59:59.999,21513177165.61612,3937764,215451.423,10774514331.29711,0
2021-09-04 00:00:00.000,50027.09,50582.08,49360.0,49940.74,274956.842,2021-09-04 23:59:59.999,13759937547.89140,2715890,136190.266,6816489865.12176,0
2021-09-05 00:00:00.000,49942.2,51950.0,49462.59,51799.57,288984.124,2021-09-05 23:59:59.999,14588935796.41607,2959186,148048.724,7476811101.85916,0
2021-09-06 00:00:00.000,51799.56,52830.0,51040.0,52683.97,297734.284,2021-09-06 23:59:59.999,15423250787.26498,2960058,152032.163,7878007501.94202,0
2021-09-07 00:00:00.000,52683.98,52950.0,42088.0,46864.39,764140.139,2021-09-07 23:59:59.999,37281067593.00847,6793714,364036.276,17766872118.19381,0
2021-09-08 00:00:00.000,46864.38,47347.0,44431.0,46062.29,435803.011,2021-09-08 23:59:59.999,20085515480.72311,4352909,214784.769,9901190268.13891,0
2021-09-09 00:00:00.000,46060.02,47400.0,45500.0,46413.88,309015.75,2021-09-09 23:59:59.999,14346157049.46551,3136000,152282.069,7071663571.91131,0
2021-09-10 00:00:00.000,46413.88,47037.5,44120.0,44860.83,343533.069,2021-09-10 23:59:59.999,15708080883.28685,3380700,167338.043,7655525177.57464,0
2021-09-11 00:00:00.000,44860.83,45999.0,44737.4,45193.78,194144.115,2021-09-11 23:59:59.999,8807681962.10374,2214791,97883.696,4441300872.20317,0
2021-09-12 00:00:00.000,45194.19,46512.2,44746.51,46046.73,223534.63,2021-09-12 23:59:59.999,10201271595.70855,2321178,113248.808,5169330709.00293,0
2021-09-13 00:00:00.000,46048.02,46933.89,43323.93,44975.96,448942.068,2021-09-13 23:59:59.999,20131171676.01450,4145907,220554.171,9893624870.94141,0
2021-09-14 00:00:00.000,44975.96,47272.98,44692.9,47087.18,277925.721,2021-09-14 23:59:59.999,12831694974.04345,2897568,141470.816,6533364437.31527,0
2021-09-15 00:00:00.000,47087.18,48440.93,46675.0,48106.12,244226.37,2021-09-15 23:59:59.999,11624351579.75172,2516058,125186.650,5959025457.47176,0
2021-09-16 00:00:00.000,48106.13,48488.0,47038.21,47745.55,260044.727,2021-09-16 23:59:59.999,12433719043.28008,2620820,129615.057,6198461875.58339,0
2021-09-17 00:00:00.000,47745.55,48150.0,46750.0,47303.11,226193.34,2021-09-17 23:59:59.999,10742174762.67011,2357112,111793.653,5310355895.92158,0
2021-09-18 00:00:00.000,47303.11,48850.0,47044.32,48285.15,207900.413,2021-09-18 23:59:59.999,10031215317.91942,2155659,104344.769,5035054849.54531,0
2021-09-19 00:00:00.000,48284.61,48364.64,46840.0,47256.91,212631.933,2021-09-19 23:59:59.999,10122579342.97277,2174041,103064.050,4907156041.61025,0
2021-09-20 00:00:00.000,47256.92,47345.0,42467.86,43026.6,600764.629,2021-09-20 23:59:59.999,26601166549.81395,5157870,290520.904,12860508090.05220,0
2021-09-21 00:00:00.000,43026.61,43629.6,39503.58,40726.1,683242.002,2021-09-21 23:59:59.999,28674205460.24377,5802228,336573.263,14133698112.39341,0
2021-09-22 00:00:00.000,40727.83,43989.98,40551.49,43520.0,400849.752,2021-09-22 23:59:59.999,17055828172.61599,3884352,205402.776,8740895418.59424,0
2021-09-23 00:00:00.000,43520.0,44976.48,43056.0,44828.29,330253.525,2021-09-23 23:59:59.999,14552188970.80982,3230032,166949.881,7357628110.33826,0
2021-09-24 00:00:00.000,44828.29,45134.33,40650.0,42798.49,608595.52,2021-09-24 23:59:59.999,25937929795.87510,5382969,306893.320,13080834457.95401,0
2021-09-25 00:00:00.000,42798.49,42950.0,41630.26,42651.58,277084.795,2021-09-25 23:59:59.999,11773712808.98387,2664046,139117.235,5912069594.41739,0
2021-09-26 00:00:00.000,42646.84,43940.0,40725.01,43150.0,354393.916,2021-09-26 23:59:59.999,15063801544.28196,3234331,182613.319,7764041426.33353,0
2021-09-27 00:00:00.000,43150.01,44350.0,42059.13,42122.69,285311.606,2021-09-27 23:59:59.999,12386098075.29085,2858510,141202.027,6132508167.04597,0
2021-09-28 00:00:00.000,42122.69,42749.0,40854.0,41006.32,359745.538,2021-09-28 23:59:59.999,15049002596.37617,3336982,179946.127,7529633837.17685,0
2021-09-29 00:00:00.000,41002.96,42576.8,40708.73,41499.71,293307.589,2021-09-29 23:59:59.999,12246762409.51776,2890161,147987.157,6179983475.24985,0
2021-09-30 00:00:00.000,41499.7,44100.0,41387.78,43796.57,389185.646,2021-09-30 23:59:59.999,16818655330.04175,3595137,199661.066,8627989992.36717,0
2021-10-01 00:00:00.000,43799.49,48450.0,43260.01,48123.94,449491.768,2021-10-01 23:59:59.999,20816747005.41754,4182441,237198.964,10983522889.38438,0
2021-10-02 00:00:00.000,48123.93,48338.68,47410.0,47626.61,182565.988,2021-10-02 23:59:59.999,8730132627.52512,2094016,91641.538,4382722276.41995,0
2021-10-03 00:00:00.000,47626.62,49304.12,47071.26,48187.3,212410.375,2021-10-03 23:59:59.999,10220431021.74645,2555217,108484.936,5221311705.00741,0
2021-10-04 00:00:00.000,48187.99,49544.48,46885.29,49198.22,324424.837,2021-10-04 23:59:59.999,15638433546.81931,3491003,163699.666,7893607987.33083,0
2021-10-05 00:00:00.000,49199.78,51888.0,49009.21,51455.12,314043.813,2021-10-05 23:59:59.999,15777204363.85077,3327967,163037.976,8195154460.39123,0
2021-10-06 00:00:00.000,51460.22,56416.02,50410.0,55321.6,418731.748,2021-10-06 23:59:59.999,22242398945.29027,4406727,217635.741,11565636546.33099,0
2021-10-07 00:00:00.000,55327.45,55337.8,53374.34,53814.99,262974.545,2021-10-07 23:59:59.999,14289443599.27620,3228490,129986.407,7064371239.00069,0
2021-10-08 00:00:00.000,53814.99,56208.73,53647.3,53975.0,255210.035,2021-10-08 23:59:59.999,13956986828.05278,3022362,124309.101,6799056207.49623,0
2021-10-09 00:00:00.000,53974.99,55589.0,53656.66,54960.77,167495.393,2021-10-09 23:59:59.999,9179243466.66163,2142375,82817.693,4539518213.85989,0
2021-10-10 00:00:00.000,54960.79,56789.0,54101.0,54700.0,289072.818,2021-10-10 23:59:59.999,15966267341.69028,3209899,141914.606,7841470781.07590,0
2021-10-11 00:00:00.000,54700.0,57880.0,54458.0,57500.01,314868.05,2021-10-11 23:59:59.999,17849826167.23144,3488893,158591.466,8991066910.61986,0
2021-10-12 00:00:00.000,57500.01,57756.52,53750.0,56011.84,349147.775,2021-10-12 23:59:59.999,19709191747.56351,3760362,169177.726,9555231702.42022,0
2021-10-13 00:00:00.000,56011.83,57822.38,54271.24,57393.65,327714.318,2021-10-13 23:59:59.999,18304667791.64031,3544345,163755.891,9150172604.31200,0
2021-10-14 00:00:00.000,57393.65,58586.67,56800.0,57378.19,254719.751,2021-10-14 23:59:59.999,14692446487.46952,3039506,127191.107,7338107346.09419,0
2021-10-15 00:00:00.000,57377.12,63997.61,56900.0,61702.33,493366.513,2021-10-15 23:59:59.999,29726367096.88279,5189976,250096.360,15071113500.61863,0
2021-10-16 00:00:00.000,61702.33,62444.23,60220.0,60925.56,213251.899,2021-10-16 23:59:59.999,13067491173.45850,2733733,102926.854,6308309773.50951,0
2021-10-17 00:00:00.000,60925.56,61796.47,58850.0,61571.45,240132.514,2021-10-17 23:59:59.999,14569391373.15171,2991800,117033.301,7104061882.03830,0
2021-10-18 00:00:00.000,61571.45,62800.0,59897.61,62037.92,333278.481,2021-10-18 23:59:59.999,20556521574.84721,3859785,160428.138,9896142972.34015,0
2021-10-19 00:00:00.000,62037.92,64500.0,61300.0,64316.7,379243.718,2021-10-19 23:59:59.999,23836964137.71631,4058114,186440.595,11722199698.29009,0
2021-10-20 00:00:00.000,64314.75,67150.0,63518.81,66064.24,324737.868,2021-10-20 23:59:59.999,21256679160.97886,3807997,163461.369,10700895988.07604,0
2021-10-21 00:00:00.000,66064.25,66750.0,62000.0,62260.33,478610.458,2021-10-21 23:59:59.999,30800550148.00219,5154202,228594.054,14714788401.44987,0
2021-10-22 00:00:00.000,62260.33,63796.2,60011.9,60734.27,350359.527,2021-10-22 23:59:59.999,21694368337.15083,3806113,168894.903,10459587326.76214,0
2021-10-23 00:00:00.000,60734.28,61780.0,59622.0,61325.11,222553.478,2021-10-23 23:59:59.999,13592218440.15612,2490240,108858.031,6650429687.93421,0
2021-10-24 00:00:00.000,61325.09,61550.0,59504.46,60902.82,245816.821,2021-10-24 23:59:59.999,14885043274.31098,2594160,120985.809,7326564923.14887,0
2021-10-25 00:00:00.000,60902.82,63795.98,60701.0,63127.04,234201.1,2021-10-25 23:59:59.999,14692569106.66627,2616705,118071.630,7407571081.30492,0
2021-10-26 00:00:00.000,63129.25,63362.06,59838.05,60358.75,252256.924,2021-10-26 23:59:59.999,15638312967.08455,2733730,119855.116,7433679519.31845,0
2021-10-27 00:00:00.000,60358.74,61550.0,57865.0,58449.36,329112.396,2021-10-27 23:59:59.999,19537339454.97683,3358588,157815.018,9370675789.47701,0
2021-10-28 00:00:00.000,58449.36,62641.26,57550.0,60622.03,333323.116,2021-10-28 23:59:59.999,20097525760.43563,3473122,165070.318,9956674240.54491,0
2021-10-29 00:00:00.000,60622.02,63069.71,60222.0,62308.22,218355.773,2021-10-29 23:59:59.999,13443682100.82851,2463370,107416.947,6613779694.26910,0
2021-10-30 00:00:00.000,62308.21,62415.85,60631.23,61895.19,156041.523,2021-10-30 23:59:59.999,9612679322.81911,1843670,76104.489,4688899644.69936,0
2021-10-31 00:00:00.000,61895.19,62462.99,60008.0,61348.61,183599.524,2021-10-31 23:59:59.999,11207623543.66440,1990247,89771.335,5480349726.70364,0
2021-11-01 00:00:00.000,61347.14,62543.58,59400.0,60942.87,246158.361,2021-11-01 23:59:59.999,15074399515.22613,2574208,118207.150,7241237255.35586,0
2021-11-02 00:00:00.000,60942.87,64349.55,60659.58,63266.69,217592.062,2021-11-02 23:59:59.999,13660618219.95169,2578549,109358.299,6865885437.33123,0
2021-11-03 00:00:00.000,63266.69,63613.0,60300.0,62946.45,211190.183,2021-11-03 23:59:59.999,13219637045.22856,2546692,101629.502,6363283387.19096,0
2021-11-04 00:00:00.000,62946.45,63149.0,60703.0,61431.86,184677.079,2021-11-04 23:59:59.999,11399249536.47138,2147665,88063.233,5436038718.13772,0
2021-11-05 00:00:00.000,61433.9,62671.48,60762.0,61006.0,157569.637,2021-11-05 23:59:59.999,9697454173.43093,2048592,76782.035,4726186362.31993,0
2021-11-06 00:00:00.000,61006.0,61645.75,60100.0,61511.3,154919.118,2021-11-06 23:59:59.999,9432009426.66797,1861601,74901.484,4561628069.01644,0
2021-11-07 00:00:00.000,61511.3,63377.58,61368.26,63316.4,142878.208,2021-11-07 23:59:59.999,8884101795.93602,1799395,72436.712,4505154135.94304,0
2021-11-08 00:00:00.000,63316.4,67932.89,63308.7,67606.96,274932.146,2021-11-08 23:59:59.999,18088392666.76962,3272069,138123.266,9088964487.46092,0
2021-11-09 00:00:00.000,67606.96,68675.16,66300.0,67009.98,231843.834,2021-11-09 23:59:59.999,15654216547.79626,3087341,113027.881,7632872051.52297,0
2021-11-10 00:00:00.000,67010.65,69198.7,62400.51,64920.13,347835.573,2021-11-10 23:59:59.999,23147498978.96334,4348447,167504.328,11153704219.72579,0
2021-11-11 00:00:00.000,64920.13,65646.98,64147.12,64831.3,178279.275,2021-11-11 23:59:59.999,11575850111.67905,2510140,85507.216,5552676940.17532,0
2021-11-12 00:00:00.000,64831.2,65500.0,62313.0,64156.08,264576.325,2021-11-12 23:59:59.999,16915954847.28551,3146724,128278.242,8204338383.71814,0
2021-11-13 00:00:00.000,64156.08,65073.24,63430.01,64427.0,124466.493,2021-11-13 23:59:59.999,7984348166.02606,1585473,60958.991,3910386610.34791,0
2021-11-14 00:00:00.000,64426.99,65569.99,63640.0,65568.39,146424.701,2021-11-14 23:59:59.999,9450438558.31633,1786912,71887.542,4640017893.44743,0
2021-11-15 00:00:00.000,65568.38,66395.05,63351.58,63654.49,210026.602,2021-11-15 23:59:59.999,13656636971.01954,2387155,100563.649,6540622131.52179,0
2021-11-16 00:00:00.000,63654.49,63655.77,58397.14,60106.03,475025.706,2021-11-16 23:59:59.999,28862014876.13343,4669206,224511.744,13643618102.72353,0
2021-11-17 00:00:00.000,60106.03,60848.85,58336.68,60366.96,287388.873,2021-11-17 23:59:59.999,17181720172.69431,3416114,141373.327,8454514072.49209,0
2021-11-18 00:00:00.000,60366.97,60999.0,56505.48,56921.05,412021.672,2021-11-18 23:59:59.999,24129304002.96715,4629293,197043.864,11544350322.35408,0
2021-11-19 00:00:00.000,56921.04,58333.0,55604.0,58069.51,245356.121,2021-11-19 23:59:59.999,14001797579.95711,3004657,120093.418,6854083185.16372,0
2021-11-20 00:00:00.000,58069.52,59873.84,57372.0,59716.29,173697.342,2021-11-20 23:59:59.999,10188245162.44803,2257300,86276.801,5061792239.51011,0
2021-11-21 00:00:00.000,59716.28,60052.82,58518.88,58661.39,143887.271,2021-11-21 23:59:59.999,8509909811.76275,2034106,70920.127,4194883690.36431,0
2021-11-22 00:00:00.000,58648.87,59624.56,55600.0,56268.31,326184.881,2021-11-22 23:59:59.999,18717910073.27998,3832413,157891.639,9061871742.37365,0
2021-11-23 00:00:00.000,56268.31,57888.0,55250.0,57574.23,267790.325,2021-11-23 23:59:59.999,15216816647.77958,3319305,132836.803,7550762185.07776,0
2021-11-24 00:00:00.000,57574.24,57775.27,55900.0,57165.08,194683.757,2021-11-24 23:59:59.999,11043276126.50890,2459067,96162.017,5455012742.85175,0
2021-11-25 00:00:00.000,57165.09,59449.62,57029.0,58988.21,191912.653,2021-11-25 23:59:59.999,11190941838.07731,2413373,94976.186,5538480385.66315,0
2021-11-26 00:00:00.000,58988.36,59186.41,53500.0,53755.65,378650.919,2021-11-26 23:59:59.999,20945137179.71787,4127437,179444.109,9927176141.66771,0
2021-11-27 00:00:00.000,53755.66,55300.0,53640.69,54738.77,155119.117,2021-11-27 23:59:59.999,8478100940.12260,1975864,75350.439,4118537151.22613,0
2021-11-28 00:00:00.000,54738.77,57474.76,53245.0,57315.73,213600.615,2021-11-28 23:59:59.999,11739217936.70817,2393952,105577.874,5807266281.23110,0
2021-11-29 00:00:00.000,57315.72,58924.21,56715.0,57827.98,215111.466,2021-11-29 23:59:59.999,12407120858.33198,2447845,107231.421,6185979722.43663,0
2021-11-30 00:00:00.000,57827.97,59224.99,55900.0,56975.0,337624.148,2021-11-30 23:59:59.999,19388577718.16696,3850454,163076.665,9367882842.64570,0
2021-12-01 00:00:00.000,56978.06,59100.0,56500.0,57209.29,273959.104,2021-12-01 23:59:59.999,15768296334.55757,3149322,134469.846,7739580278.53539,0
2021-12-02 00:00:00.000,57209.28,57428.49,55800.0,56513.57,249985.255,2021-12-02 23:59:59.999,14156805566.29961,2673918,120880.601,6846143099.54111,0
2021-12-03 00:00:00.000,56513.56,57670.0,50604.0,53612.0,374132.016,2021-12-03 23:59:59.999,20620928587.23005,3755786,174865.975,9652327938.83760,0
2021-12-04 00:00:00.000,53611.86,53889.69,40888.89,49135.66,598774.989,2021-12-04 23:59:59.999,28876836071.52302,5884109,283256.182,13656398416.92694,0
2021-12-05 00:00:00.000,49135.66,49699.49,47755.0,49376.6,286434.382,2021-12-05 23:59:59.999,14016018237.14839,3163309,144632.547,7078863270.45965,0
2021-12-06 00:00:00.000,49373.83,50888.0,47000.0,50424.72,357711.029,2021-12-06 23:59:59.999,17416560141.64795,3868686,181750.447,8851924336.00435,0
2021-12-07 00:00:00.000,50424.72,51929.0,50012.0,50577.2,224670.618,2021-12-07 23:59:59.999,11455372238.68916,2571721,112692.075,5747025418.32783,0
2021-12-08 00:00:00.000,50577.2,51210.6,48533.33,50455.61,238229.884,2021-12-08 23:59:59.999,11927549317.95012,2569992,118448.493,5931994643.83371,0
2021-12-09 00:00:00.000,50459.61,50773.03,47312.89,47539.76,273086.086,2021-12-09 23:59:59.999,13331462595.94860,3003376,135275.030,6604812871.76073,0
2021-12-10 00:00:00.000,47539.34,50188.42,46828.23,47136.35,302974.429,2021-12-10 23:59:59.999,14624324088.15633,3440326,149973.846,7241734548.93565,0
2021-12-11 00:00:00.000,47132.31,49499.05,46724.35,49381.15,210959.992,2021-12-11 23:59:59.999,10208756470.20068,2548340,106748.623,5166291977.15889,0
2021-12-12 00:00:00.000,49379.51,50768.0,48616.16,50057.01,183434.285,2021-12-12 23:59:59.999,9106252724.30474,2352164,93049.562,4620556018.70059,0
2021-12-13 00:00:00.000,50057.02,50180.0,45600.0,46679.93,348551.322,2021-12-13 23:59:59.999,16649825351.91293,4064300,171595.893,8200400644.81935,0
2021-12-14 00:00:00.000,46679.93,48657.92,46255.6,48324.04,266213.627,2021-12-14 23:59:59.999,12568719899.92738,3361316,135879.102,6417175900.91752,0
2021-12-15 00:00:00.000,48324.0,49479.75,46518.73,48870.48,345239.891,2021-12-15 23:59:59.999,16608174001.39206,4121320,173212.468,8334284462.88775,0
2021-12-16 00:00:00.000,48870.48,49439.79,47500.0,47624.5,215874.187,2021-12-16 23:59:59.999,10475553466.87223,2699044,107345.166,5210025326.09925,0
2021-12-17 00:00:00.000,47629.1,47988.27,45373.11,46125.33,326458.135,2021-12-17 23:59:59.999,15254949355.93811,3900693,159111.359,7437957215.85854,0
2021-12-18 00:00:00.000,46125.33,47336.99,45438.43,46815.99,191006.415,2021-12-18 23:59:59.999,8888783519.25989,2717062,95918.104,4464301287.65608,0
2021-12-19 00:00:00.000,46815.99,48461.17,46399.37,46668.63,241698.541,2021-12-19 23:59:59.999,11424734107.71985,2869025,120156.154,5681140108.43914,0
2021-12-20 00:00:00.000,46668.65,47533.42,45530.67,46898.14,273804.259,2021-12-20 23:59:59.999,12694248816.63036,3385680,136115.389,6311962625.51175,0
2021-12-21 00:00:00.000,46896.82,49298.78,46650.0,48875.15,260008.358,2021-12-21 23:59:59.999,12591846630.47555,3368367,132298.470,6407147392.71888,0
2021-12-22 00:00:00.000,48875.88,49599.0,48420.02,48569.69,208463.689,2021-12-22 23:59:59.999,10204294033.10858,2632960,103012.088,5043152336.27347,0
2021-12-23 00:00:00.000,48569.69,51377.74,48020.0,50817.92,255885.48,2021-12-23 23:59:59.999,12639718706.13498,2830824,128696.325,6356989973.32774,0
2021-12-24 00:00:00.000,50817.94,51805.0,50379.25,50808.55,220208.725,2021-12-24 23:59:59.999,11239397651.05684,2359503,109811.663,5605710625.65142,0
2021-12-25 00:00:00.000,50809.37,51190.0,50105.0,50403.64,147662.438,2021-12-25 23:59:59.999,7493948259.92037,1640853,72934.601,3702189299.10163,0
2021-12-26 00:00:00.000,50403.64,51300.0,49350.0,50765.73,184800.616,2021-12-26 23:59:59.999,9267956168.27748,1947977,89518.393,4490933872.73911,0
2021-12-27 00:00:00.000,50765.73,52134.0,50450.0,50707.72,216225.263,2021-12-27 23:59:59.999,11061080417.43167,2265011,106262.002,5437046524.75261,0
2021-12-28 00:00:00.000,50707.72,50713.56,47290.0,47522.03,336083.34,2021-12-28 23:59:59.999,16407080716.16083,3423898,160404.199,7831850133.88932,0
2021-12-29 00:00:00.000,47522.02,48125.97,46000.0,46436.54,274795.378,2021-12-29 23:59:59.999,13014511681.30992,2740566,134721.808,6382437890.11360,0
2021-12-30 00:00:00.000,46436.53,47911.68,45880.0,47095.02,229931.288,2021-12-30 23:59:59.999,10818483277.72078,2203374,115635.442,5441754134.38133,0
2021-12-31 00:00:00.000,47095.02,48575.0,45650.0,46210.56,287186.003,2021-12-31 23:59:59.999,13567843473.42067,2742753,143410.360,6776924725.33501,0
2022-01-01 00:00:00.000,46210.57,47943.77,46210.55,47704.35,179433.584,2022-01-01 23:59:59.999,8461832661.65729,1823098,89986.219,4244107640.95769,0
2022-01-02 00:00:00.000,47704.35,48000.0,46605.68,47280.0,184795.093,2022-01-02 23:59:59.999,8730148323.60790,1845244,91981.313,4345497571.92470,0
2022-01-03 00:00:00.000,47280.01,47575.22,45665.4,46445.81,244781.793,2022-01-03 23:59:59.999,11434725784.02273,2367718,119053.258,5562586943.21086,0
2022-01-04 00:00:00.000,46445.8,47524.36,45445.57,45833.42,292149.75,2022-01-04 23:59:59.999,13573606756.16807,2763606,143286.209,6658055531.96410,0
2022-01-05 00:00:00.000,45833.41,47075.29,42270.0,43421.69,485477.569,2022-01-05 23:59:59.999,21959888820.89765,4438181,232575.543,10530136221.52532,0
2022-01-06 00:00:00.000,43421.7,43766.0,42385.83,43080.01,299509.851,2022-01-06 23:59:59.999,12890924257.87606,2967072,148906.155,6409866996.18912,0
2022-01-07 00:00:00.000,43080.01,43135.0,40456.56,41553.86,473214.849,2022-01-07 23:59:59.999,19783906992.59905,4387523,233270.710,9755157295.13677,0
2022-01-08 00:00:00.000,41553.87,42335.0,40500.0,41688.05,283737.224,2022-01-08 23:59:59.999,11779922567.40380,2952768,143063.594,5941237582.43974,0
2022-01-09 00:00:00.000,41688.05,42773.85,41170.0,41851.22,223134.952,2022-01-09 23:59:59.999,9347759287.48888,2349047,112664.922,4720862306.99739,0
2022-01-10 00:00:00.000,41851.22,42219.84,39610.0,41801.55,453644.116,2022-01-10 23:59:59.999,18676770270.33546,4253158,225243.622,9278756804.74256,0
2022-01-11 00:00:00.000,41801.55,43118.0,41255.0,42700.68,323760.691,2022-01-11 23:59:59.999,13657150777.60344,3210875,163255.397,6888351821.67830,0
2022-01-12 00:00:00.000,42700.69,44300.0,42415.0,43880.72,281339.294,2022-01-12 23:59:59.999,12189347664.02133,2653237,144555.452,6265026420.65346,0
2022-01-13 00:00:00.000,43880.72,44396.68,42301.16,42534.32,289289.18,2022-01-13 23:59:59.999,12536916955.57177,2842230,139605.730,6051428420.24045,0
2022-01-14 00:00:00.000,42538.72,43450.0,41666.0,43042.4,272517.077,2022-01-14 23:59:59.999,11620761638.67808,2711286,136435.116,5819888447.95418,0
2022-01-15 00:00:00.000,43042.4,43800.0,42530.64,43070.51,184649.157,2022-01-15 23:59:59.999,7962625061.63067,2162077,93161.362,4018431693.83108,0
2022-01-16 00:00:00.000,43070.51,43464.71,42531.69,43060.66,177450.475,2022-01-16 23:59:59.999,7638792723.43540,2004334,88227.295,3798720150.47739,0
2022-01-17 00:00:00.000,43060.66,43159.32,41523.68,42176.34,232748.345,2022-01-17 23:59:59.999,9870740739.62078,2576335,113249.870,4804102715.23005,0
2022-01-18 00:00:00.000,42176.34,42680.0,41260.0,42337.58,267472.465,2022-01-18 23:59:59.999,11189671439.34784,2605464,134653.499,5634574099.94608,0
2022-01-19 00:00:00.000,42337.58,42545.0,41115.64,41657.89,333952.095,2022-01-19 23:59:59.999,13989826398.11288,3093452,166540.108,6977645792.39580,0
2022-01-20 00:00:00.000,41656.9,43495.0,40550.0,40661.69,399818.052,2022-01-20 23:59:59.999,16867468374.30662,3649340,198970.276,8399082947.70126,0
2022-01-21 00:00:00.000,40662.06,41095.76,35380.92,36425.98,790320.909,2022-01-21 23:59:59.999,30302616543.91132,7112977,376964.650,14456023178.52374,0
2022-01-22 00:00:00.000,36426.46,36817.74,33950.0,35043.73,676272.904,2022-01-22 23:59:59.999,23906967843.02501,6139534,335231.726,11853619488.37564,0
2022-01-23 00:00:00.000,35043.73,36496.92,34588.8,36230.01,369372.903,2022-01-23 23:59:59.999,13097400243.75661,3421563,191345.791,6787213744.83486,0
2022-01-24 00:00:00.000,36230.0,37528.0,32853.83,36648.31,823000.702,2022-01-24 23:59:59.999,28523818659.37716,7379240,421032.595,14607063858.08697,0
2022-01-25 00:00:00.000,36648.3,37561.03,35693.0,36934.26,409535.517,2022-01-25 23:59:59.999,14967474932.81879,4251175,209227.784,7648737468.90603,0
2022-01-26 00:00:00.000,36934.26,38886.58,36232.42,36787.43,554457.384,2022-01-26 23:59:59.999,20858872853.19313,5467829,280710.342,10563037380.73863,0
2022-01-27 00:00:00.000,36787.42,37200.0,35471.53,37131.0,422006.922,2022-01-27 23:59:59.999,15328505621.72229,4341962,214001.652,7775003101.57465,0
2022-01-28 00:00:00.000,37131.0,38000.0,36149.02,37696.21,367509.143,2022-01-28 23:59:59.999,13594591900.12492,3780617,186916.622,6916297723.63023,0
2022-01-29 00:00:00.000,37696.22,38750.94,37252.0,38150.01,238657.764,2022-01-29 23:59:59.999,9034176250.23326,2643842,121845.333,4613941217.06507,0
2022-01-30 00:00:00.000,38150.0,38420.3,37334.83,37870.01,195029.125,2022-01-30 23:59:59.999,7393111440.65068,2182990,98182.720,3722724839.67337,0
2022-01-31 00:00:00.000,37870.0,38741.73,36620.0,38439.04,318440.392,2022-01-31 23:59:59.999,11976940218.20276,3180130,165301.213,6220095145.29994,0
2022-02-01 00:00:00.000,38439.04,39260.26,37969.0,38680.51,353354.121,2022-02-01 23:59:59.999,13632595784.29990,3602863,180866.324,6979819150.13159,0
2022-02-02 00:00:00.000,38680.51,38834.18,36529.81,36892.03,337570.934,2022-02-02 23:59:59.999,12748099870.64242,3238066,164072.198,6196721695.96285,0
2022-02-03 00:00:00.000,36892.05,37395.0,36204.3,37289.86,318656.228,2022-02-03 23:59:59.999,11697089175.17526,3020061,162221.171,5956154008.33303,0
2022-02-04 00:00:00.000,37287.33,41741.76,37011.0,41550.0,520105.77,2022-02-04 23:59:59.999,20278655698.32346,4876035,275803.541,10758798987.91476,0
2022-02-05 00:00:00.000,41550.0,41922.0,40920.0,41374.69,242184.07,2022-02-05 23:59:59.999,10047968021.94990,2728847,121299.575,5033451774.66454,0
2022-02-06 00:00:00.000,41374.68,42656.8,41100.0,42361.35,215323.95,2022-02-06 23:59:59.999,8973046762.87637,2197115,113028.370,4712592361.59851,0
2022-02-07 00:00:00.000,42361.34,44541.16,41609.76,43829.99,418053.774,2022-02-07 23:59:59.999,18066735189.21210,4078430,216232.398,9347732308.55036,0
2022-02-08 00:00:00.000,43829.99,45600.0,42641.0,44021.57,468015.421,2022-02-08 23:59:59.999,20510408716.12763,4649391,238431.389,10454389415.56951,0
2022-02-09 00:00:00.000,44021.58,44826.0,43089.08,44358.08,300270.062,2022-02-09 23:59:59.999,13182555302.94626,3214990,150266.938,6598136177.95240,0
2022-02-10 00:00:00.000,44358.09,45847.5,43136.96,43471.29,563922.075,2022-02-10 23:59:59.999,25056911387.52332,5369837,283192.141,12587357588.63411,0
2022-02-11 00:00:00.000,43471.3,43900.0,41914.23,42366.0,414646.193,2022-02-11 23:59:59.999,17859967569.94220,4498402,205984.410,8873652827.96224,0
2022-02-12 00:00:00.000,42365.99,42980.0,41540.0,42199.87,256269.325,2022-02-12 23:59:59.999,10831014104.34159,2871604,128560.041,5435427212.76879,0
2022-02-13 00:00:00.000,42199.88,42755.97,41850.0,42041.13,192068.012,2022-02-13 23:59:59.999,8127109308.94153,2148957,96534.906,4085624252.36710,0
2022-02-14 00:00:00.000,42041.12,42888.0,41526.0,42525.14,303990.933,2022-02-14 23:59:59.999,12843945742.38583,3037236,155102.932,6554734287.03529,0
2022-02-15 00:00:00.000,42525.14,44777.0,42406.23,44529.6,276735.421,2022-02-15 23:59:59.999,12150999143.33453,2782170,141960.771,6232177010.23817,0
2022-02-16 00:00:00.000,44529.7,44536.8,43277.8,43860.7,255790.287,2022-02-16 23:59:59.999,11231548897.34829,2543753,123063.564,5404504528.22352,0
2022-02-17 00:00:00.000,43860.8,44150.0,40020.1,40491.7,433958.984,2022-02-17 23:59:59.999,18306714686.34452,4093325,205849.905,8686458829.57907,0
2022-02-18 00:00:00.000,40491.8,40944.1,39422.0,39966.8,377679.782,2022-02-18 23:59:59.999,15188089909.73473,3531150,189988.366,7642098216.36807,0
2022-02-19 00:00:00.000,39966.8,40438.7,39610.3,40052.6,185624.675,2022-02-19 23:59:59.999,7424908673.12969,1963483,94227.797,3769729264.41352,0
2022-02-20 00:00:00.000,40052.6,40100.1,37905.0,38368.1,329740.444,2022-02-20 23:59:59.999,12741245042.82211,2965260,162142.068,6263355154.13587,0
2022-02-21 00:00:00.000,38367.9,39510.0,36762.0,36986.4,646391.815,2022-02-21 23:59:59.999,24685541251.61848,5359508,323510.035,12357892937.19487,0
2022-02-22 00:00:00.000,36986.4,38450.0,36310.1,38212.0,465313.497,2022-02-22 23:59:59.999,17408326520.91108,4341079,239400.960,8961110656.69595,0
2022-02-23 00:00:00.000,38212.1,39250.0,36963.2,37227.8,408056.255,2022-02-23 23:59:59.999,15594144071.88880,3541556,203182.176,7767432889.70376,0
2022-02-24 00:00:00.000,37227.9,40376.1,34303.7,38315.1,919820.907,2022-02-24 23:59:59.999,33179251056.85041,8122647,476179.434,17190527389.77624,0
2022-02-25 00:00:00.000,38316.2,39750.0,37999.2,39205.4,416316.366,2022-02-25 23:59:59.999,16181393771.15972,4273206,214578.302,8342805836.53681,0
2022-02-26 00:00:00.000,39205.4,40441.1,38561.7,39099.3,251892.201,2022-02-26 23:59:59.999,9879223598.44196,2697306,126646.153,4968994506.10465,0
2022-02-27 00:00:00.000,39099.3,39868.6,36934.6,37672.0,423197.247,2022-02-27 23:59:59.999,16317550913.22295,4101060,208674.497,8051469599.96961,0
2022-02-28 00:00:00.000,37672.1,44341.0,37414.4,43155.0,615391.161,2022-02-28 23:59:59.999,24659800737.31436,5894312,325067.945,13040469950.07912,0
2022-03-01 00:00:00.000,43155.0,44935.0,42765.4,44394.1,448483.646,2022-03-01 23:59:59.999,19622069856.81384,4610393,224953.573,9845412243.94290,0
2022-03-02 00:00:00.000,44393.6,45350.0,43321.0,43885.7,407603.721,2022-03-02 23:59:59.999,17988671380.99431,4239890,201900.492,8912250169.65875,0
2022-03-03 00:00:00.000,43885.8,44080.0,41831.0,42449.5,365565.832,2022-03-03 23:59:59.999,15701873990.90735,3803308,178271.807,7658691829.64036,0
2022-03-04 00:00:00.000,42449.6,42525.3,38521.0,39127.7,469138.374,2022-03-04 23:59:59.999,19124060705.42543,4908804,224732.415,9164678047.45366,0
2022-03-05 00:00:00.000,39127.7,39580.0,38547.6,39375.1,198747.893,2022-03-05 23:59:59.999,7774650477.29027,2212218,99499.609,3893169344.91897,0
2022-03-06 00:00:00.000,39375.0,39690.0,38056.0,38401.1,311705.26,2022-03-06 23:59:59.999,12109833925.17119,3162831,155049.377,6024750486.35739,0
2022-03-07 00:00:00.000,38401.1,39550.0,37134.0,37963.8,490254.516,2022-03-07 23:59:59.999,18764725860.73588,4747049,245476.829,9399768499.87249,0
2022-03-08 00:00:00.000,37963.7,39340.5,37853.0,38709.9,421462.367,2022-03-08 23:59:59.999,16295438564.50412,4243987,211159.834,8166154990.01377,0
2022-03-09 00:00:00.000,38709.9,42647.5,38638.7,41937.5,462059.811,2022-03-09 23:59:59.999,19171096064.11704,4564168,239808.874,9942980211.15050,0
2022-03-10 00:00:00.000,41939.5,42034.3,38512.0,39407.2,520645.186,2022-03-10 23:59:59.999,20592964929.86937,5039014,253340.705,10017462324.28944,0
2022-03-11 00:00:00.000,39407.1,40242.0,38200.1,38713.0,467078.892,2022-03-11 23:59:59.999,18251508270.53395,4566236,232506.827,9089386517.83602,0
2022-03-12 00:00:00.000,38713.1,39578.4,38630.0,38792.6,172494.825,2022-03-12 23:59:59.999,6738409306.12123,1916408,84494.947,3301617500.43773,0
2022-03-13 00:00:00.000,38792.7,39300.0,37500.0,37743.7,236623.694,2022-03-13 23:59:59.999,9151745126.66911,2373595,113382.543,4387268932.96517,0
2022-03-14 00:00:00.000,37743.0,39989.0,37522.1,39653.8,360058.358,2022-03-14 23:59:59.999,13971397117.54385,3346589,186200.399,7227009176.29933,0
2022-03-15 00:00:00.000,39651.6,39901.8,38073.8,39271.0,345019.243,2022-03-15 23:59:59.999,13464944694.45397,3198153,173958.812,6790794646.38622,0
2022-03-16 00:00:00.000,39270.9,41804.0,38700.0,41105.8,650589.661,2022-03-16 23:59:59.999,26187353348.45998,6249052,330044.562,13289195220.51592,0
2022-03-17 00:00:00.000,41105.9,41498.4,40442.8,40898.1,243988.794,2022-03-17 23:59:59.999,9978203719.84016,2446187,119438.818,4885750148.36430,0
2022-03-18 00:00:00.000,40898.0,42322.8,40084.2,41751.5,299134.443,2022-03-18 23:59:59.999,12263436409.42434,2791205,152862.915,6269914962.13193,0
2022-03-19 00:00:00.000,41751.6,42446.6,41500.0,42188.2,186459.954,2022-03-19 23:59:59.999,7807076596.94564,1729803,92717.011,3882702294.89361,0
2022-03-20 00:00:00.000,42188.2,42269.3,40900.0,41261.0,235774.129,2022-03-20 23:59:59.999,9789547363.38173,2023810,115063.658,4777488314.86478,0
2022-03-21 00:00:00.000,41261.0,41544.4,40430.0,40982.0,308396.46,2022-03-21 23:59:59.999,12653661229.58600,2575120,153571.609,6301813626.97718,0
2022-03-22 00:00:00.000,40982.0,43517.7,40852.0,42349.8,374297.674,2022-03-22 23:59:59.999,15892694388.65686,3429191,190906.344,8106579947.45263,0
2022-03-23 00:00:00.000,42349.9,43051.0,41731.3,42867.9,282631.74,2022-03-23 23:59:59.999,11938814869.12358,2643858,140287.080,5927575915.69937,0
2022-03-24 00:00:00.000,42867.8,44200.0,42525.0,43973.4,331440.057,2022-03-24 23:59:59.999,14365660202.82174,3127793,169016.924,7328650630.23292,0
2022-03-25 00:00:00.000,43973.2,45142.0,43575.1,44290.6,348620.122,2022-03-25 23:59:59.999,15463641455.42722,3146493,179058.651,7944202064.30179,0
2022-03-26 00:00:00.000,44290.6,44785.0,44041.0,44489.2,140712.587,2022-03-26 23:59:59.999,6243407332.87603,1476070,70101.602,3110763312.39710,0
2022-03-27 00:00:00.000,44489.3,47047.0,44416.0,46820.8,269280.228,2022-03-27 23:59:59.999,12238392163.90325,2526390,142291.838,6471034012.54201,0
2022-03-28 00:00:00.000,46820.9,48200.0,46651.2,47121.9,317565.782,2022-03-28 23:59:59.999,15043239939.14575,3149233,158315.138,7501313546.37197,0
2022-03-29 00:00:00.000,47121.8,48100.0,46911.0,47418.5,259040.835,2022-03-29 23:59:59.999,12315667516.20554,2407067,128874.336,6128028301.90366,0
2022-03-30 00:00:00.000,47418.5,47688.6,46535.0,47053.2,235009.892,2022-03-30 23:59:59.999,11089386781.04892,2279014,114751.080,5415931115.11833,0
2022-03-31 00:00:00.000,47053.1,47619.4,45185.0,45506.0,299837.61,2022-03-31 23:59:59.999,13933431988.82722,2704524,144645.280,6724731548.36598,0
2022-04-01 00:00:00.000,45505.9,46700.0,44206.2,46266.2,360734.553,2022-04-01 23:59:59.999,16398107293.59809,3077896,176970.211,8048236087.32689,0
2022-04-02 00:00:00.000,46266.2,47236.8,45600.0,45794.6,226413.357,2022-04-02 23:59:59.999,10506397608.90616,2087086,110594.856,5133171820.23934,0
2022-04-03 00:00:00.000,45792.3,47448.0,45501.0,46392.4,212589.013,2022-04-03 23:59:59.999,9869048181.66671,2007773,105889.709,4916726417.68304,0
2022-04-04 00:00:00.000,46392.3,46895.5,45094.0,46580.9,272796.541,2022-04-04 23:59:59.999,12550005434.18833,2435925,134448.286,6187032094.31339,0
2022-04-05 00:00:00.000,46580.9,47188.0,45300.0,45477.4,257524.639,2022-04-05 23:59:59.999,11905271460.90981,2349083,124189.733,5743113246.44133,0
2022-04-06 00:00:00.000,45477.5,45494.2,43100.0,43159.7,384359.375,2022-04-06 23:59:59.999,17045609346.28906,3589835,185087.192,8210011668.95328,0
2022-04-07 00:00:00.000,43159.8,43888.0,42685.0,43417.1,229567.98,2022-04-07 23:59:59.999,9962663417.59556,2352054,114175.005,4955907367.11699,0
2022-04-08 00:00:00.000,43417.1,43968.1,42074.0,42229.2,310095.829,2022-04-08 23:59:59.999,13392061160.35177,3039074,151870.348,6562148813.84376,0
2022-04-09 00:00:00.000,42229.1,42796.7,42100.3,42727.7,119722.654,2022-04-09 23:59:59.999,5079062857.24372,1398153,60625.388,2572357922.51607,0
2022-04-10 00:00:00.000,42727.8,43399.4,41838.0,42140.4,181904.47,2022-04-10 23:59:59.999,7757900433.72425,1922058,90479.719,3860641604.37861,0
2022-04-11 00:00:00.000,42140.3,42399.9,39136.7,39505.6,439530.02,2022-04-11 23:59:59.999,17947558294.57257,4212901,210958.799,8617467658.24843,0
2022-04-12 00:00:00.000,39505.6,40700.0,39224.0,40060.7,349883.631,2022-04-12 23:59:59.999,13983036683.03152,3292065,176382.292,7050426723.83981,0
2022-04-13 00:00:00.000,40060.7,41580.0,39569.8,41129.8,324910.931,2022-04-13 23:59:59.999,13171291934.15500,3176539,164889.315,6686430663.74002,0
2022-04-14 00:00:00.000,41129.8,41474.8,39522.0,39915.9,261966.391,2022-04-14 23:59:59.999,10618983519.56311,2615945,126691.353,5137338771.65509,0
2022-04-15 00:00:00.000,39915.9,40888.0,39734.2,40529.5,194680.671,2022-04-15 23:59:59.999,7834169294.24891,1968852,100228.258,4034162822.39085,0
2022-04-16 00:00:00.000,40529.6,40700.0,39944.9,40361.0,127705.057,2022-04-16 23:59:59.999,5151896754.87278,1336108,62852.122,2535949864.09599,0
2022-04-17 00:00:00.000,40360.9,40574.1,39510.0,39649.1,170331.824,2022-04-17 23:59:59.999,6844928574.60225,1664402,83177.705,3343878636.45648,0
2022-04-18 00:00:00.000,39649.1,41310.0,38465.7,40785.6,362435.319,2022-04-18 23:59:59.999,14385834912.73849,3387459,183521.703,7287869045.64219,0
2022-04-19 00:00:00.000,40785.7,41788.0,40543.7,41472.9,214404.271,2022-04-19 23:59:59.999,8812710770.66012,2272668,109958.378,4520223293.91714,0
2022-04-20 00:00:00.000,41472.9,42166.8,40800.0,41327.7,257382.427,2022-04-20 23:59:59.999,10680662830.57433,2731896,128505.899,5333510697.05479,0
2022-04-21 00:00:00.000,41326.0,42966.0,39630.0,40449.8,393149.956,2022-04-21 23:59:59.999,16394716249.55895,4300495,195482.007,8159331733.00812,0
2022-04-22 00:00:00.000,40449.7,40786.1,39133.0,39674.2,314935.753,2022-04-22 23:59:59.999,12603399105.64393,3578572,153243.946,6133327111.82953,0
2022-04-23 00:00:00.000,39674.3,40000.0,39259.0,39415.1,125046.817,2022-04-23 23:59:59.999,4956239492.10910,1602703,60384.746,2393782171.43678,0
2022-04-24 00:00:00.000,39413.8,39930.6,38884.1,39433.4,180371.762,2022-04-24 23:59:59.999,7132438711.67396,1944480,89041.707,3521742624.82166,0
2022-04-25 00:00:00.000,39433.4,40650.0,38111.0,40411.0,448877.893,2022-04-25 23:59:59.999,17582505297.76194,4399875,225551.744,8839607170.15768,0
2022-04-26 00:00:00.000,40411.0,40800.0,37671.8,38093.7,453132.198,2022-04-26 23:59:59.999,17745663524.02774,4384061,219430.714,8598209300.37219,0
2022-04-27 00:00:00.000,38093.7,39470.0,37844.5,39209.0,385645.365,2022-04-27 23:59:59.999,14987444127.37106,3726498,194782.655,7571295409.04315,0
2022-04-28 00:00:00.000,39209.0,40376.6,38861.8,39732.5,413543.408,2022-04-28 23:59:59.999,16383567774.30766,3928985,212487.794,8420075655.20082,0
2022-04-29 00:00:00.000,39732.5,39924.8,38160.0,38572.2,308116.375,2022-04-29 23:59:59.999,12006054616.68173,3106694,149995.703,5846323258.32934,0
2022-04-30 00:00:00.000,38572.2,38782.6,37550.0,37614.5,181810.382,2022-04-30 23:59:59.999,6968090176.28220,2037497,87311.284,3347792961.76304,0
2022-05-01 00:00:00.000,37614.4,38680.6,37350.0,38440.5,236549.462,2022-05-01 23:59:59.999,9004710658.66057,2621618,119490.583,4550054643.79293,0
2022-05-02 00:00:00.000,38440.2,39222.0,38032.2,38525.6,336845.365,2022-05-02 23:59:59.999,13024319963.60590,3521802,171326.168,6626641364.79161,0
2022-05-03 00:00:00.000,38525.5,38674.7,37500.1,37712.9,248986.222,2022-05-03 23:59:59.999,9498898382.60297,2698667,120399.802,4594729066.59885,0
2022-05-04 00:00:00.000,37713.0,40071.7,37655.2,39684.0,424498.818,2022-05-04 23:59:59.999,16546422734.76870,4133946,218910.753,8534144799.42717,0
2022-05-05 00:00:00.000,39684.1,39845.0,35388.0,36534.7,547209.0,2022-05-05 23:59:59.999,20498697692.95448,5070147,257378.598,9642295699.54402,0
2022-05-06 00:00:00.000,36533.7,36679.3,35200.0,35995.3,431979.24,2022-05-06 23:59:59.999,15553837185.83251,3998315,212472.085,7651498444.60366,0
2022-05-07 00:00:00.000,35995.2,36138.0,34700.0,35466.7,200264.833,2022-05-07 23:59:59.999,7130599918.44936,2212165,96358.495,3432790044.54833,0
2022-05-08 00:00:00.000,35466.7,35504.0,33665.0,34032.0,426872.584,2022-05-08 23:59:59.999,14710577345.50726,4516970,209322.877,7215539688.27410,0
2022-05-09 00:00:00.000,34032.1,34243.3,30003.6,30056.6,1078779.712,2022-05-09 23:59:59.999,34585085018.41368,9184779,529648.506,16980832689.96990,0
2022-05-10 00:00:00.000,30056.0,32650.0,29701.4,31002.1,863178.961,2022-05-10 23:59:59.999,27002792322.99196,8033585,441097.464,13801867509.93179,0
2022-05-11 00:00:00.000,31002.1,32197.6,27651.0,29074.7,1101875.972,2022-05-11 23:59:59.999,33432659604.67081,9995578,549801.472,16695936719.06452,0
2022-05-12 00:00:00.000,29077.9,30257.0,26631.0,29020.7,964475.589,2022-05-12 23:59:59.999,27412613954.58160,9545187,486953.990,13851651044.07687,0
2022-05-13 00:00:00.000,29020.8,31072.6,28730.4,29274.3,507620.105,2022-05-13 23:59:59.999,15321440645.11955,5507009,257439.299,7773218697.70025,0
2022-05-14 00:00:00.000,29274.2,30352.2,28602.3,30079.8,315756.895,2022-05-14 23:59:59.999,9273623685.28461,3756979,160185.624,4706531893.25130,0
2022-05-15 00:00:00.000,30079.5,31462.0,29448.0,31324.4,336773.139,2022-05-15 23:59:59.999,10189057495.68176,3738894,174011.077,5267576264.58959,0
2022-05-16 00:00:00.000,31324.3,31327.4,29052.3,29866.7,507243.166,2022-05-16 23:59:59.999,15148324200.34817,5014012,248355.687,7416907426.82871,0
2022-05-17 00:00:00.000,29866.4,30794.0,29420.0,30437.0,398624.519,2022-05-17 23:59:59.999,12050567026.40218,4083135,200330.709,6057559839.25479,0
2022-05-18 00:00:00.000,30437.0,30700.0,28629.6,28700.6,426700.457,2022-05-18 23:59:59.999,12571901286.27471,4172681,209079.876,6161402093.68154,0
2022-05-19 00:00:00.000,28700.6,30550.0,28670.5,30319.9,448856.724,2022-05-19 23:59:59.999,13313042275.77401,4384132,233083.144,6913941140.19686,0
2022-05-20 00:00:00.000,30319.9,30784.4,28702.0,29188.9,485439.171,2022-05-20 23:59:59.999,14409462581.90292,4396626,237120.291,7041826708.82670,0
2022-05-21 00:00:00.000,29188.9,29650.0,28927.0,29427.4,202804.089,2022-05-21 23:59:59.999,5951830742.03713,2179630,102525.196,3009605190.41796,0
2022-05-22 00:00:00.000,29427.4,30500.0,29223.6,30284.0,297116.44,2022-05-22 23:59:59.999,8892178256.39475,2699817,151877.775,4545607220.23846,0
2022-05-23 00:00:00.000,30284.0,30658.0,28840.7,29097.7,475720.75,2022-05-23 23:59:59.999,14259460842.85488,4234598,231479.991,6943549143.59054,0
2022-05-24 00:00:00.000,29097.8,29887.3,28637.6,29643.1,382124.449,2022-05-24 23:59:59.999,11175809569.67527,3486602,191207.298,5594071219.10610,0
2022-05-25 00:00:00.000,29643.0,30246.7,29330.0,29536.7,413459.484,2022-05-25 23:59:59.999,12302779677.74162,3644948,206173.418,6136151262.28871,0
2022-05-26 00:00:00.000,29536.7,29877.0,27952.1,29194.0,602137.086,2022-05-26 23:59:59.999,17570547237.68192,4998028,297696.370,8691503875.50555,0
2022-05-27 00:00:00.000,29194.0,29387.0,28259.6,28623.2,506638.884,2022-05-27 23:59:59.999,14627232915.19134,4601526,251293.452,7257750269.22500,0
2022-05-28 00:00:00.000,28623.3,29265.7,28520.0,29018.8,193644.283,2022-05-28 23:59:59.999,5593154078.34822,1892856,99244.558,2867055553.48944,0
2022-05-29 00:00:00.000,29018.8,29595.2,28825.0,29452.8,215139.934,2022-05-29 23:59:59.999,6278945105.68035,2143741,110733.028,3232327319.37081,0
2022-05-30 00:00:00.000,29452.6,32307.6,29301.1,31726.5,502712.176,2022-05-30 23:59:59.999,15459298501.15428,4335582,264493.669,8133349668.03916,0
2022-05-31 00:00:00.000,31726.5,32427.5,31222.0,31797.8,383688.265,2022-05-31 23:59:59.999,12177347048.90632,3584533,192655.591,6115572255.93436,0
2022-06-01 00:00:00.000,31797.9,31986.1,29300.0,29796.9,556992.756,2022-06-01 23:59:59.999,17126731271.82858,4628699,266892.166,8208326299.59455,0
2022-06-02 00:00:00.000,29796.9,30750.0,29566.1,30437.1,370924.687,2022-06-02 23:59:59.999,11143387488.16196,3538451,190106.534,5712967445.23420,0
2022-06-03 00:00:00.000,30437.1,30693.2,29220.0,29682.8,357110.377,2022-06-03 23:59:59.999,10664927716.29938,3436609,175177.137,5231800424.62030,0
2022-06-04 00:00:00.000,29682.8,29988.0,29456.0,29848.4,187520.534,2022-06-04 23:59:59.999,5568229841.96672,2016136,95847.165,2846599938.10753,0
2022-06-05 00:00:00.000,29848.5,30250.0,29524.0,29909.9,205385.831,2022-06-05 23:59:59.999,6129273442.52063,2136355,104178.600,3109491455.00742,0
2022-06-06 00:00:00.000,29910.0,31780.0,29876.2,31361.2,436522.874,2022-06-06 23:59:59.999,13627289855.03024,4199213,228713.513,7138430241.73666,0
2022-06-07 00:00:00.000,31361.2,31599.0,29190.0,31118.1,691714.985,2022-06-07 23:59:59.999,20938600076.18326,5975164,344850.185,10445850232.83736,0
2022-06-08 00:00:00.000,31118.0,31325.0,29825.0,30192.5,455686.637,2022-06-08 23:59:59.999,13872254798.76627,4067735,227938.703,6940024261.68324,0
2022-06-09 00:00:00.000,30192.6,30691.9,29914.5,30093.3,307312.175,2022-06-09 23:59:59.999,9291136221.99843,2788244,152020.496,4597088158.94522,0
2022-06-10 00:00:00.000,30093.4,30374.1,28805.0,29077.7,445928.659,2022-06-10 23:59:59.999,13179453292.83278,3965215,217605.374,6434251048.58982,0
2022-06-11 00:00:00.000,29077.7,29427.9,28080.0,28416.7,391367.814,2022-06-11 23:59:59.999,11234144827.43019,3598306,190254.013,5462478827.79632,0
2022-06-12 00:00:00.000,28416.6,28530.3,26538.7,26564.7,560834.131,2022-06-12 23:59:59.999,15462378090.80452,5008490,275522.077,7598747056.08886,0
2022-06-13 00:00:00.000,26564.7,26877.0,21900.0,22471.5,1622521.56,2022-06-13 23:59:59.999,39289035377.13508,12474566,808922.576,19587101537.36540,0
2022-06-14 00:00:00.000,22471.4,23424.2,20823.0,22122.7,1247609.796,2022-06-14 23:59:59.999,27599590726.80712,10260084,636517.595,14086090287.98455,0
2022-06-15 00:00:00.000,22122.7,22800.0,20100.2,22567.5,1509301.169,2022-06-15 23:59:59.999,32006546659.58170,11845837,766093.474,16252404428.73667,0
2022-06-16 00:00:00.000,22567.5,23000.0,20222.0,20387.4,882634.22,2022-06-16 23:59:59.999,18813838459.83841,7395505,438845.740,9358819428.41525,0
2022-06-17 00:00:00.000,20387.4,21388.0,20228.0,20457.3,776153.257,2022-06-17 23:59:59.999,16088733040.23459,6079947,390751.817,8102212528.45203,0
2022-06-18 00:00:00.000,20457.3,20768.4,17593.2,18959.7,1268591.388,2022-06-18 23:59:59.999,24038549203.46261,9583930,627736.520,11892010865.20583,0
2022-06-19 00:00:00.000,18959.7,20821.0,17935.9,20564.2,1089275.674,2022-06-19 23:59:59.999,21080192131.22859,8877056,567256.465,10983667422.86200,0
2022-06-20 00:00:00.000,20564.3,21099.9,19630.0,20570.1,935816.13,2022-06-20 23:59:59.999,19052030813.46172,7771043,477009.714,9713039776.67864,0
2022-06-21 00:00:00.000,20570.0,21740.0,20337.8,20713.1,787173.936,2022-06-21 23:59:59.999,16577758368.34692,6702766,401063.387,8448891011.58595,0
2022-06-22 00:00:00.000,20713.1,20888.0,19745.7,19977.4,812184.193,2022-06-22 23:59:59.999,16485504375.38122,6720501,405419.654,8231715496.98479,0
2022-06-23 00:00:00.000,19977.5,21250.0,19874.0,21096.6,698753.04,2022-06-23 23:59:59.999,14372398242.68264,5727746,363287.369,7474903888.02636,0
2022-06-24 00:00:00.000,21096.6,21563.5,20732.5,21231.2,645450.778,2022-06-24 23:59:59.999,13621335706.92468,5442506,325953.212,6880090140.80511,0
2022-06-25 00:00:00.000,21231.2,21627.6,20894.0,21481.9,434117.447,2022-06-25 23:59:59.999,9228742005.28791,3865063,221738.793,4715085379.63822,0
2022-06-26 00:00:00.000,21481.9,21888.0,20952.0,21029.1,442787.736,2022-06-26 23:59:59.999,9467563440.88587,3675374,219846.381,4702514595.56624,0
2022-06-27 00:00:00.000,21029.1,21560.0,20500.0,20730.0,539335.009,2022-06-27 23:59:59.999,11319059806.09479,4297480,268184.568,5630365765.24998,0
2022-06-28 00:00:00.000,20730.0,21198.0,20188.0,20268.6,582916.108,2022-06-28 23:59:59.999,12074564681.68627,4540284,289152.792,5992326388.83073,0
2022-06-29 00:00:00.000,20268.7,20430.0,19817.2,20109.9,608905.99,2022-06-29 23:59:59.999,12250941435.49509,4327664,303678.065,6110582431.77157,0
2022-06-30 00:00:00.000,20109.9,20165.0,18563.0,19923.5,859981.415,2022-06-30 23:59:59.999,16548226768.84932,5502182,428761.393,8250602211.03182,0
2022-07-01 00:00:00.000,19923.3,20926.4,18948.8,19272.0,915399.363,2022-07-01 23:59:59.999,17973277787.04804,6152298,457870.747,8992956700.07802,0
2022-07-02 00:00:00.000,19272.0,19456.0,18959.0,19240.9,382851.525,2022-07-02 23:59:59.999,7361597905.72379,2976646,193273.081,3716917943.26660,0
2022-07-03 00:00:00.000,19241.0,19645.4,18780.1,19305.9,449508.331,2022-07-03 23:59:59.999,8622450486.10630,3298282,228761.251,4389214837.80957,0
2022-07-04 00:00:00.000,19306.0,20350.0,19046.3,20226.6,633310.187,2022-07-04 23:59:59.999,12445691915.01023,4682514,329571.738,6479246965.72408,0
2022-07-05 00:00:00.000,20226.3,20749.2,19291.6,20170.0,854238.867,2022-07-05 23:59:59.999,17057063374.95285,6376734,433546.901,8659958016.15215,0
2022-07-06 00:00:00.000,20170.1,20667.6,19753.0,20554.1,682076.458,2022-07-06 23:59:59.999,13764942073.24180,5228369,350174.613,7068962780.45838,0
2022-07-07 00:00:00.000,20554.2,21830.0,20244.9,21613.4,699841.616,2022-07-07 23:59:59.999,14673528816.01675,5246264,365938.179,7675710992.49503,0
2022-07-08 00:00:00.000,21614.5,22579.9,21175.2,21587.9,848144.495,2022-07-08 23:59:59.999,18441993286.35933,6407442,430769.022,9370219065.80679,0
2022-07-09 00:00:00.000,21587.8,22000.0,21309.6,21580.0,393372.366,2022-07-09 23:59:59.999,8503827622.59832,3425448,197426.333,4268843706.04637,0
2022-07-10 00:00:00.000,21580.0,21594.2,20600.0,20853.8,468176.539,2022-07-10 23:59:59.999,9870330890.15699,3946140,225863.473,4762691068.32378,0
2022-07-11 00:00:00.000,20853.8,20853.9,19870.0,19954.3,561245.987,2022-07-11 23:59:59.999,11469156941.09009,4722282,277127.043,5664894593.32809,0
2022-07-12 00:00:00.000,19954.3,20048.9,19228.3,19322.9,640560.723,2022-07-12 23:59:59.999,12632186362.87899,5243512,318941.145,6291289463.49740,0
2022-07-13 00:00:00.000,19322.9,20401.6,18901.0,20220.1,975938.165,2022-07-13 23:59:59.999,19099701219.32481,6940192,502395.361,9836048774.08444,0
2022-07-14 00:00:00.000,20220.1,20900.0,19600.0,20578.6,765989.53,2022-07-14 23:59:59.999,15457229421.45097,6321440,394919.459,7972657572.17557,0
2022-07-15 00:00:00.000,20578.6,21200.0,20364.3,20823.1,626763.692,2022-07-15 23:59:59.999,13043523984.48886,5299398,321760.576,6698195613.75099,0
2022-07-16 00:00:00.000,20823.1,21580.0,20471.0,21183.5,539206.87,2022-07-16 23:59:59.999,11321826058.55016,4376025,274309.123,5762096976.22678,0
2022-07-17 00:00:00.000,21183.6,21674.1,20742.0,20794.4,485537.728,2022-07-17 23:59:59.999,10308826275.78109,4320211,241994.482,5139611016.91506,0
2022-07-18 00:00:00.000,20794.4,22800.0,20764.4,22423.9,982867.734,2022-07-18 23:59:59.999,21581852762.64478,7506531,502237.731,11029703030.23339,0
2022-07-19 00:00:00.000,22423.5,23817.9,21575.0,23385.9,1124029.082,2022-07-19 23:59:59.999,25470793400.12995,8573585,573618.441,13010727087.58880,0
2022-07-20 00:00:00.000,23385.9,24277.0,22912.4,23221.5,946647.815,2022-07-20 23:59:59.999,22329424219.08293,7875414,478526.288,11292381194.49016,0
2022-07-21 00:00:00.000,23221.5,23441.1,22340.2,23144.5,723543.466,2022-07-21 23:59:59.999,16553246183.50506,6390688,361069.429,8262213487.24296,0
2022-07-22 00:00:00.000,23144.5,23750.0,22500.0,22675.1,633907.934,2022-07-22 23:59:59.999,14697003018.10593,5619564,314534.426,7295453013.56864,0
2022-07-23 00:00:00.000,22675.0,22990.0,21933.5,22440.2,505887.673,2022-07-23 23:59:59.999,11353416591.58139,4466638,251796.476,5652210925.56101,0
2022-07-24 00:00:00.000,22440.1,22999.0,22256.4,22570.6,462958.953,2022-07-24 23:59:59.999,10486872827.38728,4140624,235244.650,5329663607.14576,0
2022-07-25 00:00:00.000,22570.6,22656.8,21232.0,21300.0,695770.655,2022-07-25 23:59:59.999,15241930778.39496,5988694,339528.753,7440826220.76552,0
2022-07-26 00:00:00.000,21300.0,21334.4,20689.6,21241.0,552498.903,2022-07-26 23:59:59.999,11607460262.67674,4637727,278338.701,5848844122.42733,0
2022-07-27 00:00:00.000,21241.0,23100.0,21031.0,22941.1,753370.303,2022-07-27 23:59:59.999,16528529868.30713,5568859,392984.212,8626304357.91047,0
2022-07-28 00:00:00.000,22941.1,24194.6,22583.1,23836.2,756741.836,2022-07-28 23:59:59.999,17665500374.48079,6067958,389997.993,9105030295.73183,0
2022-07-29 00:00:00.000,23836.2,24500.0,23426.3,23771.1,642337.051,2022-07-29 23:59:59.999,15337312726.27532,5285059,321717.107,7683498505.70307,0
2022-07-30 00:00:00.000,23771.0,24700.0,23505.0,23629.9,493824.816,2022-07-30 23:59:59.999,11889274245.47064,4311161,248529.150,5985486981.64209,0
2022-07-31 00:00:00.000,23630.0,24187.3,23222.0,23290.1,385969.85,2022-07-31 23:59:59.999,9142633001.95407,3727790,191060.344,4526888395.89684,0
2022-08-01 00:00:00.000,23290.1,23497.0,22836.2,23257.6,498378.292,2022-08-01 23:59:59.999,11554380879.33471,4196160,248287.068,5756820273.98665,0
2022-08-02 00:00:00.000,23257.6,23448.7,22603.0,22975.1,625227.912,2022-08-02 23:59:59.999,14363033396.88062,5225422,314974.040,7237898749.15211,0
2022-08-03 00:00:00.000,22975.1,23650.0,22665.3,22801.5,569261.768,2022-08-03 23:59:59.999,13201647982.58276,4736297,285742.749,6630016173.39801,0
2022-08-04 00:00:00.000,22801.5,23211.3,22370.0,22608.9,548268.816,2022-08-04 23:59:59.999,12515146172.92225,4301796,266422.651,6082802050.82540,0
2022-08-05 00:00:00.000,22608.9,23450.0,22580.6,23298.1,593992.13,2022-08-05 23:59:59.999,13716626797.39787,4688940,303297.553,7004186732.84069,0
2022-08-06 00:00:00.000,23298.0,23341.8,22883.6,22943.3,227659.394,2022-08-06 23:59:59.999,5272174727.75062,2033387,112010.019,2594314504.53776,0
2022-08-07 00:00:00.000,22943.2,23400.0,22830.9,23167.8,271512.062,2022-08-07 23:59:59.999,6267656688.48691,2243169,138063.836,3187781792.34214,0
2022-08-08 00:00:00.000,23167.9,24243.0,23153.1,23804.4,565084.219,2022-08-08 23:59:59.999,13485945119.50385,4381367,290711.934,6937570126.91333,0
2022-08-09 00:00:00.000,23804.3,23913.4,22850.0,23140.2,498286.943,2022-08-09 23:59:59.999,11634879431.41769,4053437,234067.613,5465910484.85060,0
2022-08-10 00:00:00.000,23140.1,24235.2,22608.0,23940.9,760738.204,2022-08-10 23:59:59.999,17921041663.21249,5430716,386654.055,9112675459.95638,0
2022-08-11 00:00:00.000,23941.0,24972.0,23840.6,23917.2,760455.245,2022-08-11 23:59:59.999,18562187367.96329,5828288,380384.846,9287688737.49963,0
2022-08-12 00:00:00.000,23917.3,24438.8,23560.0,24387.5,477734.045,2022-08-12 23:59:59.999,11446334088.80810,3938014,238157.702,5707776512.08516,0
2022-08-13 00:00:00.000,24387.5,24879.0,24267.5,24429.0,431093.659,2022-08-13 23:59:59.999,10577167655.58233,3636684,218017.011,5350024107.63232,0
2022-08-14 00:00:00.000,24429.0,25065.0,24138.0,24294.1,437314.32,2022-08-14 23:59:59.999,10730828908.19903,3508473,216230.429,5308055649.87659,0
2022-08-15 00:00:00.000,24294.1,25200.0,23762.0,24085.2,739390.721,2022-08-15 23:59:59.999,17992336053.67933,4717341,363943.421,8862214342.61711,0
2022-08-16 00:00:00.000,24085.2,24234.0,23650.0,23843.0,460919.994,2022-08-16 23:59:59.999,11027935215.31227,3324655,225612.821,5398706947.75417,0
2022-08-17 00:00:00.000,23843.0,24437.0,23170.0,23333.1,640600.903,2022-08-17 23:59:59.999,15186136927.96825,4655088,314117.594,7449071015.65654,0
2022-08-18 00:00:00.000,23333.1,23595.0,23101.0,23185.1,347699.006,2022-08-18 23:59:59.999,8134736996.02001,3008405,173493.810,4059388361.29574,0
2022-08-19 00:00:00.000,23185.0,23200.0,20760.0,20824.9,906609.825,2022-08-19 23:59:59.999,19700159303.89833,6096867,434933.690,9445139888.70489,0
2022-08-20 00:00:00.000,20825.0,21368.9,20742.9,21127.8,490507.042,2022-08-20 23:59:59.999,10362322320.64405,3787390,248229.044,5244620327.69371,0
2022-08-21 00:00:00.000,21127.7,21804.6,21055.0,21505.6,424282.424,2022-08-21 23:59:59.999,9076418907.61454,3349745,216117.318,4624092343.94800,0
2022-08-22 00:00:00.000,21505.6,21550.0,20858.6,21387.0,588764.597,2022-08-22 23:59:59.999,12492356305.43505,4392197,296697.395,6296473364.49458,0
2022-08-23 00:00:00.000,21387.0,21667.2,20874.8,21518.2,609745.27,2022-08-23 23:59:59.999,13030512975.03382,4519094,311756.342,6664068390.19394,0
2022-08-24 00:00:00.000,21518.2,21925.6,21132.3,21354.9,502728.198,2022-08-24 23:59:59.999,10795887952.94642,3744140,255093.780,5479736293.86690,0
2022-08-25 00:00:00.000,21355.0,21810.9,21295.3,21548.3,415757.992,2022-08-25 23:59:59.999,8976368825.99900,3095016,211440.778,4565400059.52464,0
2022-08-26 00:00:00.000,21548.3,21867.6,20100.0,20228.7,896474.356,2022-08-26 23:59:59.999,18923645109.31387,5958792,433699.343,9161000066.25186,0
2022-08-27 00:00:00.000,20228.7,20367.7,19744.0,20023.9,469598.024,2022-08-27 23:59:59.999,9430185077.10662,3707229,232241.515,4664165020.00150,0
2022-08-28 00:00:00.000,20024.0,20155.0,19508.0,19547.5,386405.195,2022-08-28 23:59:59.999,7703477819.25788,3056487,191001.847,3809445606.11134,0
2022-08-29 00:00:00.000,19547.5,20440.0,19539.4,20275.5,598076.669,2022-08-29 23:59:59.999,11969489778.36106,4169607,311295.499,6230320867.11469,0
2022-08-30 00:00:00.000,20275.5,20574.0,19524.4,19803.1,767714.993,2022-08-30 23:59:59.999,15387324341.76510,4871684,382116.483,7660494114.50529,0
2022-08-31 00:00:00.000,19803.2,20496.0,19787.9,20041.5,711639.339,2022-08-31 23:59:59.999,14364997156.93659,4852465,364579.780,7360489411.80172,0
2022-09-01 00:00:00.000,20041.4,20198.3,19555.0,20122.5,691594.721,2022-09-01 23:59:59.999,13771147297.87754,4343667,341914.232,6809499797.99447,0
2022-09-02 00:00:00.000,20122.6,20434.3,19736.0,19941.0,669047.816,2022-09-02 23:59:59.999,13442087838.13621,3954198,336630.234,6765470953.16647,0
2022-09-03 00:00:00.000,19941.0,20050.0,19628.7,19820.7,285240.989,2022-09-03 23:59:59.999,5652779448.41072,2032791,138912.088,2753179000.32900,0
2022-09-04 00:00:00.000,19820.7,20022.4,19570.0,19992.7,396798.184,2022-09-04 23:59:59.999,7853749068.46890,2433253,199528.194,3950115120.22550,0
2022-09-05 00:00:00.000,19992.7,20046.7,19620.2,19784.9,446706.41,2022-09-05 23:59:59.999,8837636837.41192,2695518,219740.749,4348179310.22210,0
2022-09-06 00:00:00.000,19784.9,20174.7,18600.0,18781.5,945489.142,2022-09-06 23:59:59.999,18444352721.94751,5177737,450523.540,8796057332.05423,0
2022-09-07 00:00:00.000,18781.4,19455.0,18500.0,19287.0,595636.693,2022-09-07 23:59:59.999,11283513643.93365,3479725,303498.827,5751839244.93214,0
2022-09-08 00:00:00.000,19287.0,19450.0,19003.8,19309.3,537268.644,2022-09-08 23:59:59.999,10329897060.93890,3241570,272993.856,5249436479.92570,0
2022-09-09 00:00:00.000,19309.3,21666.0,19283.0,21352.0,992497.1,2022-09-09 23:59:59.999,20595406252.57019,5787957,528955.645,10970699434.80109,0
2022-09-10 00:00:00.000,21352.0,21825.0,21112.2,21639.5,491543.206,2022-09-10 23:59:59.999,10528881955.93716,3297829,252484.409,5409495112.42106,0
2022-09-11 00:00:00.000,21639.5,21883.4,21336.0,21820.3,420979.326,2022-09-11 23:59:59.999,9093590170.79370,2862590,212886.577,4599568487.79556,0
2022-09-12 00:00:00.000,21820.3,22474.0,21540.0,22386.0,818601.932,2022-09-12 23:59:59.999,18100462871.90017,5450349,420842.904,9307043800.99161,0
2022-09-13 00:00:00.000,22386.0,22850.0,19840.0,20162.5,1218769.927,2022-09-13 23:59:59.999,26055120562.05650,7515217,599588.316,12833567145.90944,0
2022-09-14 00:00:00.000,20162.6,20528.5,19600.0,20217.0,661802.597,2022-09-14 23:59:59.999,13338081191.69107,4375732,329481.944,6641753742.63175,0
2022-09-15 00:00:00.000,20217.0,20315.0,19453.0,19690.8,665862.067,2022-09-15 23:59:59.999,13275371720.98828,4397144,328684.391,6554276545.21465,0
2022-09-16 00:00:00.000,19690.8,19878.0,19300.0,19792.5,544608.804,2022-09-16 23:59:59.999,10699906720.22641,3356440,271043.980,5326076544.09165,0
2022-09-17 00:00:00.000,19792.4,20182.6,19739.4,20102.0,334678.558,2022-09-17 23:59:59.999,6678646550.85602,2252934,172033.441,3433449035.40582,0
2022-09-18 00:00:00.000,20102.0,20105.3,19325.8,19404.5,499916.474,2022-09-18 23:59:59.999,9879306624.60703,2840410,241263.602,4768913541.45870,0
2022-09-19 00:00:00.000,19404.5,19686.3,18215.0,19528.6,993776.352,2022-09-19 23:59:59.999,18855643585.82462,5806574,493706.408,9370889022.86226,0
2022-09-20 00:00:00.000,19528.6,19625.0,18690.1,18866.8,794623.932,2022-09-20 23:59:59.999,15185745305.04110,4564101,394662.254,7543721734.78889,0
2022-09-21 00:00:00.000,18866.7,20154.1,18084.3,18447.5,1168068.979,2022-09-21 23:59:59.999,22278202291.21906,7384253,586476.532,11192760454.95797,0
2022-09-22 00:00:00.000,18447.5,19504.8,18345.2,19392.5,852898.391,2022-09-22 23:59:59.999,16203598692.71296,5135005,436415.563,8292996335.17888,0
2022-09-23 00:00:00.000,19392.5,19492.0,18518.5,19280.7,838493.746,2022-09-23 23:59:59.999,15886090825.79674,4776176,419156.857,7942948597.53281,0
2022-09-24 00:00:00.000,19280.7,19304.5,18798.0,18911.0,377158.215,2022-09-24 23:59:59.999,7188116884.43088,2453806,187487.653,3573771842.20230,0
2022-09-25 00:00:00.000,18910.9,19196.0,18621.0,18799.7,410461.603,2022-09-25 23:59:59.999,7774394534.94385,2538628,202102.868,3829009598.46030,0
2022-09-26 00:00:00.000,18799.7,19311.5,18671.0,19216.3,777807.518,2022-09-26 23:59:59.999,14803230763.46802,4660592,396520.305,7548197856.49394,0
2022-09-27 00:00:00.000,19216.3,20375.0,18801.5,19070.1,1300566.158,2022-09-27 23:59:59.999,25574742142.98837,7464455,654545.023,12878705155.46234,0
2022-09-28 00:00:00.000,19070.1,19787.6,18460.0,19407.3,1141222.772,2022-09-28 23:59:59.999,21809407277.45230,6549142,575412.786,11002704914.10101,0
2022-09-29 00:00:00.000,19407.4,19648.8,18827.2,19582.5,991678.224,2022-09-29 23:59:59.999,19151664008.33730,5608316,498754.470,9634187683.44537,0
2022-09-30 00:00:00.000,19582.5,20172.7,19066.0,19411.7,1071462.934,2022-09-30 23:59:59.999,20985538466.48879,5922595,534904.355,10479387729.28653,0
2022-10-01 00:00:00.000,19411.6,19474.0,19140.0,19304.0,294457.009,2022-10-01 23:59:59.999,5685550297.42183,1939854,144185.532,2784246476.89740,0
2022-10-02 00:00:00.000,19304.0,19389.0,18896.0,19049.4,414970.451,2022-10-02 23:59:59.999,7957458596.47117,2498575,202621.190,3886043189.83180,0
2022-10-03 00:00:00.000,19049.3,19723.7,18950.8,19622.0,621816.329,2022-10-03 23:59:59.999,12026295294.53641,3795723,321432.703,6217228235.30711,0
2022-10-04 00:00:00.000,19621.9,20500.0,19480.1,20333.0,796678.762,2022-10-04 23:59:59.999,15931560832.40438,4715325,416652.855,8333408104.57493,0
2022-10-05 00:00:00.000,20332.9,20356.1,19707.0,20150.0,719577.149,2022-10-05 23:59:59.999,14444920350.12968,4213991,358823.385,7204033674.27286,0
2022-10-06 00:00:00.000,20149.9,20443.9,19843.3,19954.0,782034.669,2022-10-06 23:59:59.999,15747127411.81796,4650712,389002.932,7834334570.65109,0
2022-10-07 00:00:00.000,19954.0,20067.0,19304.4,19520.9,673407.102,2022-10-07 23:59:59.999,13256159671.11093,4051050,323986.884,6379195001.60470,0
2022-10-08 00:00:00.000,19520.9,19619.6,19200.0,19406.2,253257.201,2022-10-08 23:59:59.999,4925720956.06823,1749051,123754.239,2407418552.30900,0
2022-10-09 00:00:00.000,19406.3,19550.0,19310.0,19430.0,267178.795,2022-10-09 23:59:59.999,5194156496.34906,1739249,135041.100,2625493919.81136,0
2022-10-10 00:00:00.000,19430.0,19513.0,19000.0,19124.0,560920.904,2022-10-10 23:59:59.999,10812283652.88902,3300957,271613.126,5236399001.56860,0
2022-10-11 00:00:00.000,19124.1,19260.0,18850.0,19055.0,603358.324,2022-10-11 23:59:59.999,11498533040.99648,3341536,301534.208,5747189040.28710,0
2022-10-12 00:00:00.000,19055.0,19240.0,18924.3,19148.0,406770.288,2022-10-12 23:59:59.999,7770793558.69373,2465034,204842.683,3913553340.16073,0
2022-10-13 00:00:00.000,19148.1,19498.6,17917.8,19365.5,1104615.001,2022-10-13 23:59:59.999,20803755671.58129,5965822,548317.372,10332779983.60187,0
2022-10-14 00:00:00.000,19365.4,19947.9,19059.6,19164.6,861453.21,2022-10-14 23:59:59.999,16828184593.54722,4735908,429107.424,8385720727.06833,0
2022-10-15 00:00:00.000,19164.6,19218.8,18966.0,19060.4,241520.185,2022-10-15 23:59:59.999,4616795782.81949,1540108,118014.949,2256135138.12090,0
2022-10-16 00:00:00.000,19060.4,19415.9,19058.0,19251.9,267921.192,2022-10-16 23:59:59.999,5145257703.04760,1691004,134085.564,2575168424.29010,0
2022-10-17 00:00:00.000,19251.8,19666.0,19148.0,19540.6,502319.759,2022-10-17 23:59:59.999,9769309074.28858,2887591,259733.128,5051559982.45648,0
2022-10-18 00:00:00.000,19540.7,19706.4,19081.0,19320.9,634343.154,2022-10-18 23:59:59.999,12327590621.92813,3459125,310203.329,6029736437.47220,0
2022-10-19 00:00:00.000,19320.9,19349.8,19050.0,19116.7,404370.458,2022-10-19 23:59:59.999,7760139097.53990,2416553,196266.973,3767015670.08820,0
2022-10-20 00:00:00.000,19116.6,19350.0,18882.4,19034.7,537627.048,2022-10-20 23:59:59.999,10277064463.57478,2877859,261819.691,5005173988.24583,0
2022-10-21 00:00:00.000,19034.8,19240.0,18600.0,19150.9,581878.905,2022-10-21 23:59:59.999,11058978810.26926,2984842,289151.867,5497390082.03491,0
2022-10-22 00:00:00.000,19151.0,19250.0,19103.5,19195.1,174055.042,2022-10-22 23:59:59.999,3337193018.90100,1079976,88690.436,1700596744.98640,0
2022-10-23 00:00:00.000,19195.1,19690.0,19050.0,19560.7,358611.542,2022-10-23 23:59:59.999,6943907525.50088,1947148,188795.430,3656463717.11928,0
2022-10-24 00:00:00.000,19560.6,19593.3,19146.0,19318.1,476676.536,2022-10-24 23:59:59.999,9216319528.28483,2450024,232513.239,4495883147.47700,0
2022-10-25 00:00:00.000,19318.1,20415.0,19228.0,20068.3,777306.534,2022-10-25 23:59:59.999,15400549183.34802,4132715,403731.355,7999850052.08242,0
2022-10-26 00:00:00.000,20068.3,21030.0,20041.1,20758.3,841864.982,2022-10-26 23:59:59.999,17352691191.05276,4594814,425235.003,8765776252.23314,0
2022-10-27 00:00:00.000,20758.4,20863.7,20170.0,20285.5,614910.045,2022-10-27 23:59:59.999,12645404154.35179,3746823,296534.203,6100035333.43200,0
2022-10-28 00:00:00.000,20285.6,20740.0,19951.0,20582.8,595538.882,2022-10-28 23:59:59.999,12129765185.26634,3464429,297991.899,6071710763.19442,0
2022-10-29 00:00:00.000,20582.7,21088.0,20547.8,20796.7,482217.17,2022-10-29 23:59:59.999,10032159490.87770,2764585,240831.261,5011025623.65917,0
2022-10-30 00:00:00.000,20796.7,20925.2,20503.0,20615.6,295389.69,2022-10-30 23:59:59.999,6114966321.62948,1859492,145513.555,3013119568.54830,0
2022-10-31 00:00:00.000,20615.5,20838.7,20225.4,20482.0,478797.266,2022-10-31 23:59:59.999,9815305143.42379,2823774,235335.712,4825462674.58190,0
2022-11-01 00:00:00.000,20482.1,20687.0,20320.0,20472.1,314676.187,2022-11-01 23:59:59.999,6448795091.82572,1937679,156085.396,3199168629.38093,0
2022-11-02 00:00:00.000,20472.1,20796.0,20050.0,20140.1,651535.761,2022-11-02 23:59:59.999,13312093111.48019,3539726,324205.203,6625901142.71293,0
2022-11-03 00:00:00.000,20140.2,20400.0,20026.0,20199.7,372121.061,2022-11-03 23:59:59.999,7526916784.08875,2000313,185931.450,3761375643.75300,0
2022-11-04 00:00:00.000,20199.8,21297.0,20171.6,21137.6,824515.215,2022-11-04 23:59:59.999,17139316861.70927,4051389,421800.646,8768710759.88774,0
2022-11-05 00:00:00.000,21137.6,21473.7,21071.1,21289.9,303983.372,2022-11-05 23:59:59.999,6482077789.53821,1973421,153861.129,3280961716.88031,0
2022-11-06 00:00:00.000,21289.8,21355.8,20863.3,20900.0,277148.646,2022-11-06 23:59:59.999,5867597250.95476,1654568,132682.069,2809748144.40810,0
2022-11-07 00:00:00.000,20900.0,21062.6,20374.0,20578.6,554408.316,2022-11-07 23:59:59.999,11501587222.14423,3049391,268943.792,5580764313.77520,0
2022-11-08 00:00:00.000,20578.5,20685.0,16830.0,18534.0,2046476.313,2022-11-08 23:59:59.999,39317019209.93521,10670666,996475.056,19150744714.54398,0
2022-11-09 00:00:00.000,18533.9,18574.9,15462.6,15905.0,2065606.412,2022-11-09 23:59:59.999,35439309964.88870,12234814,994054.311,17061073283.65767,0
2022-11-10 00:00:00.000,15905.0,18230.0,15730.0,17588.0,1497093.602,2022-11-10 23:59:59.999,25510406114.43922,9507944,762434.255,12996605641.60776,0
2022-11-11 00:00:00.000,17588.0,17678.0,16343.0,17058.3,955344.602,2022-11-11 23:59:59.999,16277121145.55291,6729390,478490.175,8154856435.62334,0
2022-11-12 00:00:00.000,17058.4,17110.8,16623.8,16806.9,304455.717,2022-11-12 23:59:59.999,5128002410.89517,2462955,154268.458,2598752238.66803,0
2022-11-13 00:00:00.000,16806.9,16950.0,16210.3,16321.2,349742.836,2022-11-13 23:59:59.999,5801587266.16716,2521646,170553.271,2829566179.88424,0
2022-11-14 00:00:00.000,16321.3,17188.0,15805.5,16605.2,934392.484,2022-11-14 23:59:59.999,15414723480.12307,6045427,470329.645,7762122383.11117,0
2022-11-15 00:00:00.000,16605.3,17127.2,16516.7,16888.3,649349.458,2022-11-15 23:59:59.999,10938869739.93734,4117920,328279.885,5530694580.00536,0
2022-11-16 00:00:00.000,16888.3,17007.4,16358.0,16650.6,537241.645,2022-11-16 23:59:59.999,8944296635.42915,3478826,266222.725,4433336578.20557,0
2022-11-17 00:00:00.000,16650.7,16741.7,16403.3,16682.1,408989.285,2022-11-17 23:59:59.999,6784537154.32738,2605870,205691.358,3412432571.32574,0
2022-11-18 00:00:00.000,16682.1,16984.4,16541.1,16689.7,388612.842,2022-11-18 23:59:59.999,6506820289.13927,2336444,197146.935,3301435563.80423,0
2022-11-19 00:00:00.000,16689.7,16814.5,16543.8,16692.9,171822.915,2022-11-19 23:59:59.999,2861333541.49620,1141671,86114.175,1434045898.61490,0
2022-11-20 00:00:00.000,16693.0,16743.9,16167.1,16272.6,327599.214,2022-11-20 23:59:59.999,5406658335.48391,1896705,159651.534,2635111226.61870,0
2022-11-21 00:00:00.000,16272.7,16304.3,15443.2,15773.0,790219.365,2022-11-21 23:59:59.999,12615525683.34995,4284344,387859.776,6193711202.09852,0
2022-11-22 00:00:00.000,15772.9,16309.0,15610.3,16220.6,579333.644,2022-11-22 23:59:59.999,9247607752.32879,3438309,298913.634,4772492195.87961,0
2022-11-23 00:00:00.000,16220.5,16703.4,16155.5,16595.8,546714.91,2022-11-23 23:59:59.999,9010060479.37584,3319572,280154.178,4617585054.31714,0
2022-11-24 00:00:00.000,16595.8,16800.0,16450.0,16592.4,351024.418,2022-11-24 23:59:59.999,5829469816.57378,2224179,176391.185,2929822123.48014,0
2022-11-25 00:00:00.000,16592.5,16639.9,16331.7,16516.1,306560.116,2022-11-25 23:59:59.999,5053312513.95950,1798061,152812.182,2519424576.18730,0
2022-11-26 00:00:00.000,16516.2,16699.1,16369.1,16449.2,253401.659,2022-11-26 23:59:59.999,4194530429.93170,1518627,126629.776,2096469025.55480,0
2022-11-27 00:00:00.000,16449.2,16594.2,16396.0,16422.6,189370.345,2022-11-27 23:59:59.999,3128892691.87660,1165521,95297.449,1574638605.16320,0
2022-11-28 00:00:00.000,16422.5,16475.0,15984.1,16204.5,497137.869,2022-11-28 23:59:59.999,8055102077.13727,2736780,247420.181,4009316678.03800,0
2022-11-29 00:00:00.000,16204.6,16543.0,16088.0,16433.2,391410.854,2022-11-29 23:59:59.999,6420893173.50274,2098706,200297.135,3286258934.01994,0
2022-11-30 00:00:00.000,16433.3,17248.3,16421.5,17153.3,620324.95,2022-11-30 23:59:59.999,10484678949.19782,3197448,324532.119,5484868596.62088,0
2022-12-01 00:00:00.000,17153.4,17348.5,16851.2,16970.5,411051.309,2022-12-01 23:59:59.999,7012379504.74513,2195426,203203.470,3467383896.16830,0
2022-12-02 00:00:00.000,16970.5,17096.3,16760.0,17083.0,335039.215,2022-12-02 23:59:59.999,5677269598.43320,1885103,169750.685,2877006307.69710,0
2022-12-03 00:00:00.000,17083.0,17160.0,16850.1,16879.5,185257.242,2022-12-03 23:59:59.999,3142125597.72860,1120052,91150.269,1546125066.87140,0
2022-12-04 00:00:00.000,16879.5,17206.2,16874.1,17099.5,292090.868,2022-12-04 23:59:59.999,4972708169.36580,1618863,153355.380,2611199881.52110,0
2022-12-05 00:00:00.000,17099.5,17430.0,16860.6,16958.3,519961.39,2022-12-05 23:59:59.999,8927523671.51991,2926850,255808.742,4393254058.16398,0
2022-12-06 00:00:00.000,16958.2,17100.0,16899.9,17078.6,321330.613,2022-12-06 23:59:59.999,5459567210.68660,1999108,163623.517,2780385201.01780,0
2022-12-07 00:00:00.000,17078.7,17130.0,16655.0,16828.0,337778.925,2022-12-07 23:59:59.999,5692590254.44704,1894001,162494.520,2738398161.19370,0
2022-12-08 00:00:00.000,16828.0,17294.9,16710.4,17216.0,402157.335,2022-12-08 23:59:59.999,6833210695.12541,2123523,212725.266,3615373453.22581,0
2022-12-09 00:00:00.000,17216.0,17365.4,17052.0,17122.0,290231.183,2022-12-09 23:59:59.999,4985683348.19390,1628630,145233.326,2495336272.14220,0
2022-12-10 00:00:00.000,17122.0,17228.6,17081.0,17120.0,141895.207,2022-12-10 23:59:59.999,2433765605.01130,868846,72264.377,1239539864.60900,0
2022-12-11 00:00:00.000,17120.1,17265.0,17060.0,17077.3,171004.111,2022-12-11 23:59:59.999,2932155202.03910,1012706,84191.709,1443762775.84990,0
2022-12-12 00:00:00.000,17077.3,17237.9,16865.0,17200.0,335856.258,2022-12-12 23:59:59.999,5711628347.72763,1742321,169725.380,2887096959.11760,0
2022-12-13 00:00:00.000,17200.0,18100.0,17076.0,17777.1,596851.291,2022-12-13 23:59:59.999,10490862496.70048,3060185,312688.716,5496071258.25060,0
2022-12-14 00:00:00.000,17777.1,18400.0,17659.4,17803.9,627511.699,2022-12-14 23:59:59.999,11268618570.91463,3317163,320955.657,5765108789.94941,0
2022-12-15 00:00:00.000,17804.0,17849.5,17258.0,17351.8,437284.037,2022-12-15 23:59:59.999,7667339751.05844,2399085,207475.110,3638418054.33910,0
2022-12-16 00:00:00.000,17351.9,17528.0,16521.1,16624.1,622150.245,2022-12-16 23:59:59.999,10567832471.04395,3252339,300805.629,5110619125.91950,0
2022-12-17 00:00:00.000,16624.1,16790.0,16571.8,16768.0,248465.273,2022-12-17 23:59:59.999,4146359913.83030,1457086,127451.595,2127052153.95930,0
2022-12-18 00:00:00.000,16768.1,16872.0,16656.0,16730.3,185898.213,2022-12-18 23:59:59.999,3110497440.07050,1129837,95900.130,1604846475.81080,0
2022-12-19 00:00:00.000,16730.4,16809.6,16210.0,16429.2,344728.552,2022-12-19 23:59:59.999,5726008366.05374,1920621,165589.710,2751191820.40590,0
2022-12-20 00:00:00.000,16429.2,17049.6,16390.3,16887.2,476171.098,2022-12-20 23:59:59.999,7997345166.42257,2490230,244941.416,4113556006.20877,0
2022-12-21 00:00:00.000,16887.3,16924.2,16694.2,16819.6,227752.335,2022-12-21 23:59:59.999,3830411850.77234,1277706,112775.443,1896896801.79350,0
2022-12-22 00:00:00.000,16819.7,16861.9,16556.1,16815.5,306610.961,2022-12-22 23:59:59.999,5129865155.45180,1576864,152999.217,2559938347.81280,0
2022-12-23 00:00:00.000,16815.5,16960.0,16690.0,16776.4,264553.42,2022-12-23 23:59:59.999,4451798691.03480,1351547,134466.878,2263072963.86950,0
2022-12-24 00:00:00.000,16776.3,16859.9,16774.4,16828.9,82410.79,2022-12-24 23:59:59.999,1386327837.91780,492881,41552.085,698998308.88990,0
2022-12-25 00:00:00.000,16829.0,16850.0,16700.0,16824.4,144075.843,2022-12-25 23:59:59.999,2419698734.49320,772341,71656.287,1203499336.33180,0
2022-12-26 00:00:00.000,16824.5,16936.8,16781.1,16912.9,148128.699,2022-12-26 23:59:59.999,2495552248.13920,806616,76793.753,1293884898.46760,0
2022-12-27 00:00:00.000,16912.8,16968.0,16580.0,16698.2,262828.564,2022-12-27 23:59:59.999,4408009231.49540,1303236,127575.521,2139679714.67570,0
2022-12-28 00:00:00.000,16698.2,16778.3,16455.6,16539.0,344649.858,2022-12-28 23:59:59.999,5727799258.57904,1597488,169600.703,2818905683.92620,0
2022-12-29 00:00:00.000,16538.9,16659.0,16485.1,16630.3,208591.531,2022-12-29 23:59:59.999,3460146192.04150,1012505,106311.864,1763493003.20090,0
2022-12-30 00:00:00.000,16630.3,16666.6,16320.0,16601.2,295630.49,2022-12-30 23:59:59.999,4881195596.85330,1311988,145078.787,2395678437.66540,0
2022-12-31 00:00:00.000,16601.2,16640.0,16461.8,16537.6,134462.156,2022-12-31 23:59:59.999,2227238361.66920,685007,65822.960,1090387416.10320,0
2023-01-01 00:00:00.000,16537.5,16618.8,16488.0,16610.3,105502.965,2023-01-01 23:59:59.999,1746449849.73920,594299,52617.509,871082706.82390,0
2023-01-02 00:00:00.000,16610.4,16799.0,16541.2,16666.0,215161.176,2023-01-02 23:59:59.999,3591354304.35244,1020015,108472.125,1810723970.13864,0
2023-01-03 00:00:00.000,16665.9,16774.0,16600.3,16667.2,203070.205,2023-01-03 23:59:59.999,3387368709.51440,966813,100250.318,1672393018.39050,0
2023-01-04 00:00:00.000,16667.3,16984.6,16645.7,16842.1,349747.838,2023-01-04 23:59:59.999,5888326801.78923,1618311,177753.125,2992643471.11553,0
2023-01-05 00:00:00.000,16842.2,16872.8,16740.4,16823.8,176369.347,2023-01-05 23:59:59.999,2966302291.75230,892815,87831.439,1477299560.38380,0
2023-01-06 00:00:00.000,16823.8,17030.0,16664.8,16943.8,316973.629,2023-01-06 23:59:59.999,5333655035.26937,1370628,160309.587,2697892780.65753,0
2023-01-07 00:00:00.000,16943.9,16973.6,16900.1,16936.5,77973.105,2023-01-07 23:59:59.999,1320072681.17070,454642,39351.115,666198018.82610,0
2023-01-08 00:00:00.000,16936.5,17181.1,16905.0,17124.7,157717.318,2023-01-08 23:59:59.999,2677202628.99640,775585,83397.144,1416053066.90680,0
2023-01-09 00:00:00.000,17124.6,17387.8,17098.2,17169.7,400277.809,2023-01-09 23:59:59.999,6899176604.98138,1767631,200363.146,3453729372.60018,0
2023-01-10 00:00:00.000,17169.6,17485.4,17140.4,17428.8,297320.371,2023-01-10 23:59:59.999,5146868921.92220,1362100,152579.704,2641360695.82520,0
2023-01-11 00:00:00.000,17428.8,18013.2,17306.4,17935.7,386277.106,2023-01-11 23:59:59.999,6776699165.64645,1720123,201937.656,3544334744.07425,0
2023-01-12 00:00:00.000,17935.6,19120.0,17902.4,18838.0,1040334.76,2023-01-12 23:59:59.999,19148363107.05267,4582821,534948.464,9849293315.59601,0
2023-01-13 00:00:00.000,18838.1,19997.8,18711.0,19924.2,806807.832,2023-01-13 23:59:59.999,15537710427.37066,3959376,415740.616,8009378312.84056,0
2023-01-14 00:00:00.000,19924.3,21544.0,19882.6,20962.8,1010666.683,2023-01-14 23:59:59.999,20998726724.36468,5289343,511124.909,10618826164.95763,0
2023-01-15 00:00:00.000,20962.8,21073.8,20556.0,20882.7,428486.559,2023-01-15 23:59:59.999,8913057374.28152,2666812,212910.070,4429332007.81896,0
2023-01-16 00:00:00.000,20882.7,21498.0,20606.6,21188.3,666148.201,2023-01-16 23:59:59.999,14032617401.17082,4013906,333915.315,7036062363.27304,0
2023-01-17 00:00:00.000,21188.2,21640.0,20827.8,21130.9,547390.593,2023-01-17 23:59:59.999,11615613152.77241,3216496,275473.368,5847336700.47464,0
2023-01-18 00:00:00.000,21130.8,21672.0,20386.0,20680.0,813785.517,2023-01-18 23:59:59.999,17129538788.44014,4880532,405610.780,8540377443.09691,0
2023-01-19 00:00:00.000,20680.1,21183.9,20659.9,21068.3,374733.617,2023-01-19 23:59:59.999,7822342459.57356,2261529,189723.812,3961007029.48296,0
2023-01-20 00:00:00.000,21068.3,22750.0,20856.4,22661.1,723645.2,2023-01-20 23:59:59.999,15661806602.12429,3903593,378591.737,8198235121.79229,0
2023-01-21 00:00:00.000,22661.0,23390.0,22422.0,22781.9,764681.1,2023-01-21 23:59:59.999,17543885761.96960,4452486,381737.848,8759143952.97486,0
2023-01-22 00:00:00.000,22781.8,23080.2,22287.0,22704.6,482529.811,2023-01-22 23:59:59.999,10978562431.79006,2934952,237240.175,5398756637.50525,0
2023-01-23 00:00:00.000,22704.7,23193.1,22500.0,22913.1,525802.84,2023-01-23 23:59:59.999,12012842979.87915,3132952,262293.920,5993269939.03665,0
2023-01-24 00:00:00.000,22913.3,23158.7,22450.0,22627.4,505615.816,2023-01-24 23:59:59.999,11572452898.66944,2961877,244865.087,5605458866.79081,0
2023-01-25 00:00:00.000,22627.5,23837.4,22310.5,23060.6,692786.607,2023-01-25 23:59:59.999,15838682593.16114,4069945,348568.690,7972068165.63309,0
2023-01-26 00:00:00.000,23060.6,23278.7,22843.8,23001.9,427760.786,2023-01-26 23:59:59.999,9860266068.50203,2768278,210791.528,4859341223.04126,0
2023-01-27 00:00:00.000,23001.9,23500.0,22516.6,23068.0,509920.307,2023-01-27 23:59:59.999,11736116589.73221,3045131,253654.606,5839612114.14752,0
2023-01-28 00:00:00.000,23068.1,23185.0,22870.8,23015.9,186400.943,2023-01-28 23:59:59.999,4287806004.04920,1452787,93351.471,2147538148.84650,0
2023-01-29 00:00:00.000,23016.0,23962.7,22961.5,23740.3,562028.231,2023-01-29 23:59:59.999,13203229115.48447,3749129,289228.274,6795194980.08346,0
2023-01-30 00:00:00.000,23740.2,23804.6,22484.2,22819.9,572537.407,2023-01-30 23:59:59.999,13260710938.80389,3732017,272331.712,6308946580.90580,0
2023-01-31 00:00:00.000,22819.9,23330.0,22715.3,23119.4,403726.966,2023-01-31 23:59:59.999,9282622250.26382,2753125,203885.894,4688836595.77872,0
2023-02-01 00:00:00.000,23119.5,23852.4,22747.0,23730.0,571429.711,2023-02-01 23:59:59.999,13276728610.62969,3732189,287213.190,6675085949.25407,0
2023-02-02 00:00:00.000,23730.1,24281.4,23365.0,23493.1,615740.338,2023-02-02 23:59:59.999,14672020690.57870,4136628,304399.567,7255687181.68452,0
2023-02-03 00:00:00.000,23493.0,23719.9,23201.0,23424.7,470831.438,2023-02-03 23:59:59.999,11047679446.95720,3231984,232037.850,5445353439.87534,0
2023-02-04 00:00:00.000,23424.7,23591.4,23250.0,23322.6,197118.393,2023-02-04 23:59:59.999,4613381157.56320,1515159,97925.022,2292235317.28000,0
2023-02-05 00:00:00.000,23322.6,23436.0,22741.0,22929.2,356665.034,2023-02-05 23:59:59.999,8235110913.12042,2413892,168478.328,3890523800.89990,0
2023-02-06 00:00:00.000,22929.3,23159.4,22600.0,22757.7,417160.143,2023-02-06 23:59:59.999,9551236526.98696,2671329,205648.867,4709593003.06291,0
2023-02-07 00:00:00.000,22757.8,23368.6,22742.4,23234.1,447273.494,2023-02-07 23:59:59.999,10297159070.89130,2811376,227838.755,5246060241.38648,0
2023-02-08 00:00:00.000,23234.1,23450.0,22662.9,22955.9,383465.481,2023-02-08 23:59:59.999,8824616946.18832,2432733,188193.359,4331860417.27920,0
2023-02-09 00:00:00.000,22955.9,23007.8,21684.7,21793.4,732295.35,2023-02-09 23:59:59.999,16381601662.80056,4168493,352383.973,7884131203.56675,0
2023-02-10 00:00:00.000,21793.3,21933.8,21405.0,21618.6,439986.497,2023-02-10 23:59:59.999,9560010537.24584,2754970,218401.918,4746056750.47950,0
2023-02-11 00:00:00.000,21618.6,21891.9,21594.4,21851.3,189249.667,2023-02-11 23:59:59.999,4107550899.47300,1293121,97140.493,2108626609.71500,0
2023-02-12 00:00:00.000,21851.2,22080.9,21618.0,21771.1,276787.093,2023-02-12 23:59:59.999,6050172252.91270,1829939,137801.412,3012674101.98673,0
2023-02-13 00:00:00.000,21771.0,21888.0,21338.0,21766.2,511595.693,2023-02-13 23:59:59.999,11064385171.50844,3063623,254937.184,5514335125.55216,0
2023-02-14 00:00:00.000,21766.1,22320.0,21485.2,22187.4,598791.509,2023-02-14 23:59:59.999,13138446771.27616,3582749,301714.763,6620555834.92226,0
2023-02-15 00:00:00.000,22187.4,24420.0,22038.5,24332.6,824676.471,2023-02-15 23:59:59.999,19105717014.29069,4773998,438095.939,10150489392.24219,0
2023-02-16 00:00:00.000,24332.7,25290.0,23518.0,23526.6,959463.159,2023-02-16 23:59:59.999,23594991207.78344,6066350,476025.725,11713610216.77922,0
2023-02-17 00:00:00.000,23526.6,25043.2,23350.0,24581.5,922717.148,2023-02-17 23:59:59.999,22269729549.78749,5941536,466655.784,11265293279.35803,0
2023-02-18 00:00:00.000,24581.3,24887.5,24430.6,24636.9,261555.556,2023-02-18 23:59:59.999,6441713215.92101,2200570,130552.462,3215740824.08061,0
2023-02-19 00:00:00.000,24636.8,25200.0,24179.4,24265.9,543506.628,2023-02-19 23:59:59.999,13409130913.30667,3533276,263715.507,6508964121.49515,0
2023-02-20 00:00:00.000,24265.9,25140.0,23827.0,24849.9,646401.072,2023-02-20 23:59:59.999,15954258831.26220,4489943,325756.247,8042075424.60315,0
2023-02-21 00:00:00.000,24849.9,25347.6,24150.0,24443.4,729290.575,2023-02-21 23:59:59.999,17996162952.26349,4820541,357778.843,8833009456.17446,0
2023-02-22 00:00:00.000,24443.3,24468.5,23572.0,24171.3,730414.101,2023-02-22 23:59:59.999,17500937832.07492,5090139,352155.899,8438976506.53682,0
2023-02-23 00:00:00.000,24171.3,24588.0,23590.0,23928.8,751339.414,2023-02-23 23:59:59.999,18066676937.66089,5244513,369788.469,8893367081.65688,0
2023-02-24 00:00:00.000,23928.7,24138.6,22800.0,23175.6,731577.942,2023-02-24 23:59:59.999,17176351552.41237,4944260,350601.005,8234014172.71578,0
2023-02-25 00:00:00.000,23175.5,23210.5,22700.0,23146.2,310795.648,2023-02-25 23:59:59.999,7149097149.93959,2424080,151634.042,3488785432.40751,0
2023-02-26 00:00:00.000,23146.2,23675.0,23050.0,23545.3,371395.056,2023-02-26 23:59:59.999,8663022665.24848,2819306,189099.315,4411672661.35098,0
2023-02-27 00:00:00.000,23545.2,23888.0,23088.0,23480.0,576754.966,2023-02-27 23:59:59.999,13533218116.93548,4171455,286691.878,6728538499.90897,0
2023-02-28 00:00:00.000,23480.0,23592.8,23010.0,23129.6,456919.838,2023-02-28 23:59:59.999,10669916658.50471,3350674,221073.577,5163282472.25300,0
2023-03-01 00:00:00.000,23129.7,24022.7,23008.4,23619.8,617250.311,2023-03-01 23:59:59.999,14566071875.52603,4206389,314962.841,7433802213.08850,0
2023-03-02 00:00:00.000,23619.8,23790.5,23183.0,23457.1,419256.601,2023-03-02 23:59:59.999,9812612221.27088,3015967,206750.719,4839526748.25830,0
2023-03-03 00:00:00.000,23457.1,23468.5,21883.2,22342.8,608518.137,2023-03-03 23:59:59.999,13631210171.56995,3866916,283462.569,6347417060.56692,0
2023-03-04 00:00:00.000,22342.8,22400.0,22147.5,22335.7,175309.211,2023-03-04 23:59:59.999,3909987751.02620,1305968,88103.197,1965194667.71090,0
2023-03-05 00:00:00.000,22335.8,22650.0,22174.9,22419.4,282261.745,2023-03-05 23:59:59.999,6328721520.62350,1874867,143873.702,3226160540.52170,0
2023-03-06 00:00:00.000,22419.3,22594.5,22240.1,22397.1,298976.397,2023-03-06 23:59:59.999,6702364485.61290,2012422,147055.495,3296881966.44010,0
2023-03-07 00:00:00.000,22397.1,22550.0,21908.0,22187.1,548494.099,2023-03-07 23:59:59.999,12196490218.23626,3202168,270677.072,6020127655.34381,0
2023-03-08 00:00:00.000,22187.1,22276.4,21540.5,21695.4,547867.967,2023-03-08 23:59:59.999,12052988553.65670,3276230,263516.807,5799355284.33350,0
2023-03-09 00:00:00.000,21695.3,21823.0,20003.5,20348.3,951903.36,2023-03-09 23:59:59.999,20058296300.05462,5290521,451515.553,9520938436.91080,0
2023-03-10 00:00:00.000,20348.4,20351.8,19521.6,20140.3,1238135.265,2023-03-10 23:59:59.999,24701622102.43860,6670105,613446.983,12240445784.38266,0
2023-03-11 00:00:00.000,20140.3,20674.5,19752.5,20447.3,753479.558,2023-03-11 23:59:59.999,15236396244.00332,4855620,385590.707,7798516747.10955,0
2023-03-12 00:00:00.000,20447.3,22184.0,20262.2,21986.2,881522.402,2023-03-12 23:59:59.999,18488877763.69799,5400565,462807.905,9711424272.47629,0
2023-03-13 00:00:00.000,21986.2,24517.2,21804.0,24119.5,1534982.176,2023-03-13 23:59:59.999,35400848297.96145,10210273,792707.751,18280845428.45666,0
2023-03-14 00:00:00.000,24119.5,26489.9,23951.0,24682.5,1572562.635,2023-03-14 23:59:59.999,39411234190.48011,11299346,787298.568,19735183976.84621,0
2023-03-15 00:00:00.000,24682.5,25200.0,23888.0,24288.0,1102056.429,2023-03-15 23:59:59.999,27097556193.83353,8302944,550068.277,13527752107.95273,0
2023-03-16 00:00:00.000,24287.9,25167.9,24120.5,24990.4,735446.946,2023-03-16 23:59:59.999,18170050595.51308,6238982,368306.410,9101111741.13063,0
2023-03-17 00:00:00.000,24990.5,27763.4,24875.3,27384.0,1341159.064,2023-03-17 23:59:59.999,35443530287.65108,10192241,692742.466,18307537966.56740,0
2023-03-18 00:00:00.000,27383.9,27726.4,26555.5,26907.0,740232.316,2023-03-18 23:59:59.999,20184491452.70674,6453518,362122.498,9877028394.80117,0
2023-03-19 00:00:00.000,26907.0,28397.0,26815.9,27955.7,759367.078,2023-03-19 23:59:59.999,20977139675.99659,6421005,385924.863,10663327634.68572,0
2023-03-20 00:00:00.000,27955.8,28483.2,27120.6,27704.1,937223.448,2023-03-20 23:59:59.999,26103780621.31453,7758928,463901.530,12924206254.85234,0
2023-03-21 00:00:00.000,27704.1,28460.0,27288.0,28091.1,685487.714,2023-03-21 23:59:59.999,19152913743.53478,6537638,341214.282,9535776429.15329,0
2023-03-22 00:00:00.000,28091.1,28881.0,26590.0,27233.8,1080393.27,2023-03-22 23:59:59.999,30186741704.76973,8635170,536538.588,14999230711.37439,0
2023-03-23 00:00:00.000,27233.8,28777.0,27101.0,28284.1,808174.047,2023-03-23 23:59:59.999,22583147907.22827,6394495,411445.582,11498503263.01036,0
2023-03-24 00:00:00.000,28284.0,28369.1,26960.0,27438.9,696075.37,2023-03-24 23:59:59.999,19369885616.52528,5519306,338210.882,9414918125.99339,0
2023-03-25 00:00:00.000,27439.0,27788.0,27131.8,27447.3,335674.055,2023-03-25 23:59:59.999,9219228887.09329,3026808,166700.041,4579168625.36854,0
2023-03-26 00:00:00.000,27447.2,28186.9,27400.0,27954.3,399756.985,2023-03-26 23:59:59.999,11110815846.83666,3281476,202591.082,5631661123.28706,0
2023-03-27 00:00:00.000,27954.3,28019.4,26480.0,27112.0,642434.822,2023-03-27 23:59:59.999,17542947640.15402,5064388,309890.679,8462580599.71231,0
2023-03-28 00:00:00.000,27112.0,27500.0,26610.0,27249.7,585080.772,2023-03-28 23:59:59.999,15806950765.76132,4777546,292760.916,7911119288.16518,0
2023-03-29 00:00:00.000,27249.7,28649.9,27223.6,28338.5,655852.971,2023-03-29 23:59:59.999,18472646921.01927,5388434,336722.192,9482580881.81991,0
2023-03-30 00:00:00.000,28338.6,29184.8,27654.1,28015.0,770966.1,2023-03-30 23:59:59.999,21882841599.42791,6177264,381217.000,10823868916.86587,0
2023-03-31 00:00:00.000,28015.0,28675.3,27500.0,28454.9,611557.29,2023-03-31 23:59:59.999,17241323711.94637,5207648,307763.883,8679287555.29000,0
2023-04-01 00:00:00.000,28454.8,28845.3,28180.0,28443.8,256487.222,2023-04-01 23:59:59.999,7298340524.07105,2401480,127870.841,3639363641.61016,0
2023-04-02 00:00:00.000,28443.7,28516.5,27820.0,28161.2,316658.67,2023-04-02 23:59:59.999,8922911429.06440,2802195,153621.035,4329266889.29578,0
2023-04-03 00:00:00.000,28161.3,28540.0,27166.0,27786.1,741665.563,2023-04-03 23:59:59.999,20745208330.25454,5406685,362467.885,10142224927.20930,0
2023-04-04 00:00:00.000,27786.1,28450.0,27650.2,28155.2,432370.612,2023-04-04 23:59:59.999,12148930975.14344,3984245,217893.823,6123096292.81752,0
2023-04-05 00:00:00.000,28155.1,28800.0,27775.0,28154.0,543712.838,2023-04-05 23:59:59.999,15395006484.55794,4531402,271962.292,7702654694.54489,0
2023-04-06 00:00:00.000,28154.0,28175.0,27684.2,28022.8,355916.782,2023-04-06 23:59:59.999,9953310708.79362,3071514,173330.310,4847803106.43654,0
2023-04-07 00:00:00.000,28022.9,28096.0,27755.0,27890.7,219250.178,2023-04-07 23:59:59.999,6118045792.51450,1917751,107602.684,3002745520.71110,0
2023-04-08 00:00:00.000,27890.7,28153.6,27850.1,27924.9,159129.56,2023-04-08 23:59:59.999,4453733138.91332,1314182,79060.895,2212908144.45924,0
2023-04-09 00:00:00.000,27924.9,28539.1,27762.8,28309.4,305861.88,2023-04-09 23:59:59.999,8589117716.66099,2214631,156920.895,4408179639.25343,0
2023-04-10 00:00:00.000,28309.4,29840.0,28153.6,29623.1,580061.925,2023-04-10 23:59:59.999,16759574206.41599,4123452,307108.653,8875711866.48355,0
2023-04-11 00:00:00.000,29623.1,30564.0,29573.9,30185.1,628978.491,2023-04-11 23:59:59.999,18933421282.50967,4729571,320948.789,9662923739.48705,0
2023-04-12 00:00:00.000,30185.1,30480.0,29620.0,29875.0,563668.43,2023-04-12 23:59:59.999,16925990333.74135,4387682,274095.011,8232888836.54609,0
2023-04-13 00:00:00.000,29874.9,30648.9,29836.7,30362.7,436182.494,2023-04-13 23:59:59.999,13196552183.52759,3715786,221110.303,6690678820.49995,0
2023-04-14 00:00:00.000,30362.7,31059.0,29925.0,30453.1,615391.615,2023-04-14 23:59:59.999,18803216668.18100,5129517,305214.369,9328551186.23577,0
2023-04-15 00:00:00.000,30453.0,30599.9,30186.0,30280.4,180234.082,2023-04-15 23:59:59.999,5470537724.74858,1830086,88235.857,2678489804.56793,0
2023-04-16 00:00:00.000,30280.4,30560.0,30102.0,30286.6,210226.019,2023-04-16 23:59:59.999,6372172002.43268,1979267,104891.341,3179663431.59551,0
2023-04-17 00:00:00.000,30286.6,30307.4,29219.9,29420.0,455518.548,2023-04-17 23:59:59.999,13503235174.14893,3560659,216409.834,6414429315.19702,0
2023-04-18 00:00:00.000,29420.1,30480.0,29078.1,30365.8,533189.27,2023-04-18 23:59:59.999,16000595786.75336,4274050,268618.874,8062491742.44141,0
2023-04-19 00:00:00.000,30365.8,30410.0,28557.3,28795.1,643866.11,2023-04-19 23:59:59.999,18890822746.77531,5132636,304917.003,8946658537.96385,0
2023-04-20 00:00:00.000,28795.0,29078.0,27983.0,28229.9,639179.286,2023-04-20 23:59:59.999,18268559026.79414,5539024,312317.655,8928741908.61007,0
2023-04-21 00:00:00.000,28229.9,28368.9,27100.0,27252.5,687832.833,2023-04-21 23:59:59.999,19154822175.12687,5562056,335401.125,9343883615.18001,0
2023-04-22 00:00:00.000,27252.6,27888.0,27126.0,27807.2,345549.021,2023-04-22 23:59:59.999,9486931563.84220,2977249,176885.971,4857095933.51294,0
2023-04-23 00:00:00.000,27807.2,27807.3,27279.7,27576.0,332082.355,2023-04-23 23:59:59.999,9148054894.69136,3098041,162384.617,4473558049.47598,0
2023-04-24 00:00:00.000,27575.9,28000.0,26919.3,27497.5,581268.268,2023-04-24 23:59:59.999,15953818918.34071,5618420,286930.069,7877560164.38120,0
2023-04-25 00:00:00.000,27497.4,28379.9,27176.6,28286.7,508254.515,2023-04-25 23:59:59.999,14045812538.45073,4735859,262433.053,7254921517.45639,0
2023-04-26 00:00:00.000,28286.7,30048.2,27200.0,28395.9,1284924.668,2023-04-26 23:59:59.999,36973550164.94095,8966446,646460.662,18605129887.66778,0
2023-04-27 00:00:00.000,28396.0,29898.0,28365.3,29459.0,952584.739,2023-04-27 23:59:59.999,27782772896.56456,8339857,482300.814,14069917959.83486,0
2023-04-28 00:00:00.000,29459.0,29591.1,28870.0,29300.0,508350.155,2023-04-28 23:59:59.999,14879300727.03726,5098353,251881.846,7373806020.86186,0
2023-04-29 00:00:00.000,29300.0,29443.9,29000.4,29212.7,218013.244,2023-04-29 23:59:59.999,6381226955.68392,2326398,106970.978,3131356693.56310,0
2023-04-30 00:00:00.000,29212.7,29950.0,29067.4,29223.0,417798.846,2023-04-30 23:59:59.999,12308569143.22655,3831415,209537.432,6174181640.74801,0
2023-05-01 00:00:00.000,29223.0,29325.5,27650.0,28054.4,624974.488,2023-05-01 23:59:59.999,17715530181.15137,5751299,299961.517,8502177382.21380,0
2023-05-02 00:00:00.000,28054.5,28888.0,27854.0,28656.5,513546.269,2023-05-02 23:59:59.999,14563151413.11936,5054283,261246.324,7410061314.69640,0
2023-05-03 00:00:00.000,28656.4,29258.4,28080.0,29018.4,676466.23,2023-05-03 23:59:59.999,19317326412.84522,6377432,342465.824,9782198497.49407,0
2023-05-04 00:00:00.000,29018.4,29380.0,28660.0,28826.0,426425.584,2023-05-04 23:59:59.999,12351553435.64055,4742919,210626.637,6102163251.10883,0
2023-05-05 00:00:00.000,28826.0,29693.0,28618.3,29491.5,578485.177,2023-05-05 23:59:59.999,16927223730.86086,5470394,295386.667,8645297072.35527,0
2023-05-06 00:00:00.000,29491.5,29840.0,28333.0,28837.8,475628.901,2023-05-06 23:59:59.999,13798897391.83881,4534010,230364.328,6685476928.26591,0
2023-05-07 00:00:00.000,28837.9,29137.0,28370.0,28419.4,308410.643,2023-05-07 23:59:59.999,8896354660.35729,3445261,150881.809,4353309036.01683,0
2023-05-08 00:00:00.000,28419.5,28624.6,27250.0,27659.8,658188.777,2023-05-08 23:59:59.999,18339478036.73547,6208727,317479.470,8846487495.82370,0
2023-05-09 00:00:00.000,27659.8,27815.6,27316.8,27610.2,367664.686,2023-05-09 23:59:59.999,10141376746.46744,4277816,184389.401,5086790813.76146,0
2023-05-10 00:00:00.000,27610.2,28297.0,26666.6,27582.9,722502.676,2023-05-10 23:59:59.999,20001892800.24953,6667421,357840.011,9910309901.39146,0
2023-05-11 00:00:00.000,27583.0,27630.0,26688.8,26956.4,538822.363,2023-05-11 23:59:59.999,14649119359.74357,5661571,263065.114,7153190242.43016,0
2023-05-12 00:00:00.000,26956.4,27090.0,25751.0,26785.1,615645.508,2023-05-12 23:59:59.999,16266529977.65859,6231218,300548.409,7943454570.29941,0
2023-05-13 00:00:00.000,26785.2,27051.5,26674.9,26762.7,242694.929,2023-05-13 23:59:59.999,6509153676.52752,2852715,122878.742,3296101657.41840,0
2023-05-14 00:00:00.000,26762.8,27200.0,26557.0,26901.9,247579.427,2023-05-14 23:59:59.999,6656688171.93944,2846819,126373.637,3398259039.07971,0
2023-05-15 00:00:00.000,26901.9,27650.0,26694.4,27152.5,450263.076,2023-05-15 23:59:59.999,12295451723.86526,4715118,225840.552,6168206273.31608,0
2023-05-16 00:00:00.000,27152.5,27284.7,26832.0,27024.8,373172.951,2023-05-16 23:59:59.999,10093411170.41688,3880211,183965.660,4976612587.32298,0
2023-05-17 00:00:00.000,27024.7,27500.0,26527.5,27395.8,490065.218,2023-05-17 23:59:59.999,13216351846.61259,4463922,247031.532,6664812636.09984,0
2023-05-18 00:00:00.000,27395.7,27482.7,26335.3,26809.3,544971.979,2023-05-18 23:59:59.999,14727436133.81543,4707522,265355.239,7173661710.66004,0
2023-05-19 00:00:00.000,26809.4,27180.0,26611.2,26870.1,324097.956,2023-05-19 23:59:59.999,8708772764.36967,3022112,160983.349,4326514370.02405,0
2023-05-20 00:00:00.000,26870.1,27144.4,26813.5,27089.5,137515.354,2023-05-20 23:59:59.999,3707697281.10930,1513513,71584.598,1930327353.17790,0
2023-05-21 00:00:00.000,27089.6,27288.0,26642.0,26732.8,238776.425,2023-05-21 23:59:59.999,6431869877.90651,2166741,114149.339,3075500274.48755,0
2023-05-22 00:00:00.000,26732.8,27097.8,26500.0,26840.2,328030.52,2023-05-22 23:59:59.999,8796130693.48035,2928004,166204.584,4457297988.88282,0
2023-05-23 00:00:00.000,26840.2,27527.5,26782.6,27209.9,369176.618,2023-05-23 23:59:59.999,10055521160.75082,3213050,188440.253,5132744740.45744,0
2023-05-24 00:00:00.000,27209.9,27212.9,26060.0,26313.8,535191.677,2023-05-24 23:59:59.999,14198721097.42495,4225865,254297.783,6744783768.63836,0
2023-05-25 00:00:00.000,26313.9,26644.0,25850.0,26461.8,394535.225,2023-05-25 23:59:59.999,10368530938.48118,3050516,198963.797,5230703062.81819,0
2023-05-26 00:00:00.000,26461.7,26925.0,26313.9,26689.9,324475.546,2023-05-26 23:59:59.999,8633310426.32368,2735645,164118.278,4367405284.22828,0
2023-05-27 00:00:00.000,26689.8,26890.0,26528.6,26841.6,163681.935,2023-05-27 23:59:59.999,4371514145.40532,1542894,83391.193,2227519288.18362,0
2023-05-28 00:00:00.000,26841.6,28252.8,26746.0,28055.7,440115.394,2023-05-28 23:59:59.999,12079775165.95981,3490620,234226.791,6429682406.18465,0
2023-05-29 00:00:00.000,28055.8,28442.0,27513.5,27722.0,411290.549,2023-05-29 23:59:59.999,11464529935.57118,3347963,203499.742,5673038300.78283,0
2023-05-30 00:00:00.000,27722.1,28038.6,27530.0,27680.1,334379.313,2023-05-30 23:59:59.999,9289854388.35870,3054868,163458.305,4541755326.11208,0
2023-05-31 00:00:00.000,27680.0,27825.0,26826.0,27201.1,471381.89,2023-05-31 23:59:59.999,12797264657.29916,3775159,226645.195,6152291752.05734,0
2023-06-01 00:00:00.000,27201.1,27347.9,26600.0,26805.3,404787.572,2023-06-01 23:59:59.999,10888995134.74279,3436492,198133.029,5330281294.56847,0
2023-06-02 00:00:00.000,26805.3,27290.0,26477.6,27227.8,391110.093,2023-06-02 23:59:59.999,10565372872.49042,3377626,194556.455,5256641187.84103,0
2023-06-03 00:00:00.000,27227.8,27340.2,26900.0,27054.9,182464.1,2023-06-03 23:59:59.999,4951602182.28610,1666845,89636.349,2432826796.16360,0
2023-06-04 00:00:00.000,27054.9,27460.0,26935.3,27102.4,218271.544,2023-06-04 23:59:59.999,5933883455.85455,1885379,111312.095,3026397324.91527,0
2023-06-05 00:00:00.000,27102.4,27125.0,25360.1,25714.7,700502.548,2023-06-05 23:59:59.999,18357609610.21765,5160197,327803.659,8590914005.19361,0
2023-06-06 00:00:00.000,25714.6,27358.1,25321.6,27221.5,731445.649,2023-06-06 23:59:59.999,19197033011.63045,5795668,379390.882,9963167231.59221,0
2023-06-07 00:00:00.000,27221.5,27394.4,26111.0,26325.9,660044.537,2023-06-07 23:59:59.999,17580869410.88071,5598399,323613.299,8620928437.71628,0
2023-06-08 00:00:00.000,26325.9,26800.0,26195.4,26485.9,333104.839,2023-06-08 23:59:59.999,8818214857.61013,3335964,166478.530,4407620734.27519,0
2023-06-09 00:00:00.000,26486.0,26775.0,26236.0,26468.1,283719.198,2023-06-09 23:59:59.999,7524310651.84534,2997060,141906.325,3763936707.90450,0
2023-06-10 00:00:00.000,26468.2,26525.0,25300.0,25826.6,608917.569,2023-06-10 23:59:59.999,15698931318.50649,5206226,294120.110,7582028394.08697,0
2023-06-11 00:00:00.000,25826.6,26199.0,25621.3,25909.9,279365.563,2023-06-11 23:59:59.999,7227089796.30363,2860609,139779.833,3616474290.59514,0
2023-06-12 00:00:00.000,25910.0,26097.7,25600.0,25894.8,298900.468,2023-06-12 23:59:59.999,7727691958.70051,3328055,149288.623,3860155175.81692,0
2023-06-13 00:00:00.000,25894.8,26430.5,25708.0,25918.0,434536.754,2023-06-13 23:59:59.999,11308944583.66133,4396395,218491.456,5686948583.87390,0
2023-06-14 00:00:00.000,25918.0,26099.3,24796.8,25115.9,464681.602,2023-06-14 23:59:59.999,11881929860.74104,4132452,221420.452,5665046499.92456,0
2023-06-15 00:00:00.000,25115.9,25750.0,24777.0,25586.1,473971.375,2023-06-15 23:59:59.999,11936022995.76390,4258512,237713.113,5987195055.96760,0
2023-06-16 00:00:00.000,25586.0,26526.9,25142.1,26336.0,533144.956,2023-06-16 23:59:59.999,13781333096.97194,4701378,274629.941,7102173273.84859,0
2023-06-17 00:00:00.000,26335.9,26900.0,26170.8,26508.9,305738.396,2023-06-17 23:59:59.999,8106952525.28539,2987144,156475.286,4149942186.19615,0
2023-06-18 00:00:00.000,26508.8,26709.4,26230.9,26329.7,241977.484,2023-06-18 23:59:59.999,6411604568.41224,2592992,119732.659,3173106623.58220,0
2023-06-19 00:00:00.000,26329.6,27077.0,26241.2,26828.5,400533.758,2023-06-19 23:59:59.999,10651201162.61209,3819087,203794.841,5420543390.38124,0
2023-06-20 00:00:00.000,26828.6,28397.8,26633.9,28290.6,758176.297,2023-06-20 23:59:59.999,20786331287.82493,6731059,395772.351,10855446383.54249,0
2023-06-21 00:00:00.000,28290.7,30822.0,28236.4,29988.5,1123474.427,2023-06-21 23:59:59.999,33165677031.81134,9265710,581214.692,17155805442.79453,0
2023-06-22 00:00:00.000,29988.5,30488.0,29500.1,29875.0,561051.742,2023-06-22 23:59:59.999,16856175550.40033,5633897,277243.344,8330878657.60704,0
2023-06-23 00:00:00.000,29875.0,31500.0,29792.0,30673.4,699073.071,2023-06-23 23:59:59.999,21421175144.69206,6452824,356076.567,10913706651.31869,0
2023-06-24 00:00:00.000,30673.5,30796.5,30222.0,30524.2,279539.288,2023-06-24 23:59:59.999,8546756825.90515,3251722,137317.493,4198907744.48260,0
2023-06-25 00:00:00.000,30524.2,31053.2,30252.6,30458.0,301533.154,2023-06-25 23:59:59.999,9236905464.93146,3399190,149888.559,4592764929.83940,0
2023-06-26 00:00:00.000,30458.0,30667.3,29890.1,30260.1,415099.356,2023-06-26 23:59:59.999,12562149789.70421,4416524,203410.601,6157177915.98473,0
2023-06-27 00:00:00.000,30260.1,30998.5,30213.0,30683.2,406073.348,2023-06-27 23:59:59.999,12421440922.16078,4326474,203324.100,6219800032.79922,0
2023-06-28 00:00:00.000,30683.2,30701.8,29804.6,30066.3,416656.434,2023-06-28 23:59:59.999,12598592811.65844,4000324,201233.626,6085170656.40759,0
2023-06-29 00:00:00.000,30066.3,30837.0,30036.1,30439.9,382072.846,2023-06-29 23:59:59.999,11648327668.80449,3628731,193794.917,5908416358.03994,0
2023-06-30 00:00:00.000,30439.9,31300.0,29500.0,30460.2,809331.305,2023-06-30 23:59:59.999,24662962533.50455,6203315,399225.344,12168565748.27174,0
2023-07-01 00:00:00.000,30460.2,30668.2,30311.3,30573.6,135520.246,2023-07-01 23:59:59.999,4133098990.12844,1590686,67492.250,2058436884.58546,0
2023-07-02 00:00:00.000,30573.6,30800.0,30149.9,30612.7,231866.188,2023-07-02 23:59:59.999,7079342099.35315,2085396,114887.432,3508161448.67612,0
2023-07-03 00:00:00.000,30612.7,31395.2,30559.4,31149.0,370293.236,2023-07-03 23:59:59.999,11455001608.30970,3142550,190651.257,5898343125.06834,0
2023-07-04 00:00:00.000,31149.0,31319.4,30600.0,30756.1,300832.26,2023-07-04 23:59:59.999,9313935624.33744,2628058,146764.589,4544451268.02329,0
2023-07-05 00:00:00.000,30756.1,30875.2,30175.8,30488.4,294896.578,2023-07-05 23:59:59.999,8991870910.78812,2593078,142172.294,4334972733.45975,0
2023-07-06 00:00:00.000,30488.4,31568.0,29818.0,29874.4,721267.219,2023-07-06 23:59:59.999,22070224345.63387,5400645,352481.399,10791706209.59854,0
2023-07-07 00:00:00.000,29874.3,30443.6,29680.0,30327.9,337801.654,2023-07-07 23:59:59.999,10184988283.58440,2996758,167599.954,5053815379.01882,0
2023-07-08 00:00:00.000,30328.0,30380.0,30026.8,30269.3,138734.493,2023-07-08 23:59:59.999,4191064151.51028,1435489,69726.478,2106595335.57206,0
2023-07-09 00:00:00.000,30269.2,30443.4,30042.0,30147.8,162296.263,2023-07-09 23:59:59.999,4910685209.23742,1724025,78952.884,2389152954.27674,0
2023-07-10 00:00:00.000,30147.8,31040.0,29928.8,30396.9,429115.537,2023-07-10 23:59:59.999,13041797875.98727,3641213,215576.274,6553065724.44769,0
2023-07-11 00:00:00.000,30396.9,30804.9,30261.4,30608.4,298904.747,2023-07-11 23:59:59.999,9119181979.08487,2909176,149847.078,4572301256.12510,0
2023-07-12 00:00:00.000,30608.3,30980.5,30186.0,30368.9,425058.257,2023-07-12 23:59:59.999,13009902129.34863,3657507,210415.824,6441051320.09102,0
2023-07-13 00:00:00.000,30368.9,31850.0,30233.0,31441.7,696023.51,2023-07-13 23:59:59.999,21574885298.97106,5143221,357741.915,11090202372.28133,0
2023-07-14 00:00:00.000,31441.6,31640.0,29876.6,30293.3,538692.246,2023-07-14 23:59:59.999,16570590022.18309,4534212,255020.318,7847006074.03268,0
2023-07-15 00:00:00.000,30293.3,30380.0,30220.2,30276.4,111622.474,2023-07-15 23:59:59.999,3381748954.15686,1290744,53712.592,1627422637.45136,0
2023-07-16 00:00:00.000,30276.5,30441.6,30050.0,30216.8,173805.94,2023-07-16 23:59:59.999,5260328370.66080,1678837,84384.358,2554167448.64656,0
2023-07-17 00:00:00.000,30216.9,30329.7,29630.0,30126.1,344113.427,2023-07-17 23:59:59.999,10348549509.48323,3054669,166025.109,4993811600.30937,0
2023-07-18 00:00:00.000,30126.0,30227.5,29400.0,29845.6,337396.417,2023-07-18 23:59:59.999,10078127136.72446,3129615,163290.524,4878520240.56572,0
2023-07-19 00:00:00.000,29845.7,30178.5,29745.0,29895.5,298418.854,2023-07-19 23:59:59.999,8941549015.88861,2697671,147856.002,4430676287.48177,0
2023-07-20 00:00:00.000,29895.5,30420.0,29468.8,29791.0,410263.764,2023-07-20 23:59:59.999,12295839232.23674,3328318,200648.876,6015005101.38979,0
2023-07-21 00:00:00.000,29791.0,30056.2,29705.9,29891.4,221145.074,2023-07-21 23:59:59.999,6601525560.44956,1993532,108699.528,3245184747.63478,0
2023-07-22 00:00:00.000,29891.5,29986.0,29602.2,29783.5,143375.956,2023-07-22 23:59:59.999,4278958894.21528,1331022,70822.324,2113721182.21550,0
2023-07-23 00:00:00.000,29783.5,30368.2,29718.9,30070.8,224713.846,2023-07-23 23:59:59.999,6742455119.06672,1953437,117355.884,3521432839.90066,0
2023-07-24 00:00:00.000,30070.9,30091.7,28830.0,29163.8,434182.417,2023-07-24 23:59:59.999,12739148029.69294,3450766,208034.404,6102444959.26272,0
2023-07-25 00:00:00.000,29163.8,29379.5,29033.0,29216.3,196438.618,2023-07-25 23:59:59.999,5733864849.27923,1797943,100298.496,2927975433.58373,0
2023-07-26 00:00:00.000,29216.2,29670.5,29083.0,29336.0,318527.582,2023-07-26 23:59:59.999,9342519728.59463,2570927,160070.531,4695735562.44441,0
2023-07-27 00:00:00.000,29336.0,29558.4,29065.5,29209.7,223376.534,2023-07-27 23:59:59.999,6549775823.23634,2016131,111542.753,3270852118.70144,0
2023-07-28 00:00:00.000,29209.8,29535.7,29112.8,29299.9,221299.867,2023-07-28 23:59:59.999,6485251844.32340,1932211,112240.463,3289324515.99032,0
2023-07-29 00:00:00.000,29300.0,29397.9,29237.5,29339.1,87100.719,2023-07-29 23:59:59.999,2552974723.66250,895190,44071.975,1291770329.47340,0
2023-07-30 00:00:00.000,29339.1,29442.5,29006.0,29271.1,169901.253,2023-07-30 23:59:59.999,4971420690.30703,1438817,83278.757,2436755637.67790,0
2023-07-31 00:00:00.000,29271.2,29525.8,29100.0,29220.8,230381.722,2023-07-31 23:59:59.999,6752624719.92772,1998716,115578.265,3387957802.12382,0
2023-08-01 00:00:00.000,29220.8,29735.0,28550.0,29701.2,442328.643,2023-08-01 23:59:59.999,12851250046.85139,3339266,221882.504,6450047847.18607,0
2023-08-02 00:00:00.000,29701.2,30059.9,28906.3,29170.1,491725.492,2023-08-02 23:59:59.999,14482383687.34577,3847942,238648.722,7030134406.91970,0
2023-08-03 00:00:00.000,29170.2,29440.0,28955.4,29180.2,251967.942,2023-08-03 23:59:59.999,7357451848.69498,2207681,123472.495,3605738754.72678,0
2023-08-04 00:00:00.000,29180.1,29323.8,28780.0,29101.1,229395.673,2023-08-04 23:59:59.999,6681106341.50991,1978005,111254.721,3240830018.53478,0
2023-08-05 00:00:00.000,29101.1,29145.0,28960.0,29057.7,82508.624,2023-08-05 23:59:59.999,2396889615.43942,918789,40766.797,1184357168.27242,0
2023-08-06 00:00:00.000,29057.7,29199.0,28978.5,29075.9,103094.44,2023-08-06 23:59:59.999,2997426571.53750,1025663,51472.485,1496624248.95180,0
2023-08-07 00:00:00.000,29075.9,29274.5,28682.3,29202.7,297752.439,2023-08-07 23:59:59.999,8642375892.18842,2447107,148860.265,4321116179.88611,0
2023-08-08 00:00:00.000,29202.7,30250.0,29132.4,29759.0,459269.801,2023-08-08 23:59:59.999,13599577748.60257,3526450,240202.606,7113900215.65543,0
2023-08-09 00:00:00.000,29758.9,30149.7,29362.0,29572.8,362009.701,2023-08-09 23:59:59.999,10756925627.79187,2785756,178555.799,5306968152.25110,0
2023-08-10 00:00:00.000,29572.9,29729.8,29303.7,29443.7,234546.038,2023-08-10 23:59:59.999,6922645509.59273,2026750,115230.163,3401446424.36640,0
2023-08-11 00:00:00.000,29443.7,29565.1,29220.0,29415.5,179044.008,2023-08-11 23:59:59.999,5265186188.14472,1429875,88423.189,2600611749.95184,0
2023-08-12 00:00:00.000,29415.5,29470.0,29360.0,29420.7,56238.035,2023-08-12 23:59:59.999,1654106361.14190,582075,28814.601,847528024.30060,0
2023-08-13 00:00:00.000,29420.8,29463.0,29256.6,29293.3,84190.505,2023-08-13 23:59:59.999,2472829612.66470,766936,40100.620,1177827495.35930,0
2023-08-14 00:00:00.000,29293.3,29686.7,29070.0,29419.5,295035.383,2023-08-14 23:59:59.999,8677120731.75313,2235064,147796.690,4347419271.95404,0
2023-08-15 00:00:00.000,29419.5,29492.1,29050.0,29188.8,191289.959,2023-08-15 23:59:59.999,5604668799.70402,1548283,92794.870,2719077508.76020,0
2023-08-16 00:00:00.000,29188.9,29257.4,28705.1,28714.4,272023.138,2023-08-16 23:59:59.999,7903933631.97155,2185324,129400.590,3761312663.66820,0
2023-08-17 00:00:00.000,28714.4,28775.9,24581.0,26609.7,868508.22,2023-08-17 23:59:59.999,23892373364.35867,6081888,404833.686,11130416161.33796,0
2023-08-18 00:00:00.000,26609.7,26818.0,25600.0,26042.1,522375.316,2023-08-18 23:59:59.999,13701338877.41335,4646103,254129.696,6666529307.57693,0
2023-08-19 00:00:00.000,26042.0,26269.4,25783.4,26088.3,202219.153,2023-08-19 23:59:59.999,5259138403.39374,1944552,97242.835,2529330050.24020,0
2023-08-20 00:00:00.000,26088.4,26285.0,25948.5,26175.9,141089.85,2023-08-20 23:59:59.999,3684280536.48474,1398230,69192.184,1807032266.86384,0
2023-08-21 00:00:00.000,26175.9,26280.0,25800.0,26115.4,232505.265,2023-08-21 23:59:59.999,6052756159.68538,2113709,113423.308,2953229324.68786,0
2023-08-22 00:00:00.000,26115.4,26128.2,25280.0,26044.4,313113.576,2023-08-22 23:59:59.999,8099008037.07027,2670842,154599.135,4000115522.06117,0
2023-08-23 00:00:00.000,26044.5,26806.0,25800.0,26419.2,412969.028,2023-08-23 23:59:59.999,10844866911.05113,3387282,209031.027,5489668012.00871,0
2023-08-24 00:00:00.000,26419.2,26568.3,25835.0,26164.6,286753.337,2023-08-24 23:59:59.999,7517625485.57741,2528622,142054.020,3724778724.03136,0
2023-08-25 00:00:00.000,26164.6,26300.0,25754.4,26051.7,274830.494,2023-08-25 23:59:59.999,7151164304.37309,2435810,136225.910,3544996132.19710,0
2023-08-26 00:00:00.000,26051.7,26129.4,25969.0,26004.3,63925.862,2023-08-26 23:59:59.999,1664151835.89840,686474,31589.486,822422020.56790,0
2023-08-27 00:00:00.000,26004.3,26173.6,25955.6,26087.7,86505.398,2023-08-27 23:59:59.999,2255661579.44877,945488,43815.989,1142530666.31617,0
2023-08-28 00:00:00.000,26087.6,26244.6,25850.4,26106.5,219992.051,2023-08-28 23:59:59.999,5728245334.03454,2034199,109259.071,2844967503.22500,0
2023-08-29 00:00:00.000,26106.5,28168.0,25905.2,27700.1,700233.946,2023-08-29 23:59:59.999,19063888802.78101,5095886,359112.466,9774025451.52869,0
2023-08-30 00:00:00.000,27700.1,27758.2,26950.0,27290.4,315313.916,2023-08-30 23:59:59.999,8611722669.03794,2868554,153659.355,4196978727.47524,0
2023-08-31 00:00:00.000,27290.4,27674.3,25617.8,25928.0,502906.277,2023-08-31 23:59:59.999,13374373720.15900,4108957,242515.160,6452052642.39265,0
2023-09-01 00:00:00.000,25928.0,26151.6,25312.0,25795.6,361184.924,2023-09-01 23:59:59.999,9314832822.37795,3414721,180488.710,4655865487.86106,0
2023-09-02 00:00:00.000,25795.6,25975.0,25740.6,25855.8,107642.864,2023-09-02 23:59:59.999,2780278800.43600,1335781,53671.502,1386371344.59410,0
2023-09-03 00:00:00.000,25855.8,26135.2,25777.0,25962.1,133016.832,2023-09-03 23:59:59.999,3448807040.90302,1530423,66887.107,1734637690.97104,0
2023-09-04 00:00:00.000,25962.1,26099.3,25610.0,25814.0,173147.873,2023-09-04 23:59:59.999,4476150022.96639,1917437,84103.786,2174598492.23596,0
2023-09-05 00:00:00.000,25814.0,25900.0,25531.2,25779.7,186639.945,2023-09-05 23:59:59.999,4801841760.65064,1993037,93238.333,2399002456.92618,0
2023-09-06 00:00:00.000,25779.7,26052.0,25326.0,25747.4,251122.66,2023-09-06 23:59:59.999,6451012388.43805,2404620,124310.307,3193837018.62409,0
2023-09-07 00:00:00.000,25747.4,26451.0,25602.3,26240.7,257349.902,2023-09-07 23:59:59.999,6683838708.83606,2609838,132934.158,3453464303.19888,0
2023-09-08 00:00:00.000,26240.7,26437.5,25630.0,25899.8,249269.761,2023-09-08 23:59:59.999,6476749865.05496,2723220,121841.513,3166020428.26558,0
2023-09-09 00:00:00.000,25899.9,25940.6,25781.5,25892.6,67909.81,2023-09-09 23:59:59.999,1756326250.42340,902910,34217.008,884994548.72050,0
2023-09-10 00:00:00.000,25892.6,26037.3,25508.7,25828.4,162972.413,2023-09-10 23:59:59.999,4203882568.68310,1790427,81967.899,2114888979.83764,0
2023-09-11 00:00:00.000,25828.4,25895.0,24888.0,25150.4,427216.374,2023-09-11 23:59:59.999,10833054059.77662,4186513,208470.984,5286750269.26554,0
2023-09-12 00:00:00.000,25150.4,26580.0,25116.4,25825.8,592049.678,2023-09-12 23:59:59.999,15363954424.52744,5168542,305085.164,7916288656.66580,0
2023-09-13 00:00:00.000,25825.8,26400.0,25750.0,26209.9,335252.718,2023-09-13 23:59:59.999,8752833623.09691,3465389,171304.942,4472677923.94791,0
2023-09-14 00:00:00.000,26209.9,26880.0,26106.6,26510.3,380666.471,2023-09-14 23:59:59.999,10081082095.72619,3806217,191608.892,5075166702.61775,0
2023-09-15 00:00:00.000,26510.3,26890.0,26206.6,26591.1,251656.77,2023-09-15 23:59:59.999,6669561598.24096,2598616,128322.454,3401550680.05322,0
2023-09-16 00:00:00.000,26591.1,26763.5,26430.0,26546.9,140482.465,2023-09-16 23:59:59.999,3729905321.75880,1446323,66039.010,1753710305.81760,0
2023-09-17 00:00:00.000,26547.0,26614.3,26377.4,26514.2,114239.394,2023-09-17 23:59:59.999,3027518454.44460,1246715,53324.583,1413327371.62230,0
2023-09-18 00:00:00.000,26514.2,27397.0,26358.6,26749.9,472539.032,2023-09-18 23:59:59.999,12722651442.18257,4379742,240451.011,6473666094.16553,0
2023-09-19 00:00:00.000,26749.9,27480.0,26653.2,27196.0,433511.747,2023-09-19 23:59:59.999,11764014197.82195,4082920,216474.712,5875095229.98899,0
2023-09-20 00:00:00.000,27195.9,27381.0,26740.0,27107.7,348921.447,2023-09-20 23:59:59.999,9453380064.97920,3431688,173398.437,4698594413.08480,0
2023-09-21 00:00:00.000,27107.7,27149.0,26360.1,26552.6,317992.869,2023-09-21 23:59:59.999,8489071729.18165,3104803,156286.801,4172236437.03800,0
2023-09-22 00:00:00.000,26552.6,26737.7,26452.9,26566.7,173534.648,2023-09-22 23:59:59.999,4616219481.97170,1777923,85262.371,2268242223.23080,0
2023-09-23 00:00:00.000,26566.7,26620.6,26492.2,26563.1,57836.484,2023-09-23 23:59:59.999,1536234764.74180,698719,27762.124,737412726.71470,0
2023-09-24 00:00:00.000,26563.0,26739.9,26081.0,26232.4,146632.773,2023-09-24 23:59:59.999,3882520896.41624,1365933,70597.939,1870273655.03220,0
2023-09-25 00:00:00.000,26232.4,26440.0,25965.0,26290.5,268385.836,2023-09-25 23:59:59.999,7028826209.26320,2519801,136047.296,3563525983.36408,0
2023-09-26 00:00:00.000,26290.5,26388.0,26073.8,26208.8,180491.169,2023-09-26 23:59:59.999,4732077914.06044,1788056,92050.691,2413433258.46400,0
2023-09-27 00:00:00.000,26208.7,26849.9,26050.0,26359.6,353002.84,2023-09-27 23:59:59.999,9328178302.68859,3158728,178232.953,4711220214.31189,0
2023-09-28 00:00:00.000,26359.6,27308.7,26325.2,27011.8,429587.858,2023-09-28 23:59:59.999,11511420032.64910,3925365,220056.731,5896465635.43170,0
2023-09-29 00:00:00.000,27011.7,27231.5,26625.0,26890.9,277397.643,2023-09-29 23:59:59.999,7472678754.10716,2795717,137424.353,3702375381.57978,0
2023-09-30 00:00:00.000,26890.9,27085.0,26870.4,26950.9,92317.154,2023-09-30 23:59:59.999,2489538716.47010,1113176,46816.901,1262556928.53360,0
2023-10-01 00:00:00.000,26951.0,28365.2,26939.0,27981.4,240382.946,2023-10-01 23:59:59.999,6597423569.09260,2313010,128236.139,3521919101.10306,0
2023-10-02 00:00:00.000,27981.4,28613.0,27255.0,27477.6,593277.72,2023-10-02 23:59:59.999,16636546184.94729,5080027,295044.931,8277110001.66044,0
2023-10-03 00:00:00.000,27477.7,27665.0,27123.0,27412.0,283077.899,2023-10-03 23:59:59.999,7764002370.30097,2975893,140083.881,3842502810.86736,0
2023-10-04 00:00:00.000,27412.0,27830.0,27163.9,27759.8,280784.322,2023-10-04 23:59:59.999,7725687370.07408,2880715,142924.232,3932562144.89526,0
2023-10-05 00:00:00.000,27759.7,28110.0,27333.5,27398.4,370190.087,2023-10-05 23:59:59.999,10248367834.29458,3222885,183067.126,5069414370.79611,0
2023-10-06 00:00:00.000,27398.3,28450.0,27156.0,27916.3,438445.904,2023-10-06 23:59:59.999,12148383610.73177,4030623,224431.299,6220626846.35605,0
2023-10-07 00:00:00.000,27916.3,28018.7,27822.1,27943.0,117049.145,2023-10-07 23:59:59.999,3267342158.10760,1333428,57424.596,1603120003.61680,0
2023-10-08 00:00:00.000,27943.0,28082.0,27671.0,27901.2,178380.307,2023-10-08 23:59:59.999,4975001729.51130,1940245,88788.113,2476625132.50288,0
2023-10-09 00:00:00.000,27901.2,27977.0,27250.0,27578.3,314316.581,2023-10-09 23:59:59.999,8665868960.69567,3091697,154566.795,4261653342.45940,0
2023-10-10 00:00:00.000,27578.4,27727.3,27281.0,27381.2,239779.496,2023-10-10 23:59:59.999,6587799296.31110,2416501,117705.794,3234093021.81418,0
2023-10-11 00:00:00.000,27381.3,27467.6,26525.0,26864.5,388186.571,2023-10-11 23:59:59.999,10465119996.42740,3676146,186764.342,5034602541.53620,0
2023-10-12 00:00:00.000,26864.5,26939.0,26534.8,26744.0,220279.04,2023-10-12 23:59:59.999,5889875524.20162,2306297,108281.012,2895470068.76912,0
2023-10-13 00:00:00.000,26744.0,27120.8,26670.1,26849.8,243222.154,2023-10-13 23:59:59.999,6531230809.70284,2249396,120801.824,3244089837.46692,0
2023-10-14 00:00:00.000,26849.7,26986.4,26773.1,26836.3,82164.781,2023-10-14 23:59:59.999,2208107023.81852,912735,40634.451,1092119620.88240,0
2023-10-15 00:00:00.000,26836.4,27456.1,26790.4,27139.8,160000.462,2023-10-15 23:59:59.999,4324470125.81482,1521199,84768.500,2291813893.98944,0
2023-10-16 00:00:00.000,27139.8,30720.0,27095.4,28486.3,823003.782,2023-10-16 23:59:59.999,23288253085.66756,6854221,423876.937,11994611443.83190,0
2023-10-17 00:00:00.000,28486.3,28605.0,28055.0,28381.9,314189.758,2023-10-17 23:59:59.999,8911627202.91139,3419721,154668.336,4387170011.70336,0
2023-10-18 00:00:00.000,28382.0,29100.0,28126.6,28307.1,297176.628,2023-10-18 23:59:59.999,8454733708.39205,3101732,149433.375,4252369450.35617,0
2023-10-19 00:00:00.000,28307.2,28933.4,28076.0,28696.9,333673.207,2023-10-19 23:59:59.999,9523779728.80222,3353875,166642.583,4757052570.59342,0
2023-10-20 00:00:00.000,28697.0,30243.0,28560.0,29653.0,551005.327,2023-10-20 23:59:59.999,16251872830.69389,5390533,286339.629,8445771407.53565,0
2023-10-21 00:00:00.000,29653.0,30374.6,29443.5,29895.4,258195.956,2023-10-21 23:59:59.999,7714008513.63393,2913921,133151.029,3978697592.35373,0
2023-10-22 00:00:00.000,29895.4,30229.7,29606.6,29981.5,198602.758,2023-10-22 23:59:59.999,5938982672.49338,2402842,98711.081,2952207924.05100,0
2023-10-23 00:00:00.000,29981.4,35981.9,29869.4,33074.0,987741.536,2023-10-23 23:59:59.999,31143119218.83396,9516564,514370.855,16226351845.69938,0
2023-10-24 00:00:00.000,33074.0,35300.0,32833.5,33917.0,921993.063,2023-10-24 23:59:59.999,31438800457.07022,10856672,463292.225,15796970746.76308,0
2023-10-25 00:00:00.000,33917.0,35154.3,33660.6,34487.7,465367.144,2023-10-25 23:59:59.999,16013137764.07121,6530411,233671.848,8042649670.78944,0
2023-10-26 00:00:00.000,34487.8,34828.7,33750.0,34154.0,339552.964,2023-10-26 23:59:59.999,11632500642.20401,4528633,165392.541,5666641885.91917,0
2023-10-27 00:00:00.000,34154.0,34253.3,33350.0,33893.1,278052.978,2023-10-27 23:59:59.999,9431378767.25107,3613726,133928.514,4543534000.94928,0
2023-10-28 00:00:00.000,33893.2,34535.8,33867.4,34086.6,138314.932,2023-10-28 23:59:59.999,4721192040.51720,1952090,69561.154,2374568045.68067,0
2023-10-29 00:00:00.000,34086.7,34773.8,33933.0,34528.6,175897.55,2023-10-29 23:59:59.999,6052162692.45699,2463878,88952.020,3060266315.06112,0
2023-10-30 00:00:00.000,34528.6,34888.2,34050.0,34483.8,281841.348,2023-10-30 23:59:59.999,9712557953.95943,3517907,137520.137,4740097194.14290,0
2023-10-31 00:00:00.000,34483.8,34744.7,34016.8,34651.4,272450.567,2023-10-31 23:59:59.999,9367740893.91040,3318578,137432.937,4725999183.95524,0
2023-11-01 00:00:00.000,34651.4,35734.0,34076.0,35437.4,469214.787,2023-11-01 23:59:59.999,16310840373.51904,5043007,235433.671,8188069606.32684,0
2023-11-02 00:00:00.000,35437.5,35999.9,34300.0,34940.1,410221.727,2023-11-02 23:59:59.999,14411069440.58643,4240505,195704.868,6876495562.48180,0
2023-11-03 00:00:00.000,34940.1,34944.9,34123.0,34700.4,306048.199,2023-11-03 23:59:59.999,10557775671.82227,3278797,149201.899,5146880328.30816,0
2023-11-04 00:00:00.000,34700.5,35270.0,34571.6,35069.7,140746.874,2023-11-04 23:59:59.999,4903087436.09509,1581510,73473.650,2560499905.03807,0
2023-11-05 00:00:00.000,35069.7,35455.2,34356.0,35025.5,231363.339,2023-11-05 23:59:59.999,8104514852.65571,2483235,114206.600,4001834169.31893,0
2023-11-06 00:00:00.000,35025.5,35299.9,34743.2,35057.4,202227.215,2023-11-06 23:59:59.999,7084946768.06610,2332675,100743.041,3529757876.13835,0
2023-11-07 00:00:00.000,35057.5,35921.7,34520.3,35406.5,343525.95,2023-11-07 23:59:59.999,12064060090.68823,3475930,171377.818,6021304746.37207,0
2023-11-08 00:00:00.000,35406.5,36150.0,35073.0,35626.7,334779.449,2023-11-08 23:59:59.999,11899393604.89829,3098481,167858.729,5968118352.82227,0
2023-11-09 00:00:00.000,35626.7,38499.9,35304.0,36719.5,778877.937,2023-11-09 23:59:59.999,28650466494.87653,7145218,397604.298,14631150233.75849,0
2023-11-10 00:00:00.000,36719.6,37570.0,36350.0,37330.4,299373.892,2023-11-10 23:59:59.999,11076896066.60177,3260186,145926.285,5400078760.11308,0
2023-11-11 00:00:00.000,37330.3,37422.2,36588.0,37162.1,159239.284,2023-11-11 23:59:59.999,5903428289.95940,1853148,77724.269,2881997016.08958,0
2023-11-12 00:00:00.000,37162.1,37258.4,36753.6,37085.5,118890.045,2023-11-12 23:59:59.999,4409373212.11710,1417328,59200.216,2195767164.70499,0
2023-11-13 00:00:00.000,37085.6,37464.8,36350.0,36486.2,257075.648,2023-11-13 23:59:59.999,9473874020.94803,2791229,124933.697,4605371454.38504,0
2023-11-14 00:00:00.000,36486.2,36779.9,34446.3,35559.0,397265.8,2023-11-14 23:59:59.999,14314693961.91180,3817622,188122.019,6781867049.73538,0
2023-11-15 00:00:00.000,35559.1,38000.0,35388.0,37885.6,423818.57,2023-11-15 23:59:59.999,15581195427.04667,4117459,218179.036,8022577792.90326,0
2023-11-16 00:00:00.000,37885.5,37956.5,35486.1,36176.0,434444.366,2023-11-16 23:59:59.999,15963485688.09104,4430141,209563.839,7702160580.38708,0
2023-11-17 00:00:00.000,36176.0,37020.5,35868.3,36621.9,319943.051,2023-11-17 23:59:59.999,11629773626.22051,3392377,158800.677,5773619881.35100,0
2023-11-18 00:00:00.000,36621.9,36900.0,36196.0,36580.9,121720.922,2023-11-18 23:59:59.999,4446623778.62677,1559774,59945.203,2190096532.04466,0
2023-11-19 00:00:00.000,36580.9,37528.2,36380.0,37375.9,154713.007,2023-11-19 23:59:59.999,5695092295.31787,1707461,81103.115,2985985224.69178,0
2023-11-20 00:00:00.000,37375.8,37784.7,36600.0,37462.5,310504.037,2023-11-20 23:59:59.999,11585755433.13282,3145401,151546.418,5656032175.81179,0
2023-11-21 00:00:00.000,37462.6,37675.0,35720.0,35737.0,450731.16,2023-11-21 23:59:59.999,16617512774.69305,4177874,214766.382,7922810217.89473,0
2023-11-22 00:00:00.000,35737.0,37880.0,35610.7,37413.4,338189.618,2023-11-22 23:59:59.999,12443659325.49277,3431728,173920.996,6400961018.26049,0
2023-11-23 00:00:00.000,37413.5,37650.0,36856.3,37294.3,185369.931,2023-11-23 23:59:59.999,6912924978.37547,2192283,92092.564,3434735828.58206,0
2023-11-24 00:00:00.000,37294.4,38425.0,37257.3,37706.3,351031.723,2023-11-24 23:59:59.999,13275238103.95441,3459708,176394.591,6672258090.21117,0
2023-11-25 00:00:00.000,37706.3,37886.5,37570.9,37766.6,82589.329,2023-11-25 23:59:59.999,3116830221.06905,1090709,40804.412,1539982685.32292,0
2023-11-26 00:00:00.000,37766.7,37807.6,37126.0,37437.9,173758.644,2023-11-26 23:59:59.999,6511523445.85111,1851041,83650.862,3134654054.00506,0
2023-11-27 00:00:00.000,37437.9,37560.0,36700.0,37234.3,266112.699,2023-11-27 23:59:59.999,9864595980.22536,2709326,129505.027,4801276041.95802,0
2023-11-28 00:00:00.000,37234.4,38395.0,36856.0,37812.1,318426.327,2023-11-28 23:59:59.999,11989725382.60476,2849494,161183.178,6069345038.60280,0
2023-11-29 00:00:00.000,37812.0,38500.0,37551.8,37837.1,261631.881,2023-11-29 23:59:59.999,9929131546.05138,2577159,131208.813,4980271370.23214,0
2023-11-30 00:00:00.000,37837.2,38132.0,37442.9,37716.8,191188.871,2023-11-30 23:59:59.999,7217490282.26007,2095004,94614.923,3572214115.76825,0
2023-12-01 00:00:00.000,37716.9,38989.0,37600.0,38660.0,342361.994,2023-12-01 23:59:59.999,13165741479.13575,3053861,175399.909,6746310427.71475,0
2023-12-02 00:00:00.000,38659.9,39900.0,38613.5,39435.0,213210.311,2023-12-02 23:59:59.999,8343797522.28991,2036997,111247.354,4355227204.95264,0
2023-12-03 00:00:00.000,39435.1,40410.1,39255.2,39979.7,221917.905,2023-12-03 23:59:59.999,8809720241.44514,2176911,113115.685,4491571908.67447,0
2023-12-04 00:00:00.000,39979.8,42440.0,39970.4,41993.1,602492.859,2023-12-04 23:59:59.999,24973172580.45416,4914848,309653.480,12832793790.74897,0
2023-12-05 00:00:00.000,41993.1,44528.1,41393.5,44081.7,575038.041,2023-12-05 23:59:59.999,24684026724.28502,4957181,293613.701,12606208706.41785,0
2023-12-06 00:00:00.000,44081.7,44349.8,43377.0,43774.8,383957.738,2023-12-06 23:59:59.999,16855439556.37356,3312344,189313.948,8312419039.08001,0
2023-12-07 00:00:00.000,43775.1,44066.7,42815.0,43296.0,346421.958,2023-12-07 23:59:59.999,15052072255.78090,3139944,167869.668,7294723155.23818,0
2023-12-08 00:00:00.000,43296.0,44779.3,43100.0,44209.5,281880.593,2023-12-08 23:59:59.999,12354864659.75649,2689393,141987.204,6223424596.24878,0
2023-12-09 00:00:00.000,44209.6,44389.2,43555.0,43734.3,189339.656,2023-12-09 23:59:59.999,8331208461.23936,2008104,91986.898,4048303794.51515,0
2023-12-10 00:00:00.000,43734.2,44099.2,43552.5,43810.0,144548.259,2023-12-10 23:59:59.999,6336935031.60780,1625045,71693.869,3143532367.57372,0
2023-12-11 00:00:00.000,43810.1,43833.4,40228.3,41271.0,620753.439,2023-12-11 23:59:59.999,25927086771.59747,5535071,298564.648,12464090729.38179,0
2023-12-12 00:00:00.000,41271.1,42125.0,40711.0,41515.0,356541.118,2023-12-12 23:59:59.999,14804780111.22747,3541062,178480.429,7411400940.53889,0
2023-12-13 00:00:00.000,41514.9,43517.6,40556.0,42875.0,396710.296,2023-12-13 23:59:59.999,16618328876.25431,3740055,198023.379,8296092906.06892,0
2023-12-14 00:00:00.000,42875.0,43450.1,41140.0,43032.4,361628.325,2023-12-14 23:59:59.999,15456710755.29236,3556744,179049.547,7656008118.31044,0
2023-12-15 00:00:00.000,43032.3,43098.0,41668.0,41968.0,257177.013,2023-12-15 23:59:59.999,10899991321.40501,2891215,125660.846,5325707013.21401,0
2023-12-16 00:00:00.000,41968.0,42756.7,41638.1,42287.4,160549.459,2023-12-16 23:59:59.999,6792519091.89890,1874171,79904.113,3380908758.58106,0
2023-12-17 00:00:00.000,42287.4,42476.0,41248.3,41396.5,224722.851,2023-12-17 23:59:59.999,9421985303.21506,2557926,108887.464,4566790592.12974,0
2023-12-18 00:00:00.000,41396.6,42795.3,40553.8,42671.7,375385.675,2023-12-18 23:59:59.999,15562426218.22632,4005918,188893.603,7833963224.82210,0
2023-12-19 00:00:00.000,42671.8,43550.0,41835.4,42298.3,315311.844,2023-12-19 23:59:59.999,13457649560.46984,3465516,157288.146,6714209013.68883,0
2023-12-20 00:00:00.000,42298.2,44384.6,42218.3,43708.9,377008.923,2023-12-20 23:59:59.999,16393157759.03438,3892858,192098.077,8351837064.68930,0
2023-12-21 00:00:00.000,43708.9,44287.2,43317.2,43896.3,276922.155,2023-12-21 23:59:59.999,12123140366.35172,3069295,137520.090,6021500040.18053,0
2023-12-22 00:00:00.000,43896.4,44484.0,43430.4,43999.2,238341.933,2023-12-22 23:59:59.999,10452147024.44062,2681930,117622.666,5159324687.78561,0
2023-12-23 00:00:00.000,43999.2,44023.0,43304.2,43725.2,120792.199,2023-12-23 23:59:59.999,5275597701.97030,1456500,58914.808,2573285959.17493,0
2023-12-24 00:00:00.000,43725.2,43994.8,42550.0,43008.4,179967.251,2023-12-24 23:59:59.999,7820621575.19171,2012652,85895.372,3733335729.04416,0
2023-12-25 00:00:00.000,43008.4,43850.0,42755.4,43611.9,184210.274,2023-12-25 23:59:59.999,7998973036.56107,2121238,94560.236,4106260428.59181,0
2023-12-26 00:00:00.000,43611.9,43635.1,41597.0,42538.5,295583.678,2023-12-26 23:59:59.999,12579682837.18391,2919456,138762.820,5904982759.29667,0
2023-12-27 00:00:00.000,42538.6,43700.0,42145.7,43453.8,251351.538,2023-12-27 23:59:59.999,10800417570.90282,2605702,126804.896,5449295761.85111,0
2023-12-28 00:00:00.000,43453.8,43850.0,42320.5,42600.1,257515.182,2023-12-28 23:59:59.999,11056852869.47034,2747859,126847.513,5446789288.72854,0
2023-12-29 00:00:00.000,42600.1,43171.9,41283.2,42095.1,337421.865,2023-12-29 23:59:59.999,14290101442.75712,3300161,162512.910,6885187252.36289,0
2023-12-30 00:00:00.000,42095.1,42654.6,41550.0,42174.2,183890.67,2023-12-30 23:59:59.999,7750535197.76647,1910363,91329.738,3849562064.15121,0
2023-12-31 00:00:00.000,42174.3,42951.0,42001.0,42314.0,173508.289,2023-12-31 23:59:59.999,7373114617.21853,1835399,85439.891,3631343913.33205,0
2024-01-01 00:00:00.000,42314.0,44266.0,42207.9,44230.2,206424.144,2024-01-01 23:59:59.999,8897557996.51846,2197331,107259.562,4626093916.74846,0
2024-01-02 00:00:00.000,44230.3,45950.0,44200.9,44979.8,459798.523,2024-01-02 23:59:59.999,20799115632.46685,4584899,226772.856,10258435145.78010,0
2024-01-03 00:00:00.000,44979.7,45582.3,40333.0,42849.5,595855.225,2024-01-03 23:59:59.999,25726152649.43654,5484694,285738.095,12338124587.28819,0
2024-01-04 00:00:00.000,42849.5,44840.8,42625.0,44143.8,333923.098,2024-01-04 23:59:59.999,14582787988.83859,3778259,167326.171,7309089936.81672,0
2024-01-05 00:00:00.000,44143.8,44500.0,42300.0,44145.4,374967.791,2024-01-05 23:59:59.999,16383172715.24129,4299469,186384.897,8145555060.07347,0
2024-01-06 00:00:00.000,44145.3,44214.6,43391.3,43956.7,138542.797,2024-01-06 23:59:59.999,6067670136.35873,1908679,69273.603,3034149465.65284,0
2024-01-07 00:00:00.000,43956.6,44486.9,43557.5,43916.9,180710.714,2024-01-07 23:59:59.999,7960341657.87697,2426450,89031.035,3922357252.97610,0
2024-01-08 00:00:00.000,43916.9,47312.0,43158.1,46972.7,495087.983,2024-01-08 23:59:59.999,22401426143.93918,5552927,252368.827,11423109451.98725,0
2024-01-09 00:00:00.000,46972.6,48100.0,44417.2,46114.0,513362.773,2024-01-09 23:59:59.999,23864636393.45204,5975796,255356.407,11878102002.28864,0
2024-01-10 00:00:00.000,46113.9,47699.3,44291.5,46662.9,668657.474,2024-01-10 23:59:59.999,30628280360.85305,7930762,328241.395,15042252558.57851,0
2024-01-11 00:00:00.000,46663.0,49027.5,45600.0,46337.8,596698.379,2024-01-11 23:59:59.999,28052864785.47425,8147634,294954.120,13871354323.06593,0
2024-01-12 00:00:00.000,46337.9,46536.2,41370.0,42788.9,575943.258,2024-01-12 23:59:59.999,25506347481.11302,7339600,274714.473,12173449742.69040,0
2024-01-13 00:00:00.000,42789.0,43273.4,42445.7,42846.4,207737.326,2024-01-13 23:59:59.999,8903288166.33136,3284308,102338.255,4385856810.87438,0
2024-01-14 00:00:00.000,42846.4,43096.1,41713.5,41734.9,181096.968,2024-01-14 23:59:59.999,7710193172.30398,2586518,86225.908,3672184666.98371,0
2024-01-15 00:00:00.000,41734.9,43376.0,41720.0,42515.0,240059.141,2024-01-15 23:59:59.999,10237828482.80086,3393913,121327.115,5174655656.94734,0
2024-01-16 00:00:00.000,42515.0,43589.0,42050.0,43133.0,287207.233,2024-01-16 23:59:59.999,12326619430.23480,3591913,142496.835,6116162864.94249,0
2024-01-17 00:00:00.000,43133.0,43198.0,42200.0,42783.4,209396.081,2024-01-17 23:59:59.999,8935030009.19649,2896397,104380.600,4454370627.69897,0
2024-01-18 00:00:00.000,42783.3,42932.3,40673.6,41323.1,335080.756,2024-01-18 23:59:59.999,14029461752.96119,4381862,159993.343,6698735621.04958,0
2024-01-19 00:00:00.000,41323.2,42197.0,40300.0,41662.2,345941.73,2024-01-19 23:59:59.999,14252164353.07918,4485546,173561.662,7152194461.29936,0
2024-01-20 00:00:00.000,41662.1,41883.5,41453.6,41691.8,95866.062,2024-01-20 23:59:59.999,3989874076.29828,1350118,47395.270,1972576689.99542,0
2024-01-21 00:00:00.000,41691.8,41880.9,41500.0,41580.0,67035.552,2024-01-21 23:59:59.999,2795034232.08641,1011538,33267.189,1387114417.88662,0
2024-01-22 00:00:00.000,41579.9,41692.3,39402.0,39567.0,459024.106,2024-01-22 23:59:59.999,18601094756.09346,5215198,221559.288,8980786542.59356,0
2024-01-23 00:00:00.000,39567.1,40172.7,38545.0,39890.0,414373.386,2024-01-23 23:59:59.999,16262676717.26893,4996338,206872.825,8120360043.90706,0
2024-01-24 00:00:00.000,39889.9,40560.6,39493.3,40078.7,272754.171,2024-01-24 23:59:59.999,10898797410.02247,3577649,137526.518,5496207538.88882,0
2024-01-25 00:00:00.000,40078.8,40300.0,39535.3,39953.3,203728.679,2024-01-25 23:59:59.999,8134002285.16447,2660878,101721.426,4061761814.52410,0
2024-01-26 00:00:00.000,39953.3,42239.3,39813.1,41806.4,355418.478,2024-01-26 23:59:59.999,14627005545.10650,4170436,183407.862,7545764057.51518,0
2024-01-27 00:00:00.000,41806.4,42187.1,41360.1,42102.2,118437.114,2024-01-27 23:59:59.999,4949330917.72336,1602331,58359.399,2439172746.10856,0
2024-01-28 00:00:00.000,42102.2,42836.0,41600.0,42021.2,205736.453,2024-01-28 23:59:59.999,8694654832.16972,2623969,102732.529,4342295182.27932,0
2024-01-29 00:00:00.000,42021.2,43340.8,41768.3,43287.7,249502.11,2024-01-29 23:59:59.999,10615111402.26071,3264398,126814.070,5396362634.93750,0
2024-01-30 00:00:00.000,43287.6,43888.0,42665.6,42918.3,257582.784,2024-01-30 23:59:59.999,11174336066.69975,3279938,127240.221,5521555765.99806,0
2024-01-31 00:00:00.000,42918.3,43748.6,42257.6,42560.5,313069.11,2024-01-31 23:59:59.999,13443352429.15163,3894405,156366.219,6715650062.85712,0
2024-02-01 00:00:00.000,42560.5,43288.0,41866.8,43072.6,274321.107,2024-02-01 23:59:59.999,11658501786.30592,3366630,137388.932,5840117814.44018,0
2024-02-02 00:00:00.000,43072.6,43480.0,42512.7,43182.0,205767.574,2024-02-02 23:59:59.999,8854896870.13836,2609694,102857.802,4427096388.70144,0
2024-02-03 00:00:00.000,43182.0,43372.2,42858.3,42992.4,89735.22,2024-02-03 23:59:59.999,3867372627.98708,1184516,43576.701,1878320062.99414,0
2024-02-04 00:00:00.000,42992.4,43112.1,42176.7,42570.3,127421.548,2024-02-04 23:59:59.999,5453304864.80739,1639173,61808.732,2645869182.56388,0
2024-02-05 00:00:00.000,42570.3,43580.0,42235.1,42692.9,240655.549,2024-02-05 23:59:59.999,10308099591.89269,3020351,120655.290,5168353034.63723,0
2024-02-06 00:00:00.000,42692.9,43378.8,42559.8,43079.1,196157.643,2024-02-06 23:59:59.999,8429315912.62482,2349996,97614.641,4195174982.26100,0
2024-02-07 00:00:00.000,43079.1,44388.0,42763.4,44326.2,252057.708,2024-02-07 23:59:59.999,10954644814.28782,2929944,130579.297,5675987977.28190,0
2024-02-08 00:00:00.000,44326.3,45600.0,44306.8,45269.1,299738.288,2024-02-08 23:59:59.999,13472865468.76801,3448195,150413.123,6761188131.92740,0
2024-02-09 00:00:00.000,45269.2,48230.3,45218.1,47116.1,519919.419,2024-02-09 23:59:59.999,24408544252.73436,5650447,266454.921,12508255349.16633,0
2024-02-10 00:00:00.000,47116.1,48189.6,46836.4,47732.6,179626.604,2024-02-10 23:59:59.999,8517076446.27700,2285021,91198.273,4324631270.60389,0
2024-02-11 00:00:00.000,47732.6,48600.0,47539.4,48303.4,209951.626,2024-02-11 23:59:59.999,10111698916.38982,2680053,105168.316,5065428436.66205,0
2024-02-12 00:00:00.000,48303.4,50413.2,47702.0,49943.6,450895.202,2024-02-12 23:59:59.999,22160439674.17040,5410318,229461.763,11279389489.43873,0
2024-02-13 00:00:00.000,49943.6,50428.8,48301.0,49696.4,382348.085,2024-02-13 23:59:59.999,18877386934.64820,4735916,187369.079,9252322651.26047,0
2024-02-14 00:00:00.000,49696.4,52100.0,49215.7,51823.2,395191.791,2024-02-14 23:59:59.999,20230765100.11763,4979944,202339.246,10357567701.86297,0
2024-02-15 00:00:00.000,51823.1,52859.0,51334.9,51898.5,392724.603,2024-02-15 23:59:59.999,20470765163.49206,5071385,194206.651,10124718243.08555,0
2024-02-16 00:00:00.000,51898.4,52623.0,51611.7,52148.6,259819.793,2024-02-16 23:59:59.999,13526420001.52013,3599586,129912.166,6763851036.28675,0
2024-02-17 00:00:00.000,52148.7,52192.8,50647.5,51679.4,222342.005,2024-02-17 23:59:59.999,11434408252.82568,2933206,110404.236,5678326211.43959,0
2024-02-18 00:00:00.000,51679.5,52450.0,51178.0,52175.9,166636.426,2024-02-18 23:59:59.999,8636668534.04451,2535098,82558.355,4279808820.87837,0
2024-02-19 00:00:00.000,52175.9,52532.9,51688.8,51813.8,196387.978,2024-02-19 23:59:59.999,10243057368.09604,2984130,97120.200,5065816013.56385,0
2024-02-20 00:00:00.000,51813.7,53090.9,50788.0,52297.4,388913.064,2024-02-20 23:59:59.999,20209071433.34851,4725341,191609.587,9958190682.55356,0
2024-02-21 00:00:00.000,52297.3,52402.3,50528.4,51877.8,308127.301,2024-02-21 23:59:59.999,15814919137.63912,3939518,151274.425,7765226442.49357,0
2024-02-22 00:00:00.000,51877.9,52130.8,50967.5,51316.9,244144.647,2024-02-22 23:59:59.999,12596855772.34223,3185280,120428.135,6213980738.34822,0
2024-02-23 00:00:00.000,51316.9,51576.3,50512.7,50771.9,215474.562,2024-02-23 23:59:59.999,11000943935.52790,2838186,103486.305,5284377929.58768,0
2024-02-24 00:00:00.000,50771.9,51736.6,50611.4,51602.1,104944.457,2024-02-24 23:59:59.999,5375932540.32768,1581717,53616.220,2746901077.96253,0
2024-02-25 00:00:00.000,51602.1,52050.0,51300.4,51764.9,122177.26,2024-02-25 23:59:59.999,6314690489.48664,1737312,61208.274,3163965668.71564,0
2024-02-26 00:00:00.000,51764.9,54991.8,50922.5,54511.6,393466.231,2024-02-26 23:59:59.999,20859521852.00051,4559698,204557.843,10848941110.67955,0
2024-02-27 00:00:00.000,54511.7,57780.0,54495.0,57074.5,511475.535,2024-02-27 23:59:59.999,28943003745.31963,6037486,261279.379,14782114126.33708,0
2024-02-28 00:00:00.000,57074.5,64300.0,56730.1,62487.9,1010118.442,2024-02-28 23:59:59.999,61121395260.18302,10470544,512372.977,31009740327.25936,0
2024-02-29 00:00:00.000,62487.9,63762.8,60452.0,61203.3,584713.883,2024-02-29 23:59:59.999,36342923573.76713,7991451,288332.344,17923415792.93351,0
2024-03-01 00:00:00.000,61203.3,63199.0,60844.8,62430.6,299231.827,2024-03-01 23:59:59.999,18555341528.19973,4242562,149192.047,9251925530.42108,0
2024-03-02 00:00:00.000,62430.6,62513.1,61605.0,62039.9,159283.629,2024-03-02 23:59:59.999,9880073062.42179,2445321,78157.054,4848585077.14658,0
2024-03-03 00:00:00.000,62039.9,63330.9,61339.5,63178.5,200312.503,2024-03-03 23:59:59.999,12480586261.48198,2976490,100689.426,6275449929.04907,0
2024-03-04 00:00:00.000,63178.5,68600.0,62299.0,68296.4,632882.144,2024-03-04 23:59:59.999,41606992664.57328,8622486,315954.494,20769345645.10813,0
2024-03-05 00:00:00.000,68296.5,69350.0,59112.0,63747.4,1053025.132,2024-03-05 23:59:59.999,68785497181.28033,11587828,506125.171,33083366233.69872,0
2024-03-06 00:00:00.000,63747.5,67729.5,62829.3,66128.1,534011.813,2024-03-06 23:59:59.999,35282709655.61008,6780080,264966.526,17505717164.11994,0
2024-03-07 00:00:00.000,66128.0,68101.3,65609.3,66870.0,296092.788,2024-03-07 23:59:59.999,19831473590.15860,4405527,147654.750,9889788645.76925,0
2024-03-08 00:00:00.000,66870.0,70330.8,66120.0,68180.2,459387.207,2024-03-08 23:59:59.999,31244040068.19154,5980692,231568.743,15755981790.23659,0
2024-03-09 00:00:00.000,68180.2,68608.7,67908.7,68360.1,94899.005,2024-03-09 23:59:59.999,6480692325.81410,1537614,45581.279,3113000772.60940,0
2024-03-10 00:00:00.000,68360.2,69999.8,68155.0,69001.8,233596.523,2024-03-10 23:59:59.999,16185393841.67323,3375720,116161.406,8049563344.88834,0
2024-03-11 00:00:00.000,69001.8,72890.0,67000.0,72153.8,474396.897,2024-03-11 23:59:59.999,33718116318.48710,6424784,238156.809,16928784715.47152,0
2024-03-12 00:00:00.000,72153.9,73370.0,68600.0,71503.2,472072.331,2024-03-12 23:59:59.999,33679961862.90980,6616949,231739.524,16538750903.78605,0
2024-03-13 00:00:00.000,71503.3,73755.0,71388.1,73127.6,288446.338,2024-03-13 23:59:59.999,20996680531.98601,4413774,144767.213,10538493126.41221,0
2024-03-14 00:00:00.000,73127.6,73881.4,68600.0,71455.5,513901.237,2024-03-14 23:59:59.999,36716558419.97936,7086199,252641.121,18055167204.84591,0
2024-03-15 00:00:00.000,71455.6,72500.0,65580.0,69552.2,705810.685,2024-03-15 23:59:59.999,48272589072.43203,9432499,343300.728,23485737211.50229,0
2024-03-16 00:00:00.000,69552.1,70097.6,64750.0,65351.0,333426.129,2024-03-16 23:59:59.999,22541723738.08737,4728369,158811.135,10743916091.24294,0
2024-03-17 00:00:00.000,65351.0,68972.4,64559.8,68447.9,314890.309,2024-03-17 23:59:59.999,21028336103.89335,4441202,157746.931,10538915981.19096,0
2024-03-18 00:00:00.000,68447.9,69044.4,66601.6,67660.0,317885.916,2024-03-18 23:59:59.999,21525969323.10516,4929189,157518.056,10667482983.78231,0
2024-03-19 00:00:00.000,67660.0,68178.6,61582.8,61974.1,700466.795,2024-03-19 23:59:59.999,45022413705.43772,8883840,341387.210,21944607883.64712,0
2024-03-20 00:00:00.000,61974.1,68140.0,60800.0,67876.4,637362.465,2024-03-20 23:59:59.999,40691118766.89385,8081289,322745.423,20619446188.00391,0
2024-03-21 00:00:00.000,67876.4,68293.9,64550.1,65539.9,347218.385,2024-03-21 23:59:59.999,23114287433.97302,5314298,170701.466,11368438508.35749,0
2024-03-22 00:00:00.000,65539.9,66691.9,62294.0,63826.0,401149.333,2024-03-22 23:59:59.999,25742798562.87778,5610913,193242.858,12404628469.30646,0
2024-03-23 00:00:00.000,63826.1,66050.0,63020.2,64020.3,239124.0,2024-03-23 23:59:59.999,15454464441.79797,3255774,118901.006,7686603208.46166,0
2024-03-24 00:00:00.000,64020.4,67700.0,63822.0,67260.9,244179.435,2024-03-24 23:59:59.999,15988550837.61994,3674436,127453.119,8347706445.71518,0
2024-03-25 00:00:00.000,67260.9,71228.3,66427.6,69920.5,395156.191,2024-03-25 23:59:59.999,27232095366.19894,5616354,200494.861,13818628576.04482,0
2024-03-26 00:00:00.000,69920.6,71649.0,69320.0,70044.1,307861.116,2024-03-26 23:59:59.999,21669886112.75456,4470979,153843.837,10831152594.30161,0
2024-03-27 00:00:00.000,70044.2,71888.0,68364.8,69532.6,407286.574,2024-03-27 23:59:59.999,28455795608.20996,5468464,201365.779,14073286297.89143,0
2024-03-28 00:00:00.000,69532.6,71636.2,68941.0,70838.7,241970.822,2024-03-28 23:59:59.999,17082567361.70556,3688033,121611.482,8586703564.10696,0
2024-03-29 00:00:00.000,70838.8,70976.9,69000.0,69903.6,187970.841,2024-03-29 23:59:59.999,13153542392.49107,2898786,90312.609,6320726778.39616,0
2024-03-30 00:00:00.000,69903.6,70388.0,69577.2,69642.1,91126.75,2024-03-30 23:59:59.999,6381178971.24793,1469267,44861.628,3141852313.38343,0
2024-03-31 00:00:00.000,69642.0,71495.5,69608.0,71363.0,132458.79,2024-03-31 23:59:59.999,9355678962.74715,1955289,68649.954,4849468552.37815,0
2024-04-01 00:00:00.000,71363.0,71388.0,68103.3,69700.0,282812.126,2024-04-01 23:59:59.999,19638685563.10507,3855192,137263.312,9530831255.99772,0
2024-04-02 00:00:00.000,69700.0,69731.6,64603.2,65505.3,499041.572,2024-04-02 23:59:59.999,33033080048.77764,6306952,237161.633,15695025558.87847,0
2024-04-03 00:00:00.000,65502.4,66940.0,64500.0,65971.9,275041.23,2024-04-03 23:59:59.999,18154927438.74836,3716045,136386.786,9004150179.32951,0
2024-04-04 00:00:00.000,65971.8,69329.7,65100.0,68489.9,326385.338,2024-04-04 23:59:59.999,21993168904.27893,4218217,165264.515,11139494023.46972,0
2024-04-05 00:00:00.000,68489.8,68787.1,65966.0,67825.7,313547.293,2024-04-05 23:59:59.999,21110165189.20931,4246122,155082.742,10443116339.15663,0
2024-04-06 00:00:00.000,67825.8,69708.0,67450.0,68901.6,127343.726,2024-04-06 23:59:59.999,8691055181.73954,2044067,64920.835,4432291812.89030,0
2024-04-07 00:00:00.000,68901.5,70395.0,68820.6,69362.7,171783.436,2024-04-07 23:59:59.999,11941226271.93175,3094007,87513.442,6085046788.87065,0
2024-04-08 00:00:00.000,69362.7,72890.4,69040.4,71678.4,297237.449,2024-04-08 23:59:59.999,21244762968.03559,5294493,152755.361,10917069772.29398,0
2024-04-09 00:00:00.000,71678.3,71820.6,68216.0,69189.3,334059.403,2024-04-09 23:59:59.999,23375265337.43875,5431596,160558.807,11237036576.48242,0
2024-04-10 00:00:00.000,69189.2,71412.2,67546.2,70681.7,337774.756,2024-04-10 23:59:59.999,23325641513.82547,5376395,167241.536,11554062305.40367,0
2024-04-11 00:00:00.000,70681.8,71387.4,69592.6,70055.7,256194.153,2024-04-11 23:59:59.999,18046895525.55698,4391518,127153.925,8958246885.04106,0
2024-04-12 00:00:00.000,70055.6,71297.0,65102.0,67136.4,415528.149,2024-04-12 23:59:59.999,28466614548.62947,5589326,199599.598,13685584443.99834,0
2024-04-13 00:00:00.000,67136.4,67975.4,59652.5,63939.7,515005.203,2024-04-13 23:59:59.999,33367903479.68061,6679641,245812.903,15937487127.49542,0
2024-04-14 00:00:00.000,63939.7,65822.1,62139.3,65615.9,395770.133,2024-04-14 23:59:59.999,25338078893.58177,5695785,196030.060,12553905287.50409,0
2024-04-15 00:00:00.000,65615.9,66874.9,62242.5,63392.7,381532.225,2024-04-15 23:59:59.999,24677843958.38368,5541668,186902.326,12093422630.04127,0
2024-04-16 00:00:00.000,63392.8,64356.3,61521.0,63765.0,405931.439,2024-04-16 23:59:59.999,25471361626.36620,5816515,202402.987,12702757951.55800,0
2024-04-17 00:00:00.000,63764.9,64483.3,59625.0,61254.5,444032.992,2024-04-17 23:59:59.999,27402345105.77818,6013417,217665.156,13434667791.21996,0
2024-04-18 00:00:00.000,61254.5,64100.0,60763.8,63445.0,363302.394,2024-04-18 23:59:59.999,22708533755.01486,5247504,182854.996,11431133049.65166,0
2024-04-19 00:00:00.000,63445.0,65480.0,59541.0,63787.4,574264.058,2024-04-19 23:59:59.999,36332133260.93782,7729583,287739.633,18209274035.11942,0
2024-04-20 00:00:00.000,63787.4,65400.0,63045.1,64897.2,197142.262,2024-04-20 23:59:59.999,12657413510.99301,3203773,99413.059,6383438008.33587,0
2024-04-21 00:00:00.000,64897.2,65678.7,64214.2,64912.6,160533.948,2024-04-21 23:59:59.999,10421155519.37300,2772884,80394.915,5219698272.50876,0
2024-04-22 00:00:00.000,64912.7,67222.0,64470.5,66778.0,246268.411,2024-04-22 23:59:59.999,16249055489.46204,3973101,125262.792,8266508163.95470,0
2024-04-23 00:00:00.000,66777.9,67158.9,65750.0,66386.3,178665.564,2024-04-23 23:59:59.999,11872124257.87610,2963037,87654.874,5824990179.25970,0
2024-04-24 00:00:00.000,66386.2,67068.2,63575.0,64250.0,280545.061,2024-04-24 23:59:59.999,18306883252.62620,4159461,135426.134,8837738834.72650,0
2024-04-25 00:00:00.000,64250.0,65270.6,62721.3,64478.8,275211.062,2024-04-25 23:59:59.999,17615966077.84840,4225388,135809.911,8695083535.74010,0
2024-04-26 00:00:00.000,64478.8,64783.1,63291.5,63748.8,202149.813,2024-04-26 23:59:59.999,12953589145.91850,3162787,101321.070,6493095200.12160,0
2024-04-27 00:00:00.000,63748.7,63901.4,62332.8,63421.0,167349.109,2024-04-27 23:59:59.999,10551185173.95390,2753952,81226.942,5121532300.51870,0
2024-04-28 00:00:00.000,63420.9,64350.0,62700.0,63088.3,126056.151,2024-04-28 23:59:59.999,8016661482.17870,2107056,61663.900,3922114045.40610,0
2024-04-29 00:00:00.000,63088.4,64200.0,61726.2,63842.4,228411.163,2024-04-29 23:59:59.999,14315434994.61380,3576356,113518.040,7117036656.13180,0
2024-04-30 00:00:00.000,63842.4,64700.0,59150.0,60651.2,408747.703,2024-04-30 23:59:59.999,25092892151.66800,5955376,198449.988,12187483940.32830,0
2024-05-01 00:00:00.000,60651.2,60816.7,56537.7,58307.6,564108.4,2024-05-01 23:59:59.999,32693924650.62684,7278617,274396.590,15901900816.17903,0
2024-05-02 00:00:00.000,58307.7,59637.3,56951.6,59036.7,299229.302,2024-05-02 23:59:59.999,17487969119.06051,4078191,149750.249,8753193227.41508,0
2024-05-03 00:00:00.000,59036.7,63333.0,58781.3,62853.7,353606.459,2024-05-03 23:59:59.999,21564253109.51370,4843487,181671.801,11083916767.88180,0
2024-05-04 00:00:00.000,62853.7,64547.9,62520.0,63864.2,205205.199,2024-05-04 23:59:59.999,13034701951.88150,3014542,104727.239,6653855320.83000,0
2024-05-05 00:00:00.000,63864.3,64644.3,62833.0,63988.0,185495.653,2024-05-05 23:59:59.999,11834485753.50080,2839676,94388.436,6023293955.83560,0
2024-05-06 00:00:00.000,63987.9,65500.0,62655.3,63142.8,305110.067,2024-05-06 23:59:59.999,19505860305.10040,4263955,151440.965,9685863252.80110,0
2024-05-07 00:00:00.000,63142.7,64392.2,62203.6,62296.0,238974.646,2024-05-07 23:59:59.999,15159034876.27730,3591426,116629.628,7400547185.92140,0
2024-05-08 00:00:00.000,62296.0,62994.9,60843.6,61157.9,241651.579,2024-05-08 23:59:59.999,15009452763.95640,3494846,118665.049,7372499604.17330,0
2024-05-09 00:00:00.000,61157.9,63447.2,60550.0,63050.1,242451.302,2024-05-09 23:59:59.999,14981786317.72920,3421818,123009.137,7603498702.90480,0
2024-05-10 00:00:00.000,63050.0,63446.5,60117.4,60778.1,307214.96,2024-05-10 23:59:59.999,18938234544.39960,4062914,146348.191,9023426835.25340,0
2024-05-11 00:00:00.000,60778.0,61491.4,60432.6,60809.2,113294.787,2024-05-11 23:59:59.999,6901847057.27590,1791738,56345.489,3432729046.50170,0
2024-05-12 00:00:00.000,60809.2,61849.4,60557.3,61455.8,104043.897,2024-05-12 23:59:59.999,6368574511.44350,1640142,52092.612,3188620815.53530,0
2024-05-13 00:00:00.000,61455.7,63440.0,60750.0,62912.1,261927.073,2024-05-13 23:59:59.999,16330380829.28820,3639895,133130.471,8301000438.05990,0
2024-05-14 00:00:00.000,62912.2,63099.6,60950.0,61550.5,244345.274,2024-05-14 23:59:59.999,15109206760.30440,3486503,119397.236,7383348350.95100,0
2024-05-15 00:00:00.000,61550.5,66440.0,61316.1,66175.4,365031.68,2024-05-15 23:59:59.999,23386517394.03220,5236031,190499.939,12212061046.03310,0
2024-05-16 00:00:00.000,66175.4,66800.0,64567.0,65217.7,242455.324,2024-05-16 23:59:59.999,15938380818.01050,3726304,118301.874,7779249343.00980,0
2024-05-17 00:00:00.000,65217.7,67400.6,65061.2,66980.0,227063.919,2024-05-17 23:59:59.999,15063429110.74200,3410178,115163.560,7641361482.68450,0
2024-05-18 00:00:00.000,66980.0,67340.5,66503.2,66884.9,96931.548,2024-05-18 23:59:59.999,6486954858.05650,1720137,47301.883,3166040479.81790,0
2024-05-19 00:00:00.000,66884.9,67750.0,65835.8,66239.4,148170.35,2024-05-19 23:59:59.999,9905372922.96440,2317479,72802.783,4868303456.17780,0
2024-05-20 00:00:00.000,66239.4,71674.6,66010.0,71466.5,366028.078,2024-05-20 23:59:59.999,25053653945.13510,4894781,191363.961,13104053064.97610,0
2024-05-21 00:00:00.000,71466.5,72132.8,69165.6,70168.8,263674.327,2024-05-21 23:59:59.999,18645631790.23500,3771442,128039.197,9055845428.03280,0
2024-05-22 00:00:00.000,70168.7,70715.4,68736.8,69219.1,194160.494,2024-05-22 23:59:59.999,13560983941.35470,2891356,96781.219,6760740175.00360,0
2024-05-23 00:00:00.000,69219.2,70133.3,66156.6,67999.9,300093.622,2024-05-23 23:59:59.999,20496503158.06270,3796057,147663.348,10085589035.46010,0
2024-05-24 00:00:00.000,67999.9,69273.5,66639.0,68584.1,186681.082,2024-05-24 23:59:59.999,12680535679.16180,2544055,92018.938,6250790249.52980,0
2024-05-25 00:00:00.000,68584.0,69622.8,68523.7,69314.4,85113.605,2024-05-25 23:59:59.999,5877646397.30440,1266856,43907.678,3032009642.05110,0
2024-05-26 00:00:00.000,69314.5,69590.3,68155.0,68524.3,84069.824,2024-05-26 23:59:59.999,5799029948.65810,1314260,40228.585,2775331360.78680,0
2024-05-27 00:00:00.000,68524.4,70750.0,68268.7,69461.6,170291.356,2024-05-27 23:59:59.999,11819516715.69540,2389408,86676.392,6016544788.40320,0
2024-05-28 00:00:00.000,69461.5,69628.0,67273.0,68440.5,227838.44,2024-05-28 23:59:59.999,15550387849.88700,3195316,109660.980,7483877022.92560,0
2024-05-29 00:00:00.000,68440.4,68983.0,67129.0,67686.7,158236.599,2024-05-29 23:59:59.999,10750681624.40710,2408051,77869.590,5291031019.18340,0
2024-05-30 00:00:00.000,67686.8,69568.9,67167.0,68402.5,194573.899,2024-05-30 23:59:59.999,13292940496.79560,2697789,98357.395,6720469711.04050,0
2024-05-31 00:00:00.000,68402.6,69080.0,66700.5,67577.9,195751.752,2024-05-31 23:59:59.999,13295783600.09050,2633330,95439.941,6483400468.14910,0
2024-06-01 00:00:00.000,67577.9,67936.0,67480.0,67799.2,50943.058,2024-06-01 23:59:59.999,3450680244.52590,851468,24992.383,1693048800.10870,0
2024-06-02 00:00:00.000,67799.2,68545.9,67296.3,67805.9,102194.718,2024-06-02 23:59:59.999,6940423185.85990,1495288,51581.936,3503692386.42020,0
2024-06-03 00:00:00.000,67805.9,70372.9,67642.6,68851.4,227676.93,2024-06-03 23:59:59.999,15744535070.29340,2934117,116794.704,8076829033.91210,0
2024-06-04 00:00:00.000,68851.3,71146.4,68595.5,70580.0,216100.016,2024-06-04 23:59:59.999,15102623849.38920,2752219,109761.715,7672646376.47090,0
2024-06-05 00:00:00.000,70580.0,71824.4,70423.6,71133.3,203992.034,2024-06-05 23:59:59.999,14506723806.57470,2649339,101350.188,7207846190.69550,0
2024-06-06 00:00:00.000,71133.3,71714.8,70101.9,70830.0,158483.564,2024-06-06 23:59:59.999,11260906834.14240,2042004,77057.290,5476300994.77820,0
2024-06-07 00:00:00.000,70830.0,72144.0,68405.0,69377.0,299412.37,2024-06-07 23:59:59.999,21108000027.73010,3512756,146009.568,10298557615.92700,0
2024-06-08 00:00:00.000,69377.0,69613.6,69192.3,69346.5,65739.857,2024-06-08 23:59:59.999,4564091530.08890,971096,31722.670,2202396921.01260,0
2024-06-09 00:00:00.000,69346.6,69879.0,69160.0,69667.1,68024.1,2024-06-09 23:59:59.999,4729738225.27340,950681,34212.091,2378929862.90130,0
2024-06-10 00:00:00.000,69667.1,70222.7,69201.2,69558.7,127381.604,2024-06-10 23:59:59.999,8872795631.33450,1604534,63460.847,4420587390.46360,0
2024-06-11 00:00:00.000,69558.8,69600.0,66000.0,67320.7,311984.942,2024-06-11 23:59:59.999,21038478955.28170,3601045,147314.548,9934465474.52760,0
2024-06-12 00:00:00.000,67320.6,70028.0,66920.0,68270.3,329918.46,2024-06-12 23:59:59.999,22649278512.31000,3542192,165298.555,11349060724.63100,0
2024-06-13 00:00:00.000,68270.3,68607.7,66251.1,66786.9,248355.461,2024-06-13 23:59:59.999,16734408853.54570,2930055,122545.812,8257428353.79520,0
2024-06-14 00:00:00.000,66786.8,67366.5,65052.4,66039.7,239411.231,2024-06-14 23:59:59.999,15866317033.62730,2742009,115459.583,7653161850.60020,0
2024-06-15 00:00:00.000,66039.7,66482.6,65801.0,66213.7,72423.755,2024-06-15 23:59:59.999,4794362622.71790,933278,35963.018,2380857318.64820,0
2024-06-16 00:00:00.000,66213.7,66960.3,66012.1,66653.6,80361.551,2024-06-16 23:59:59.999,5344491611.46030,971702,40709.086,2707578966.72730,0
2024-06-17 00:00:00.000,66653.5,67280.6,65094.9,66472.1,248420.787,2024-06-17 23:59:59.999,16425433493.30370,2862439,123564.357,8170749468.73040,0
2024-06-18 00:00:00.000,66472.1,66558.9,64009.8,65150.0,335559.394,2024-06-18 23:59:59.999,21816313661.79880,3702473,162733.278,10580583192.48120,0
2024-06-19 00:00:00.000,65149.9,65711.9,64600.0,64933.6,150032.669,2024-06-19 23:59:59.999,9773747644.96730,1865383,73128.413,4764125976.32390,0
2024-06-20 00:00:00.000,64933.6,66467.0,64526.0,64854.0,220954.676,2024-06-20 23:59:59.999,14443082252.52600,2535825,110113.402,7198302807.56470,0
2024-06-21 00:00:00.000,64854.0,65055.5,63361.2,64124.0,210109.601,2024-06-21 23:59:59.999,13452781556.58920,2587691,100879.403,6459640682.81170,0
2024-06-22 00:00:00.000,64124.1,64520.0,63915.8,64240.0,53855.862,2024-06-22 23:59:59.999,3462300794.00670,711228,26068.831,1676053640.22160,0
2024-06-23 00:00:00.000,64240.1,64500.0,63137.9,63194.9,72052.293,2024-06-23 23:59:59.999,4609994525.56940,952389,34220.414,2190076315.36540,0
2024-06-24 00:00:00.000,63194.9,63357.0,58218.0,60273.6,445903.184,2024-06-24 23:59:59.999,27225661676.17080,4744004,210050.156,12831739591.03600,0
2024-06-25 00:00:00.000,60273.5,62448.1,60230.5,61777.8,264647.317,2024-06-25 23:59:59.999,16245823572.75500,2761391,131574.228,8078166857.81130,0
2024-06-26 00:00:00.000,61777.9,62465.1,60696.0,60860.1,170601.18,2024-06-26 23:59:59.999,10474223643.73330,2072190,85546.810,5252656828.93010,0
2024-06-27 00:00:00.000,60860.1,62379.7,60605.0,61682.0,160172.482,2024-06-27 23:59:59.999,9845346127.87420,1943987,80692.923,4959353424.98080,0
2024-06-28 00:00:00.000,61682.1,62204.0,60038.0,60429.8,195508.125,2024-06-28 23:59:59.999,11963155606.57770,2261011,96784.819,5922589261.40240,0
2024-06-29 00:00:00.000,60429.8,61232.0,60400.1,60982.4,79680.289,2024-06-29 23:59:59.999,4854467389.02330,1008124,39587.752,2411805902.60920,0
2024-06-30 00:00:00.000,60982.5,63058.4,60705.0,62766.0,147777.915,2024-06-30 23:59:59.999,9131797044.07350,1720176,76847.014,4748815160.54930,0
2024-07-01 00:00:00.000,62766.1,63849.0,62502.2,62883.6,193937.938,2024-07-01 23:59:59.999,12249759638.55010,2206156,98856.630,6244453473.66980,0
2024-07-02 00:00:00.000,62883.7,63284.0,61800.0,62123.6,163101.243,2024-07-02 23:59:59.999,10187608652.30550,1764087,81181.232,5071446586.91620,0
2024-07-03 00:00:00.000,62123.5,62278.2,59299.3,60208.0,295303.265,2024-07-03 23:59:59.999,17865344372.01360,2907975,141296.721,8547986226.42930,0
2024-07-04 00:00:00.000,60208.0,60500.0,56560.0,57045.9,445656.277,2024-07-04 23:59:59.999,25874210041.42714,4614925,212409.431,12331244212.69204,0
2024-07-05 00:00:00.000,57045.9,57533.4,53329.5,56604.9,577193.595,2024-07-05 23:59:59.999,32076653813.40088,6185480,281356.153,15637636536.36047,0
2024-07-06 00:00:00.000,56604.9,58472.0,56000.0,58216.0,178580.022,2024-07-06 23:59:59.999,10197761341.39678,2224590,93488.592,5341818153.85595,0
2024-07-07 00:00:00.000,58216.0,58443.0,55688.0,55830.9,210361.981,2024-07-07 23:59:59.999,12037823231.09660,2536176,101582.630,5814850041.48498,0
2024-07-08 00:00:00.000,55831.0,58200.0,54243.1,56686.4,464106.957,2024-07-08 23:59:59.999,26076935449.40952,5117256,234598.041,13184299460.76696,0
2024-07-09 00:00:00.000,56686.4,58290.6,56256.2,58023.2,257237.048,2024-07-09 23:59:59.999,14760474094.36112,3222670,130489.720,7489623352.56281,0
2024-07-10 00:00:00.000,58023.1,59449.6,57125.0,57707.0,254248.937,2024-07-10 23:59:59.999,14799666738.94340,3097510,126404.528,7359910233.26760,0
2024-07-11 00:00:00.000,57707.0,59780.0,57030.0,57315.5,293106.959,2024-07-11 23:59:59.999,17033276319.74740,3492811,145317.613,8448406468.75169,0
2024-07-12 00:00:00.000,57315.7,58500.0,56500.1,57870.0,238100.616,2024-07-12 23:59:59.999,13680239863.68945,2923358,118452.911,6807133430.50846,0
2024-07-13 00:00:00.000,57870.0,59850.0,57728.6,59174.0,157884.322,2024-07-13 23:59:59.999,9257369124.83100,1956364,82455.792,4835688632.66820,0
2024-07-14 00:00:00.000,59173.9,61412.4,59164.0,60766.0,208060.883,2024-07-14 23:59:59.999,12501022268.21220,2645790,107363.688,6452845513.08560,0
2024-07-15 00:00:00.000,60766.0,64870.7,60622.6,64680.6,352222.181,2024-07-15 23:59:59.999,22163838850.23140,4084789,184882.612,11637580341.91530,0
2024-07-16 00:00:00.000,64680.6,65388.0,62350.0,65010.0,375258.616,2024-07-16 23:59:59.999,24015350736.24960,4373415,187258.135,11985560682.21000,0
2024-07-17 00:00:00.000,65010.0,66100.0,63823.0,64055.7,276656.393,2024-07-17 23:59:59.999,17971882430.53800,3334173,137074.592,8906936429.56180,0
2024-07-18 00:00:00.000,64055.8,65173.8,63206.4,63959.9,215648.157,2024-07-18 23:59:59.999,13840486905.31860,2570156,106962.381,6865627708.22800,0
2024-07-19 00:00:00.000,63960.0,67362.8,63266.2,66627.9,311859.805,2024-07-19 23:59:59.999,20380653025.92150,3482778,159849.531,10449365090.73670,0
2024-07-20 00:00:00.000,66627.9,67648.7,66159.1,67095.6,123564.406,2024-07-20 23:59:59.999,8257377670.65340,1624502,62262.551,4161422016.78070,0
2024-07-21 00:00:00.000,67095.6,68351.2,65750.0,68138.0,207228.372,2024-07-21 23:59:59.999,13911463550.00150,2650858,105229.857,7066626519.77330,0
2024-07-22 00:00:00.000,68138.0,68459.7,66538.6,67499.2,192991.391,2024-07-22 23:59:59.999,13023877366.27140,2661310,94973.396,6409941420.02140,0
2024-07-23 00:00:00.000,67499.2,67729.3,65416.5,65916.4,270430.68,2024-07-23 23:59:59.999,17980471984.67930,3400476,133378.428,8866908197.68790,0
2024-07-24 00:00:00.000,65916.3,67087.3,65040.5,65350.8,215079.421,2024-07-24 23:59:59.999,14220076011.17290,2666558,106626.464,7051477551.41860,0
2024-07-25 00:00:00.000,65350.7,66144.0,63456.7,65773.0,319685.441,2024-07-25 23:59:59.999,20623007320.19340,3687826,156338.330,10090063910.13450,0
2024-07-26 00:00:00.000,65773.0,68200.0,65688.2,67882.5,235384.526,2024-07-26 23:59:59.999,15831346144.96490,2790292,118481.678,7969418209.24860,0
2024-07-27 00:00:00.000,67882.5,69381.7,66624.5,67873.8,330982.647,2024-07-27 23:59:59.999,22565690615.42860,3655226,167353.059,11413063208.58470,0
2024-07-28 00:00:00.000,67873.7,68300.0,67037.0,68215.5,116913.935,2024-07-28 23:59:59.999,7921123857.98300,1542508,57897.212,3922606833.00040,0
2024-07-29 00:00:00.000,68215.5,70081.0,66365.8,66750.0,372537.818,2024-07-29 23:59:59.999,25468669202.30540,4092661,183072.335,12524894290.31870,0
2024-07-30 00:00:00.000,66750.1,66966.6,65254.5,66159.3,246551.044,2024-07-30 23:59:59.999,16326143659.43290,2850476,119602.533,7921508169.91560,0
2024-07-31 00:00:00.000,66159.3,66826.3,64500.4,64601.8,246389.446,2024-07-31 23:59:59.999,16232585005.41600,2854932,120770.267,7958375610.41370,0
2024-08-01 00:00:00.000,64601.8,65650.0,62271.2,65328.9,372654.59,2024-08-01 23:59:59.999,23809052629.47340,4147748,179510.319,11470686441.34650,0
2024-08-02 00:00:00.000,65329.0,65577.0,61200.2,61483.7,421628.42,2024-08-02 23:59:59.999,26819683037.26120,5071376,203752.370,12967140245.62260,0
2024-08-03 00:00:00.000,61483.7,62166.0,59800.0,60684.6,290469.956,2024-08-03 23:59:59.999,17722256113.68170,3316200,141057.499,8607441768.12800,0
2024-08-04 00:00:00.000,60684.5,61089.5,57040.0,58144.5,339512.415,2024-08-04 23:59:59.999,20115489532.05642,3601227,163061.040,9666278728.28860,0
2024-08-05 00:00:00.000,58144.5,58286.9,48888.0,54003.1,1281982.025,2024-08-05 23:59:59.999,67990070656.18278,13868038,628048.857,33304783725.51353,0
2024-08-06 00:00:00.000,54003.5,56999.9,53925.3,55991.2,435953.439,2024-08-06 23:59:59.999,24315240364.00699,6034201,219208.730,12228576458.82332,0
2024-08-07 00:00:00.000,55991.3,57699.0,54519.8,55102.9,377442.54,2024-08-07 23:59:59.999,21227975938.72287,4841518,187917.695,10573698082.17641,0
2024-08-08 00:00:00.000,55102.9,62737.2,54672.4,61659.8,470117.508,2024-08-08 23:59:59.999,27555756968.19537,5735604,248506.613,14576729758.96249,0
2024-08-09 00:00:00.000,61659.8,61726.0,59500.0,60808.6,308674.339,2024-08-09 23:59:59.999,18694923855.71210,3963122,154008.457,9328303610.01220,0
2024-08-10 00:00:00.000,60808.6,61450.0,60208.5,60889.9,115593.354,2024-08-10 23:59:59.999,7020704932.13340,1747151,57323.843,3482287683.60850,0
2024-08-11 00:00:00.000,60889.8,62000.0,58255.4,58693.1,202539.076,2024-08-11 23:59:59.999,12164186045.49410,2943796,98529.969,5919328311.29390,0
2024-08-12 00:00:00.000,58693.1,60666.0,57615.0,59323.6,367126.29,2024-08-12 23:59:59.999,21694704705.39280,4993056,183254.227,10831614291.37390,0
2024-08-13 00:00:00.000,59323.7,61545.0,58360.0,60550.5,255934.721,2024-08-13 23:59:59.999,15331334134.77500,3666636,128789.781,7717751373.71390,0
2024-08-14 00:00:00.000,60550.4,61839.7,58367.2,58648.1,295662.808,2024-08-14 23:59:59.999,17731755290.89260,3825424,142977.365,8577450287.19000,0
2024-08-15 00:00:00.000,58648.1,59820.0,55969.0,57511.0,360815.946,2024-08-15 23:59:59.999,20998288458.33781,4554481,175409.953,10209951620.29743,0
2024-08-16 00:00:00.000,57511.1,59780.2,57062.1,58854.9,268756.529,2024-08-16 23:59:59.999,15694579210.80159,3532377,135355.507,7905098666.62320,0
2024-08-17 00:00:00.000,58854.9,59690.2,58769.4,59468.5,77085.532,2024-08-17 23:59:59.999,4568442725.36160,1178380,39276.995,2327958341.65820,0
2024-08-18 00:00:00.000,59468.5,60250.0,58352.0,58390.0,149660.264,2024-08-18 23:59:59.999,8919704463.33930,1988701,74267.606,4427513702.07600,0
2024-08-19 00:00:00.000,58390.1,59585.4,57750.0,59398.5,214043.139,2024-08-19 23:59:59.999,12535025781.46830,2885338,106731.684,6252212774.44820,0
2024-08-20 00:00:00.000,59398.4,61386.0,58501.1,58982.9,287049.13,2024-08-20 23:59:59.999,17203146261.21170,3787132,144312.524,8651274841.98090,0
2024-08-21 00:00:00.000,58982.7,61793.9,58728.9,61120.0,270583.679,2024-08-21 23:59:59.999,16243166180.36950,3668348,135514.303,8137724222.98750,0
2024-08-22 00:00:00.000,61120.0,61392.0,59677.6,60349.9,211098.959,2024-08-22 23:59:59.999,12796969148.47520,2896455,103810.037,6293056465.80950,0
2024-08-23 00:00:00.000,60349.9,65000.0,60301.5,64019.9,382490.709,2024-08-23 23:59:59.999,23801149141.43630,4642357,197465.519,12292542880.90400,0
2024-08-24 00:00:00.000,64020.0,64472.5,63522.7,64116.5,132741.902,2024-08-24 23:59:59.999,8499031623.67870,1917096,66675.710,4269685167.19470,0
2024-08-25 00:00:00.000,64116.6,65175.4,63731.3,64190.2,115546.888,2024-08-25 23:59:59.999,7418612747.51500,1638346,58769.818,3774149537.67650,0
2024-08-26 00:00:00.000,64190.1,64455.8,62750.2,62807.6,195977.222,2024-08-26 23:59:59.999,12456922931.31650,2669531,95792.830,6089811773.39390,0
2024-08-27 00:00:00.000,62807.7,63196.0,57928.2,59384.5,339269.805,2024-08-27 23:59:59.999,20779523749.72680,4148335,161112.925,9874460639.45430,0
2024-08-28 00:00:00.000,59384.4,60197.8,57820.0,59010.0,313788.567,2024-08-28 23:59:59.999,18562796937.10600,4006168,154108.273,9117512955.73850,0
2024-08-29 00:00:00.000,59010.0,61144.9,58655.0,59323.2,233896.685,2024-08-29 23:59:59.999,13998969371.33280,3220101,116163.951,6954182893.43660,0
2024-08-30 00:00:00.000,59323.3,59914.9,57525.0,59096.3,268276.469,2024-08-30 23:59:59.999,15800867331.90450,3445930,132245.238,7790697273.10780,0
2024-08-31 00:00:00.000,59096.4,59436.0,58700.0,58941.9,68866.674,2024-08-31 23:59:59.999,4066497717.58450,1100926,34022.557,2009114119.11510,0
2024-09-01 00:00:00.000,58941.9,59052.7,57123.0,57268.1,222909.914,2024-09-01 23:59:59.999,12933895810.73820,2973388,107912.495,6262209070.85710,0
2024-09-02 00:00:00.000,57268.1,59412.3,57093.0,59112.1,201218.384,2024-09-02 23:59:59.999,11712610829.43700,2791495,105185.507,6124490188.34060,0
2024-09-03 00:00:00.000,59112.2,59790.0,57320.0,57451.9,230196.497,2024-09-03 23:59:59.999,13447232675.75190,2903076,112535.989,6574135554.15860,0
2024-09-04 00:00:00.000,57452.0,58500.0,55555.0,57944.8,326983.311,2024-09-04 23:59:59.999,18654996691.65024,3905351,162532.536,9276036995.57787,0
2024-09-05 00:00:00.000,57944.8,58318.9,55600.0,56145.7,294703.592,2024-09-05 23:59:59.999,16706483191.85918,3623974,142199.828,8062405728.95297,0
2024-09-06 00:00:00.000,56145.7,57000.0,52510.8,53927.7,479063.113,2024-09-06 23:59:59.999,26315512592.25967,5836491,229027.842,12585336491.99278,0
2024-09-07 00:00:00.000,53927.7,54820.2,53725.0,54134.9,127686.594,2024-09-07 23:59:59.999,6925003321.31154,1789526,61481.961,3334529368.32578,0
2024-09-08 00:00:00.000,54134.9,55300.0,53596.5,54839.6,162078.536,2024-09-08 23:59:59.999,8813184978.46583,2060226,80094.047,4355839271.17598,0
2024-09-09 00:00:00.000,54839.6,58153.2,54557.0,57010.0,313094.361,2024-09-09 23:59:59.999,17488710008.56580,3837831,161809.297,9042217664.15334,0
2024-09-10 00:00:00.000,57010.1,58033.2,56361.0,57609.1,228317.676,2024-09-10 23:59:59.999,13034447010.34392,3066469,114113.817,6515452297.27290,0
2024-09-11 00:00:00.000,57609.2,57954.4,55515.2,57306.0,338231.445,2024-09-11 23:59:59.999,19189527027.30010,4339590,166536.314,9449054324.33177,0
2024-09-12 00:00:00.000,57305.6,58606.6,57283.1,58097.0,261449.688,2024-09-12 23:59:59.999,15152600210.52490,3433611,133061.371,7712560982.05330,0
2024-09-13 00:00:00.000,58097.1,60597.0,57594.0,60456.2,277429.492,2024-09-13 23:59:59.999,16347290879.85790,3289248,143075.046,8434334370.77540,0
2024-09-14 00:00:00.000,60456.2,60572.9,59360.1,59964.0,102580.577,2024-09-14 23:59:59.999,6149247444.51590,1497202,49816.107,2986387680.51900,0
2024-09-15 00:00:00.000,59963.9,60369.4,58654.0,59100.5,130524.206,2024-09-15 23:59:59.999,7800793636.42920,1736437,63898.203,3820367680.74490,0
2024-09-16 00:00:00.000,59100.5,59182.2,57446.3,58187.0,250699.432,2024-09-16 23:59:59.999,14603341245.01310,3119099,124364.721,7245223849.43700,0
2024-09-17 00:00:00.000,58187.0,61345.0,57588.8,60281.0,318442.066,2024-09-17 23:59:59.999,19038330615.67440,3715666,162650.990,9728263253.47190,0
2024-09-18 00:00:00.000,60281.0,61765.0,59138.0,61735.3,355729.312,2024-09-18 23:59:59.999,21417510491.09410,4185877,178557.030,10753245281.71380,0
2024-09-19 00:00:00.000,61735.3,63830.1,61534.0,62926.9,302382.412,2024-09-19 23:59:59.999,18960165410.28460,3599751,154468.425,9685219302.77870,0
2024-09-20 00:00:00.000,62926.9,64126.7,62320.0,63175.7,257172.835,2024-09-20 23:59:59.999,16250975201.09950,3091262,127396.139,8050898578.36490,0
2024-09-21 00:00:00.000,63175.8,63546.9,62714.2,63320.6,78248.362,2024-09-21 23:59:59.999,4936698095.06510,1073883,39389.066,2485270171.80710,0
2024-09-22 00:00:00.000,63320.6,64000.0,62339.0,63558.4,149129.884,2024-09-22 23:59:59.999,9395420389.82720,1916442,75059.640,4729979286.47550,0
2024-09-23 00:00:00.000,63558.5,64724.8,62534.4,63302.0,234343.564,2024-09-23 23:59:59.999,14896908173.82340,3034337,116291.356,7394263522.14010,0
2024-09-24 00:00:00.000,63302.1,64666.0,62688.2,64243.1,236987.628,2024-09-24 23:59:59.999,15055312109.76380,2854709,118461.883,7527452459.86950,0
2024-09-25 00:00:00.000,64243.2,64800.0,62910.0,63118.4,184950.772,2024-09-25 23:59:59.999,11776674397.84630,2269562,89579.443,5704912795.96050,0
2024-09-26 00:00:00.000,63118.3,65800.0,62634.4,65139.2,321186.356,2024-09-26 23:59:59.999,20718992185.67800,3601296,164114.507,10590411520.53810,0
2024-09-27 00:00:00.000,65139.1,66450.0,64788.0,65749.6,226404.021,2024-09-27 23:59:59.999,14875897055.11340,2828264,115294.899,7576778937.05850,0
2024-09-28 00:00:00.000,65749.5,66237.0,65368.1,65822.6,92773.553,2024-09-28 23:59:59.999,6095989647.14800,1280637,45357.404,2980985325.19800,0
2024-09-29 00:00:00.000,65822.7,66059.3,65400.0,65568.1,88131.799,2024-09-29 23:59:59.999,5789646713.05380,1294673,44105.125,2897677866.99510,0
2024-09-30 00:00:00.000,65568.2,65588.8,62825.0,63309.1,296848.373,2024-09-30 23:59:59.999,18997631918.35860,3646635,142277.859,9104886260.43830,0
2024-10-01 00:00:00.000,63309.0,64092.6,60128.2,60776.8,429817.835,2024-10-01 23:59:59.999,26755501281.81410,5090159,202041.673,12580934070.05860,0
2024-10-02 00:00:00.000,60776.7,62355.0,59934.9,60622.6,327001.805,2024-10-02 23:59:59.999,19999405207.74720,4403020,165312.966,10112397461.58770,0
2024-10-03 00:00:00.000,60622.7,61452.6,59815.0,60727.2,286137.212,2024-10-03 23:59:59.999,17336091836.27000,4070646,142442.832,8631124732.35740,0
2024-10-04 00:00:00.000,60727.1,62457.1,60434.1,62054.4,234795.836,2024-10-04 23:59:59.999,14447838961.21820,3191780,117924.251,7256208032.65300,0
2024-10-05 00:00:00.000,62054.3,62344.0,61648.0,62023.1,74330.781,2024-10-05 23:59:59.999,4609154133.52220,1165143,36354.653,2254335296.57050,0
2024-10-06 00:00:00.000,62023.1,62961.5,61778.9,62789.3,96413.453,2024-10-06 23:59:59.999,6017121071.27540,1460205,49785.603,3107529360.21940,0
2024-10-07 00:00:00.000,62789.2,64448.2,62091.8,62190.7,298949.375,2024-10-07 23:59:59.999,18940835036.91600,3730708,150408.794,9532075315.19210,0
2024-10-08 00:00:00.000,62190.6,63178.7,61836.0,62131.7,226276.359,2024-10-08 23:59:59.999,14122241997.20830,3007788,113386.113,7077131216.20530,0
2024-10-09 00:00:00.000,62131.8,62520.9,60251.9,60606.4,217302.173,2024-10-09 23:59:59.999,13394677570.44420,2924602,102493.086,6320292483.10310,0
2024-10-10 00:00:00.000,60606.3,61297.0,58900.0,60293.2,262947.653,2024-10-10 23:59:59.999,15860406266.31720,3293428,126668.725,7643262512.47680,0
2024-10-11 00:00:00.000,60293.3,63400.0,60057.8,62509.0,263691.142,2024-10-11 23:59:59.999,16300232843.38460,2987936,136678.025,8451830575.48780,0
2024-10-12 00:00:00.000,62509.0,63462.6,62458.0,63176.0,102784.406,2024-10-12 23:59:59.999,6470178939.69780,1502904,52596.644,3311003190.83580,0
2024-10-13 00:00:00.000,63176.0,63260.0,62020.0,62839.8,129696.156,2024-10-13 23:59:59.999,8122753016.44110,1736972,65051.714,4074161973.89310,0
2024-10-14 00:00:00.000,62839.7,66533.0,62420.0,66064.9,338251.601,2024-10-14 23:59:59.999,21963988365.44900,4101901,178341.255,11578802686.17310,0
2024-10-15 00:00:00.000,66064.9,67953.7,64771.7,67044.1,422005.511,2024-10-15 23:59:59.999,27957041428.08070,5023772,212525.530,14081744812.92180,0
2024-10-16 00:00:00.000,67044.0,68400.0,66724.2,67592.0,254153.501,2024-10-16 23:59:59.999,17177776071.04050,3762374,129797.416,8774346244.89830,0
2024-10-17 00:00:00.000,67592.0,67925.9,66600.0,67401.5,220272.837,2024-10-17 23:59:59.999,14795216327.45120,3150922,108933.392,7317585990.05760,0
2024-10-18 00:00:00.000,67401.5,69000.0,67165.0,68407.8,245301.761,2024-10-18 23:59:59.999,16730949885.21850,3341893,124706.313,8506209999.58710,0
2024-10-19 00:00:00.000,68407.8,68684.9,68000.0,68357.1,68632.108,2024-10-19 23:59:59.999,4686325947.34620,1101059,33351.493,2277466859.36210,0
2024-10-20 00:00:00.000,68357.1,69425.8,68069.8,69020.1,105939.492,2024-10-20 23:59:59.999,7272050313.90200,1491959,55143.159,3786176895.56450,0
2024-10-21 00:00:00.000,69020.2,69566.0,66865.9,67368.8,253437.333,2024-10-21 23:59:59.999,17221797609.56180,3394803,122912.479,8352897546.30190,0
2024-10-22 00:00:00.000,67368.7,67825.0,66536.5,67406.4,218518.977,2024-10-22 23:59:59.999,14691178661.73700,3051273,106501.520,7161365642.60920,0
2024-10-23 00:00:00.000,67406.5,67449.0,65222.3,66647.2,248215.058,2024-10-23 23:59:59.999,16468539329.48640,3273578,119532.632,7931905738.88290,0
2024-10-24 00:00:00.000,66647.3,68842.5,66482.0,68173.8,212340.722,2024-10-24 23:59:59.999,14354067671.95370,2955244,106868.448,7226223379.45200,0
2024-10-25 00:00:00.000,68173.8,68748.0,65557.2,66662.8,348511.871,2024-10-25 23:59:59.999,23454022803.98780,4106320,167089.238,11245950945.23940,0
2024-10-26 00:00:00.000,66662.7,67450.0,66414.1,67071.8,94169.992,2024-10-26 23:59:59.999,6303068381.58350,1522633,47331.442,3168535951.70010,0
2024-10-27 00:00:00.000,67071.9,68306.1,66909.4,67992.6,88468.808,2024-10-27 23:59:59.999,5981933235.93080,1363490,45814.326,3097899762.05210,0
2024-10-28 00:00:00.000,67992.7,70331.0,67584.2,69940.0,256128.622,2024-10-28 23:59:59.999,17649920563.69780,3334954,135854.890,9364715099.58750,0
2024-10-29 00:00:00.000,69939.9,73660.0,69733.0,72739.5,382502.06,2024-10-29 23:59:59.999,27502269768.00910,4796294,199025.299,14310964149.76510,0
2024-10-30 00:00:00.000,72739.5,72984.9,71444.2,72349.0,227108.808,2024-10-30 23:59:59.999,16394681792.45450,3249471,113211.086,8173511312.54960,0
2024-10-31 00:00:00.000,72349.0,72720.3,69705.0,70321.9,256485.328,2024-10-31 23:59:59.999,18260860195.93380,3578458,122732.500,8739091396.84220,0
2024-11-01 00:00:00.000,70321.9,71650.0,68822.5,69495.5,352591.088,2024-11-01 23:59:59.999,24669697590.18230,4618190,170405.189,11925042790.09200,0
2024-11-02 00:00:00.000,69495.4,69913.1,69022.8,69366.6,79314.105,2024-11-02 23:59:59.999,5511280357.91500,1401664,38567.431,2680264487.40800,0
2024-11-03 00:00:00.000,69366.6,69393.7,67446.6,68762.5,226477.376,2024-11-03 23:59:59.999,15481140255.26100,3241078,110474.573,7552569346.65320,0
2024-11-04 00:00:00.000,68762.5,69495.3,66810.0,67834.3,244912.166,2024-11-04 23:59:59.999,16709405013.03920,3684843,120605.019,8229317913.70590,0
2024-11-05 00:00:00.000,67834.4,70537.4,67454.2,69353.1,273070.87,2024-11-05 23:59:59.999,18923323986.08670,3919866,137002.020,9493699734.85340,0
2024-11-06 00:00:00.000,69353.1,76420.0,69272.7,75579.9,677440.286,2024-11-06 23:59:59.999,50043233600.56650,9334179,345735.567,25535530724.84280,0
2024-11-07 00:00:00.000,75579.9,76900.0,74450.0,75859.4,280675.033,2024-11-07 23:59:59.999,21221666454.48560,4431074,139928.414,10582872012.83220,0
2024-11-08 00:00:00.000,75859.4,77182.9,75576.3,76482.2,230370.324,2024-11-08 23:59:59.999,17566203957.74340,3534735,114282.624,8715326346.16310,0
2024-11-09 00:00:00.000,76482.2,76920.0,75683.2,76675.1,117754.034,2024-11-09 23:59:59.999,8994277678.53300,1816643,59583.942,4551928443.17200,0
2024-11-10 00:00:00.000,76675.1,81699.8,76501.1,80410.0,417426.899,2024-11-10 23:59:59.999,33139797917.86550,5763782,215382.123,17097265052.95570,0
2024-11-11 00:00:00.000,80409.9,89800.0,80261.2,88728.9,614141.662,2024-11-11 23:59:59.999,51921309639.71370,8091453,316223.693,26747721809.74700,0
2024-11-12 00:00:00.000,88729.0,90070.1,85159.9,87972.0,639481.584,2024-11-12 23:59:59.999,56145246108.62860,9027355,314356.606,27606998598.80910,0
2024-11-13 00:00:00.000,87972.0,93421.1,86180.0,90413.3,555288.297,2024-11-13 23:59:59.999,49968681554.16390,8571385,277133.514,24945056051.66740,0
2024-11-14 00:00:00.000,90413.3,91846.1,86714.0,87382.7,364621.68,2024-11-14 23:59:59.999,32638189823.33260,6465556,175052.126,15674764672.45050,0
2024-11-15 00:00:00.000,87382.6,91921.5,87111.0,91074.6,314431.908,2024-11-15 23:59:59.999,28084223845.57620,5422261,157612.637,14079368306.96830,0
2024-11-16 00:00:00.000,91074.6,91849.8,90120.0,90643.3,129023.447,2024-11-16 23:59:59.999,11746506687.24780,2572935,63437.962,5776317707.03000,0
2024-11-17 00:00:00.000,90643.2,91539.6,88736.1,89899.9,167504.792,2024-11-17 23:59:59.999,15122853835.94620,3269289,80279.079,7248836908.41830,0
2024-11-18 00:00:00.000,89900.0,92700.0,89422.1,90507.4,333557.11,2024-11-18 23:59:59.999,30393971318.50500,5685709,165196.218,15056824948.46660,0
2024-11-19 00:00:00.000,90507.4,93985.9,90405.6,92335.9,303532.031,2024-11-19 23:59:59.999,27998124860.44330,5066640,154196.033,14225419074.15040,0
2024-11-20 00:00:00.000,92335.9,94849.0,91500.0,94288.0,290044.227,2024-11-20 23:59:59.999,27169810860.10570,4993020,145898.739,13669687515.32390,0
2024-11-21 00:00:00.000,94288.0,99100.0,94008.7,98366.8,418383.136,2024-11-21 23:59:59.999,40626855808.82080,6905515,213934.313,20772603446.41030,0
2024-11-22 00:00:00.000,98366.8,99660.0,97199.9,98921.4,265774.067,2024-11-22 23:59:59.999,26216909526.37850,4555503,130427.272,12867581114.41770,0
2024-11-23 00:00:00.000,98921.5,98937.3,97173.5,97725.5,120358.422,2024-11-23 23:59:59.999,11819741402.08440,2258791,57833.796,5680407129.21680,0
2024-11-24 00:00:00.000,97725.6,98666.0,95822.1,97960.4,173118.84,2024-11-24 23:59:59.999,16831814834.72900,3273568,84519.177,8217593372.25680,0
2024-11-25 00:00:00.000,97960.5,98999.0,92666.0,93064.0,329375.021,2024-11-25 23:59:59.999,31634790118.77920,5330405,156656.185,15053596210.37090,0
2024-11-26 00:00:00.000,93064.0,95064.0,90866.4,92021.4,344929.233,2024-11-26 23:59:59.999,32058954666.34630,6021621,169186.591,15726674891.56900,0
2024-11-27 00:00:00.000,92021.5,97250.0,91864.0,95905.2,237005.987,2024-11-27 23:59:59.999,22446169054.81160,4071168,119608.298,11331448003.07430,0
2024-11-28 00:00:00.000,95905.2,96627.6,94700.1,95694.4,154007.026,2024-11-28 23:59:59.999,14702795800.16060,2817181,77818.663,7429887575.11810,0
2024-11-29 00:00:00.000,95694.4,98713.3,95404.5,97516.3,190520.949,2024-11-29 23:59:59.999,18512741566.78610,3084809,96983.959,9425322800.44920,0
2024-11-30 00:00:00.000,97516.2,97522.1,96150.0,96475.1,93074.218,2024-11-30 23:59:59.999,9004708395.73830,1665673,45055.735,4359094830.71420,0
2024-12-01 00:00:00.000,96475.2,97933.0,95736.5,97265.1,113222.99,2024-12-01 23:59:59.999,10975143904.85590,1872343,56376.584,5466023875.94690,0
2024-12-02 00:00:00.000,97265.0,98266.0,94400.0,95890.5,257613.911,2024-12-02 23:59:59.999,24755123881.90790,4234044,125164.847,12027481647.31620,0
2024-12-03 00:00:00.000,95890.6,96375.0,93605.0,95913.3,206601.98,2024-12-03 23:59:59.999,19688305230.34510,3444469,101902.052,9712617439.87240,0
2024-12-04 00:00:00.000,95913.3,99099.9,94650.8,98669.8,275949.205,2024-12-04 23:59:59.999,26698552379.62400,4179149,138709.043,13423074277.06780,0
2024-12-05 00:00:00.000,98669.8,104630.4,90200.0,97001.5,580277.391,2024-12-05 23:59:59.999,58190879933.22300,9642120,287805.322,28877723631.04590,0
2024-12-06 00:00:00.000,97001.6,101988.8,96429.5,99802.5,282369.608,2024-12-06 23:59:59.999,27983159150.53820,4877066,138602.426,13738512102.07640,0
2024-12-07 00:00:00.000,99802.5,100499.0,98876.9,99899.2,95858.658,2024-12-07 23:59:59.999,9559737335.79180,1929665,46690.787,4656621659.90060,0
2024-12-08 00:00:00.000,99899.2,101457.9,98709.4,101200.0,109755.676,2024-12-08 23:59:59.999,10964662734.31060,2103094,54846.329,5480892590.55530,0
2024-12-09 00:00:00.000,101200.1,101300.0,94039.7,97349.1,326973.59,2024-12-09 23:59:59.999,32095240187.15530,5773645,154603.214,15178921296.59380,0
2024-12-10 00:00:00.000,97349.1,98320.6,94265.5,96602.4,291490.744,2024-12-10 23:59:59.999,28129042004.19550,5651800,145065.327,13999753767.77560,0
2024-12-11 00:00:00.000,96602.3,101880.0,95650.0,101115.3,221807.705,2024-12-11 23:59:59.999,21990321141.77170,4229343,114251.792,11330912751.36300,0
2024-12-12 00:00:00.000,101115.3,102538.4,99280.2,99982.4,215219.075,2024-12-12 23:59:59.999,21703839602.32590,4129177,108312.625,10925625576.31290,0
2024-12-13 00:00:00.000,99982.3,101869.5,99149.6,101371.9,152437.318,2024-12-13 23:59:59.999,15327839534.23430,3042727,76027.654,7643586373.44930,0
2024-12-14 00:00:00.000,101371.9,102638.0,100559.8,101381.0,107680.549,2024-12-14 23:59:59.999,10931716374.33510,2229858,53113.631,5393209129.07340,0
2024-12-15 00:00:00.000,101381.0,105374.6,101200.1,104460.4,157733.916,2024-12-15 23:59:59.999,16239310087.65060,3101360,84467.830,8698622472.89030,0
2024-12-16 00:00:00.000,104460.5,107777.0,103264.6,106023.2,274395.756,2024-12-16 23:59:59.999,28967203114.56230,5278040,138944.346,14670105148.11170,0
2024-12-17 00:00:00.000,106023.2,108366.8,105252.0,106074.6,197773.912,2024-12-17 23:59:59.999,21115019475.69990,4179052,99997.280,10677741430.49600,0
2024-12-18 00:00:00.000,106074.6,106484.6,99951.1,100181.1,328581.935,2024-12-18 23:59:59.999,33924249957.01830,6216898,155604.905,16069941921.91310,0
2024-12-19 00:00:00.000,100181.2,102756.7,95681.2,97434.4,372968.463,2024-12-19 23:59:59.999,37081222303.66210,7425449,179453.917,17848001701.13410,0
2024-12-20 00:00:00.000,97434.3,98243.0,92272.6,97764.4,396188.795,2024-12-20 23:59:59.999,37958727658.27420,7747092,192090.031,18404614563.65250,0
2024-12-21 00:00:00.000,97764.5,99485.0,96375.0,97261.8,161258.48,2024-12-21 23:59:59.999,15758501543.96870,3335893,80347.265,7853653926.31290,0
2024-12-22 00:00:00.000,97261.7,97437.9,94200.0,95153.5,148114.735,2024-12-22 23:59:59.999,14215963268.65060,3134938,70507.415,6767628913.80170,0
2024-12-23 00:00:00.000,95153.4,96499.0,92464.4,94861.1,247211.855,2024-12-23 23:59:59.999,23352438472.94400,5207668,121829.032,11510199532.18420,0
2024-12-24 00:00:00.000,94861.0,99450.0,93525.6,98627.2,211610.632,2024-12-24 23:59:59.999,20467193731.42790,3920298,109376.056,10580880454.97620,0
2024-12-25 00:00:00.000,98626.9,99580.7,97570.0,99379.7,124696.892,2024-12-25 23:59:59.999,12284101310.06620,2722825,62253.484,6133707303.63930,0
2024-12-26 00:00:00.000,99379.6,99950.0,95153.0,95751.0,194857.651,2024-12-26 23:59:59.999,18828963496.91000,3878316,95170.879,9195863626.73160,0
2024-12-27 00:00:00.000,95750.9,97564.5,93440.0,94258.9,206008.243,2024-12-27 23:59:59.999,19664748484.44320,4086656,102046.139,9741715105.66710,0
2024-12-28 00:00:00.000,94258.9,95700.0,94100.0,95259.1,67991.349,2024-12-28 23:59:59.999,6441586533.22910,1613529,35331.939,3347872125.46630,0
2024-12-29 00:00:00.000,95259.1,95300.0,92961.8,93700.0,95047.934,2024-12-29 23:59:59.999,8949366966.58030,1990464,44931.737,4231864476.59380,0
2024-12-30 00:00:00.000,93699.9,95031.6,91510.0,92759.3,222343.593,2024-12-30 23:59:59.999,20718759693.37400,4401173,111061.003,10352744732.74160,0
2024-12-31 00:00:00.000,92759.3,96254.3,92000.0,93548.9,178648.116,2024-12-31 23:59:59.999,16839152825.52850,3535447,91654.172,8640104348.41820,0
2025-01-01 00:00:00.000,93548.8,95161.2,92796.5,94580.9,91236.66,2025-01-01 23:59:59.999,8572615379.77510,1804360,45712.481,4296719477.46090,0
2025-01-02 00:00:00.000,94580.9,97822.4,94357.4,96967.5,181645.495,2025-01-02 23:59:59.999,17520373569.67460,3485887,91670.018,8844274083.05830,0
2025-01-03 00:00:00.000,96967.6,98949.0,96061.5,98145.7,125220.674,2025-01-03 23:59:59.999,12191508268.32130,2447503,62635.650,6100956961.67880,0
2025-01-04 00:00:00.000,98145.7,98760.9,97438.2,98173.2,71914.634,2025-01-04 23:59:59.999,7047067115.15750,1425236,34608.531,3391666127.76310,0
2025-01-05 00:00:00.000,98173.2,98852.6,97227.0,98340.2,74949.289,2025-01-05 23:59:59.999,7346604757.87060,1416760,36787.547,3606330342.23360,0
2025-01-06 00:00:00.000,98340.2,102444.0,97872.6,102180.4,207493.329,2025-01-06 23:59:59.999,20828553113.39480,3872847,106223.517,10662927605.40190,0
2025-01-07 00:00:00.000,102180.5,102762.1,96153.0,96920.3,258711.309,2025-01-07 23:59:59.999,25560001123.22800,4469033,124202.163,12272379694.86840,0
2025-01-08 00:00:00.000,96920.2,97242.2,92500.0,95014.1,262012.113,2025-01-08 23:59:59.999,24890488875.36570,5034341,125746.041,11946830838.16460,0
2025-01-09 00:00:00.000,95014.0,95358.7,91055.8,92505.9,257760.902,2025-01-09 23:59:59.999,23994411572.69750,4976061,122609.978,11417561891.89930,0
2025-01-10 00:00:00.000,92506.0,95882.5,92173.6,94675.5,261942.954,2025-01-10 23:59:59.999,24636484066.71690,4889944,131544.773,12376535032.85150,0
2025-01-11 00:00:00.000,94675.6,94988.0,93802.1,94562.5,64661.763,2025-01-11 23:59:59.999,6101597708.53980,1369972,31163.719,2940960226.65830,0
2025-01-12 00:00:00.000,94562.4,95444.0,93661.1,94499.9,77298.133,2025-01-12 23:59:59.999,7302019629.83690,1571748,38243.259,3613115317.81440,0
2025-01-13 00:00:00.000,94499.9,95934.5,88909.0,94485.3,361150.49,2025-01-13 23:59:59.999,33357739608.82990,6407451,174597.800,16132783770.24380,0
2025-01-14 00:00:00.000,94485.4,97353.9,94305.4,96514.9,212859.661,2025-01-14 23:59:59.999,20455516830.07080,4065158,109290.334,10503730503.85280,0
2025-01-15 00:00:00.000,96514.9,100658.9,96450.2,100460.0,222417.566,2025-01-15 23:59:59.999,21890262973.65290,4026826,114044.233,11227791509.16740,0
2025-01-16 00:00:00.000,100460.0,100850.0,97293.6,99937.4,216802.52,2025-01-16 23:59:59.999,21512694586.07270,3912749,106931.954,10609333702.80320,0
2025-01-17 00:00:00.000,99937.4,105784.0,99902.0,104042.5,249449.969,2025-01-17 23:59:59.999,25723721360.39010,4489396,129505.273,13354794528.71220,0
2025-01-18 00:00:00.000,104042.6,104962.1,102242.8,104524.3,167940.092,2025-01-18 23:59:59.999,17403566499.77490,3308318,82838.623,8586609801.98830,0
2025-01-19 00:00:00.000,104524.3,106450.0,99600.0,101311.5,280949.178,2025-01-19 23:59:59.999,29174848452.05040,5347056,139324.607,14473672517.52180,0
2025-01-20 00:00:00.000,101311.5,110000.0,99501.0,102247.6,530508.18,2025-01-20 23:59:59.999,55636481995.31620,10954393,264671.225,27754752489.88730,0
2025-01-21 00:00:00.000,102247.7,107241.6,100097.2,106114.5,273296.828,2025-01-21 23:59:59.999,28422391304.19500,6773872,137255.680,14280891116.91680,0
2025-01-22 00:00:00.000,106115.4,106390.0,103211.6,103664.9,151243.528,2025-01-22 23:59:59.999,15829573488.17100,3771385,74815.093,7830997423.28900,0
2025-01-23 00:00:00.000,103664.9,106840.2,101211.0,103864.1,418154.019,2025-01-23 23:59:59.999,43515004634.54940,8556453,206938.749,21543146961.14340,0
2025-01-24 00:00:00.000,103864.0,107076.5,102680.0,104808.1,165746.95,2025-01-24 23:59:59.999,17435123504.27420,3964568,83393.686,8775081488.14890,0
2025-01-25 00:00:00.000,104808.0,105274.7,104040.6,104702.0,65630.163,2025-01-25 23:59:59.999,6869072101.76180,1653111,32840.336,3437604625.51880,0
2025-01-26 00:00:00.000,104702.0,105496.9,102450.3,102560.1,75787.087,2025-01-26 23:59:59.999,7903655326.05260,1627122,35869.344,3742534806.63050,0
2025-01-27 00:00:00.000,102560.0,103216.5,97680.0,102021.3,325689.874,2025-01-27 23:59:59.999,32694557659.07460,7400145,156956.501,15756518585.95550,0
2025-01-28 00:00:00.000,102021.3,103797.0,100235.0,101279.6,169917.261,2025-01-28 23:59:59.999,17380446310.66140,3946858,83140.626,8505451808.11730,0
2025-01-29 00:00:00.000,101279.7,104755.0,101269.7,103698.2,169989.952,2025-01-29 23:59:59.999,17464739221.27130,3968545,85699.010,8805219310.55860,0
2025-01-30 00:00:00.000,103698.1,106450.0,103224.5,104676.9,136967.4,2025-01-30 23:59:59.999,14403072504.99930,3003472,69611.533,7320676423.15950,0
2025-01-31 00:00:00.000,104676.9,106000.0,101509.0,102379.7,172237.817,2025-01-31 23:59:59.999,17878626999.90510,3554639,84961.162,8819624879.13870,0
2025-02-01 00:00:00.000,102379.8,102734.9,100215.0,100603.6,90863.091,2025-02-01 23:59:59.999,9240331525.59120,2078447,41605.579,4232004108.36640,0
2025-02-02 00:00:00.000,100603.6,101426.0,96029.6,97664.5,232934.693,2025-02-02 23:59:59.999,22949597609.48260,4938568,110296.111,10866284794.43150,0
2025-02-03 00:00:00.000,97664.5,102456.0,91130.3,101293.7,455088.034,2025-02-03 23:59:59.999,43861859909.71870,9447064,223647.345,21568873586.59650,0
2025-02-04 00:00:00.000,101293.6,101729.3,96100.0,97709.9,262746.203,2025-02-04 23:59:59.999,26009379200.56070,5493800,129124.324,12780935015.17150,0
2025-02-05 00:00:00.000,97710.0,99124.2,96106.1,96553.2,151379.666,2025-02-05 23:59:59.999,14787603373.43950,3469799,75494.667,7375761705.73190,0
2025-02-06 00:00:00.000,96553.2,99093.0,95613.5,96515.1,161521.013,2025-02-06 23:59:59.999,15732382004.60250,3536819,81877.093,7976520545.38390,0
2025-02-07 00:00:00.000,96515.0,100112.4,95555.0,96454.5,223373.629,2025-02-07 23:59:59.999,21837468262.46590,4285021,109960.027,10751019146.77500,0
2025-02-08 00:00:00.000,96454.5,96850.0,95600.0,96411.9,69050.432,2025-02-08 23:59:59.999,6644122527.12040,1556064,33693.238,3242334181.83900,0
2025-02-09 00:00:00.000,96412.0,97301.7,94650.1,96423.6,101177.286,2025-02-09 23:59:59.999,9736102711.94280,2020676,48790.479,4695821364.85380,0
2025-02-10 00:00:00.000,96423.6,98328.0,95200.1,97379.2,132932.545,2025-02-10 23:59:59.999,12909986839.92990,2797120,66003.413,6410342979.18640,0
2025-02-11 00:00:00.000,97379.2,98482.2,94814.3,95731.4,154832.904,2025-02-11 23:59:59.999,14974331187.23190,2870437,78111.297,7555540729.58120,0
2025-02-12 00:00:00.000,95731.4,98090.9,94003.9,97816.3,202448.079,2025-02-12 23:59:59.999,19439638352.87940,3777676,101345.223,9733747320.04580,0
2025-02-13 00:00:00.000,97816.3,98053.8,95160.1,96560.6,142240.526,2025-02-13 23:59:59.999,13680787136.67680,2882655,70609.214,6791245532.57450,0
2025-02-14 00:00:00.000,96560.6,98792.8,96225.7,97445.1,144452.957,2025-02-14 23:59:59.999,14050947379.43660,2698910,72407.897,7044416595.56260,0
2025-02-15 00:00:00.000,97445.2,97941.2,97170.0,97538.0,47418.593,2025-02-15 23:59:59.999,4625304231.21280,1122506,23589.946,2301136556.07420,0
2025-02-16 00:00:00.000,97538.0,97665.8,96002.0,96067.0,56684.873,2025-02-16 23:59:59.999,5495964821.89010,1178659,28140.784,2728106444.23340,0
2025-02-17 00:00:00.000,96067.0,97000.0,95150.6,95743.2,105576.986,2025-02-17 23:59:59.999,10136667892.90530,2123453,52837.371,5073257431.45700,0
2025-02-18 00:00:00.000,95743.1,96737.3,93321.6,95622.0,179173.362,2025-02-18 23:59:59.999,17034410558.30450,3299676,88832.523,8445742855.10690,0
2025-02-19 00:00:00.000,95622.0,96878.7,95012.5,96598.0,124996.873,2025-02-19 23:59:59.999,11992996490.35160,2363817,63086.712,6053366880.60420,0
2025-02-20 00:00:00.000,96597.9,98662.1,96366.0,98252.9,129180.172,2025-02-20 23:59:59.999,12598925800.64490,2405719,64867.841,6326977120.73490,0
2025-02-21 00:00:00.000,98252.8,99431.5,94830.4,96127.9,250618.273,2025-02-21 23:59:59.999,24420588679.30150,4068903,124529.311,12133862614.74290,0
2025-02-22 00:00:00.000,96128.0,96988.0,95701.9,96503.3,65792.15,2025-02-22 23:59:59.999,6345520284.09280,1273107,32970.239,3180377726.23420,0
2025-02-23 00:00:00.000,96503.3,96602.9,95180.2,96218.4,69298.691,2025-02-23 23:59:59.999,6647362791.99900,1246308,32959.317,3161812711.09470,0
2025-02-24 00:00:00.000,96218.4,96470.0,91300.0,91514.5,217488.75,2025-02-24 23:59:59.999,20543195679.43060,3909950,104378.439,9865664651.18920,0
2025-02-25 00:00:00.000,91514.5,92500.0,86020.4,88639.1,472296.502,2025-02-25 23:59:59.999,41894200562.92060,8369213,230468.657,20442958202.15420,0
2025-02-26 00:00:00.000,88639.1,89367.1,82222.0,84208.5,401141.821,2025-02-26 23:59:59.999,34536661991.64540,6847973,193276.120,16645210564.26130,0
2025-02-27 00:00:00.000,84208.6,87066.0,82667.0,84668.1,269408.53,2025-02-27 23:59:59.999,22931080203.54310,5083388,134703.889,11467445743.38040,0
2025-02-28 00:00:00.000,84668.2,85084.5,78200.2,84299.6,536343.231,2025-02-28 23:59:59.999,43686395142.19320,9672296,262633.603,21393439885.16450,0
2025-03-01 00:00:00.000,84299.6,86516.5,83779.0,86007.7,146996.671,2025-03-01 23:59:59.999,12515888419.98250,3014683,74405.406,6335243654.41020,0
2025-03-02 00:00:00.000,86007.7,94971.0,85015.0,94222.8,364711.538,2025-03-02 23:59:59.999,32943383217.41270,6300424,186997.224,16884419268.03260,0
2025-03-03 00:00:00.000,94222.0,94373.4,85029.0,86192.7,436032.402,2025-03-03 23:59:59.999,39107649568.93030,8664891,212309.797,19040499467.09230,0
2025-03-04 00:00:00.000,86193.3,88931.0,81200.0,87245.9,432434.798,2025-03-04 23:59:59.999,36591012063.21030,9150619,214743.474,18174066508.11510,0
2025-03-05 00:00:00.000,87245.9,91000.0,86328.0,90566.1,279001.09,2025-03-05 23:59:59.999,24826777816.65920,5960009,139026.346,12372571302.61900,0
2025-03-06 00:00:00.000,90566.1,92780.3,87790.5,89887.8,303058.632,2025-03-06 23:59:59.999,27350634937.00790,6061685,151593.360,13681706392.89260,0
2025-03-07 00:00:00.000,89887.9,91257.7,84600.0,86753.8,452474.195,2025-03-07 23:59:59.999,39785179157.30450,8215927,223754.968,19681724970.59570,0
2025-03-08 00:00:00.000,86753.8,86876.5,85108.0,86184.7,96106.187,2025-03-08 23:59:59.999,8274279764.80360,2043283,47297.675,4072452064.50180,0
2025-03-09 00:00:00.000,86184.7,86470.6,79933.4,80688.8,221609.348,2025-03-09 23:59:59.999,18439154205.80680,4087644,106112.910,8831516359.23630,0
2025-03-10 00:00:00.000,80690.7,84031.5,77410.1,78567.8,416386.797,2025-03-10 23:59:59.999,33576468153.03270,7504174,208814.004,16845572362.19050,0
2025-03-11 00:00:00.000,78567.8,83600.0,76560.0,82896.0,390779.169,2025-03-11 23:59:59.999,31496850047.13840,6700221,195834.159,15789737050.24720,0
2025-03-12 00:00:00.000,82896.0,84487.0,80578.5,83640.7,306171.124,2025-03-12 23:59:59.999,25257040236.94630,5204106,151645.580,12511698555.40410,0
2025-03-13 00:00:00.000,83640.7,84307.1,79903.4,81085.4,247960.052,2025-03-13 23:59:59.999,20339091216.64170,4136157,122081.993,10013322135.98310,0
2025-03-14 00:00:00.000,81085.5,85270.2,80772.0,83939.8,233544.708,2025-03-14 23:59:59.999,19480400183.00680,3668098,117011.970,9762569628.25720,0
2025-03-15 00:00:00.000,83939.9,84625.0,83564.5,84302.9,76674.97,2025-03-15 23:59:59.999,6452002481.00530,1360801,39046.913,3285717870.92020,0
2025-03-16 00:00:00.000,84303.0,85136.0,81925.6,82541.6,174630.7,2025-03-16 23:59:59.999,14560229989.66320,2961719,87189.041,7268415968.38450,0
2025-03-17 00:00:00.000,82541.6,84727.1,82384.0,83962.9,182662.082,2025-03-17 23:59:59.999,15243760952.73710,3126276,89902.776,7503060657.57960,0
2025-03-18 00:00:00.000,83963.0,83979.8,81113.5,82666.1,188897.749,2025-03-18 23:59:59.999,15546964609.49730,3234435,93706.244,7712643369.08860,0
2025-03-19 00:00:00.000,82666.2,86990.0,82501.8,86809.8,251961.741,2025-03-19 23:59:59.999,21278400806.17070,4041006,130453.798,11024873581.67210,0
2025-03-20 00:00:00.000,86809.8,87500.0,83613.6,84183.6,242943.492,2025-03-20 23:59:59.999,20712134490.68180,3647609,122401.863,10433709034.95920,0
2025-03-21 00:00:00.000,84183.6,84813.6,83122.0,84050.3,144422.271,2025-03-21 23:59:59.999,12128213315.58170,2379726,72427.426,6083061455.59870,0
2025-03-22 00:00:00.000,84050.3,84509.0,83589.5,83804.9,52218.652,2025-03-22 23:59:59.999,4391946161.31910,881860,24657.382,2074332526.13160,0
2025-03-23 00:00:00.000,83804.9,86110.9,83761.2,86044.2,90899.873,2025-03-23 23:59:59.999,7717260188.08990,1395203,48358.398,4106148242.50160,0
2025-03-24 00:00:00.000,86044.1,88752.0,85478.3,87463.4,210907.484,2025-03-24 23:59:59.999,18432550277.63870,3282516,106592.547,9315946461.06580,0
2025-03-25 00:00:00.000,87463.4,88500.0,86260.0,87369.8,173505.289,2025-03-25 23:59:59.999,15155815871.09900,2768708,86657.037,7570229992.00260,0
2025-03-26 00:00:00.000,87369.9,88270.2,85816.3,86873.8,187956.695,2025-03-26 23:59:59.999,16368183043.40190,2620341,90917.376,7918117145.71160,0
2025-03-27 00:00:00.000,86873.9,87722.4,85724.5,87191.2,163451.689,2025-03-27 23:59:59.999,14210148345.96870,2451436,79508.100,6912883489.79930,0
2025-03-28 00:00:00.000,87191.2,87470.0,83531.7,84380.8,222284.56,2025-03-28 23:59:59.999,18906017105.61240,3429988,109001.069,9269785351.17830,0
2025-03-29 00:00:00.000,84380.8,84589.7,81601.0,82604.7,135513.705,2025-03-29 23:59:59.999,11234711035.31150,2216920,65408.377,5422718032.78300,0
2025-03-30 00:00:00.000,82604.8,83490.0,81501.4,82352.8,109565.925,2025-03-30 23:59:59.999,9064725716.81790,1944059,53855.053,4455757412.54540,0
2025-03-31 00:00:00.000,82353.1,83895.8,81222.0,82517.5,212064.576,2025-03-31 23:59:59.999,17489658395.79870,3700495,107182.781,8840032547.45390,0
2025-04-01 00:00:00.000,82517.5,85595.5,82383.3,85120.9,197263.176,2025-04-01 23:59:59.999,16592830383.79360,3204984,99985.019,8411848741.20490,0
2025-04-02 00:00:00.000,85121.0,88500.0,82300.0,82485.1,348964.378,2025-04-02 23:59:59.999,29832752692.17040,5700524,175049.916,14963523237.13740,0
2025-04-03 00:00:00.000,82485.1,83889.2,81172.2,83181.5,239163.519,2025-04-03 23:59:59.999,19745607618.65610,4066509,121059.010,9995687106.88840,0
2025-04-04 00:00:00.000,83181.7,84686.2,81624.6,83861.3,353109.206,2025-04-04 23:59:59.999,29383845902.26800,5495133,175192.252,14576752174.16230,0
2025-04-05 00:00:00.000,83861.4,84244.5,82333.8,83506.1,99574.204,2025-04-05 23:59:59.999,8287351555.45360,1673031,49164.812,4092690380.83050,0
2025-04-06 00:00:00.000,83506.1,83790.5,77111.0,78390.0,281191.753,2025-04-06 23:59:59.999,22582931441.79100,4458658,135853.523,10906301844.53190,0
2025-04-07 00:00:00.000,78390.1,81200.0,74457.0,79140.0,693843.503,2025-04-07 23:59:59.999,53937100469.04900,10521238,346063.905,26911968310.81200,0
2025-04-08 00:00:00.000,79140.1,80832.1,76200.1,76297.9,328409.534,2025-04-08 23:59:59.999,25796580911.52060,5357269,164156.315,12892077293.05060,0
2025-04-09 00:00:00.000,76298.0,83554.9,74578.5,82588.0,560649.862,2025-04-09 23:59:59.999,44072322884.09750,8799174,279060.371,21941548090.15170,0
2025-04-10 00:00:00.000,82587.9,82706.9,78416.0,79560.2,293662.1,2025-04-10 23:59:59.999,23687469484.82990,4989231,144665.485,11670843510.51270,0
2025-04-11 00:00:00.000,79560.3,84300.0,78935.5,83378.3,295777.871,2025-04-11 23:59:59.999,24267636755.01350,4822203,150572.211,12356304190.99680,0
2025-04-12 00:00:00.000,83378.3,85884.2,82756.0,85237.8,158002.837,2025-04-12 23:59:59.999,13313650656.68620,2750499,82997.381,6994512695.91620,0
2025-04-13 00:00:00.000,85237.9,86100.0,82991.5,83713.7,207038.38,2025-04-13 23:59:59.999,17457667797.33170,3377742,104685.133,8828549442.25670,0
2025-04-14 00:00:00.000,83713.8,85755.0,83630.9,84553.9,209349.356,2025-04-14 23:59:59.999,17726843976.26840,3632120,105627.155,8944536222.28040,0
2025-04-15 00:00:00.000,84553.9,86443.0,83560.0,83608.7,184522.182,2025-04-15 23:59:59.999,15709860552.16040,3121181,92743.662,7897738727.04530,0
2025-04-16 00:00:00.000,83608.6,85493.5,83063.9,83990.0,209441.418,2025-04-16 23:59:59.999,17600465000.78820,3500261,104313.038,8765949261.33310,0
2025-04-17 00:00:00.000,83990.1,85441.5,83700.0,84915.0,141033.195,2025-04-17 23:59:59.999,11925437240.44360,2398235,72010.546,6090740216.03830,0
2025-04-18 00:00:00.000,84914.9,85100.0,84260.0,84421.0,55218.842,2025-04-18 23:59:59.999,4669701038.41810,1026255,27406.677,2318092065.54330,0
2025-04-19 00:00:00.000,84421.0,85600.0,84317.2,85046.9,73380.566,2025-04-19 23:59:59.999,6243873371.14000,1278384,37104.342,3157189773.83480,0
2025-04-20 00:00:00.000,85046.9,85283.6,83900.0,85138.8,90651.818,2025-04-20 23:59:59.999,7672458746.81500,1426040,44964.070,3805208941.16240,0
2025-04-21 00:00:00.000,85138.9,88418.2,85100.0,87466.0,274069.871,2025-04-21 23:59:59.999,23894438019.91220,3962240,142309.183,12402163704.52370,0
2025-04-22 00:00:00.000,87466.0,94142.5,87017.5,93404.9,334005.081,2025-04-22 23:59:59.999,30146810687.62330,4829876,177605.550,16036484444.53020,0
2025-04-23 00:00:00.000,93404.9,94904.3,91898.0,93632.1,232748.428,2025-04-23 23:59:59.999,21736791484.55850,3900078,115506.413,10789641621.99900,0
2025-04-24 00:00:00.000,93632.2,93980.6,91619.0,93931.6,157092.728,2025-04-24 23:59:59.999,14589477688.51480,2683732,80302.400,7459609794.26430,0
2025-04-25 00:00:00.000,93931.5,95769.6,92788.0,94591.8,191830.477,2025-04-25 23:59:59.999,18114328489.79020,3288571,94332.019,8908813873.07070,0
2025-04-26 00:00:00.000,94591.8,95157.1,93833.0,94575.7,72538.209,2025-04-26 23:59:59.999,6848477987.11940,1340715,35871.715,3386854791.01900,0
2025-04-27 00:00:00.000,94575.7,95280.5,93547.3,93697.1,83816.183,2025-04-27 23:59:59.999,7891352346.55500,1503584,42053.018,3960324881.56310,0
2025-04-28 00:00:00.000,93697.0,95578.8,92700.0,94969.0,194420.716,2025-04-28 23:59:59.999,18333704018.26040,2926262,97737.227,9216963298.62440,0
2025-04-29 00:00:00.000,94969.0,95426.4,93678.7,94200.1,147831.794,2025-04-29 23:59:59.999,14010734428.51480,2481112,74470.172,7059198792.23640,0
2025-04-30 00:00:00.000,94200.1,95186.5,92848.1,94125.1,170929.31,2025-04-30 23:59:59.999,16099511642.49030,2588053,85918.517,8092754197.72290,0
2025-05-01 00:00:00.000,94125.2,97388.0,94086.7,96423.3,184526.755,2025-05-01 23:59:59.999,17724494702.12160,2825368,96525.420,9270272677.55800,0
2025-05-02 00:00:00.000,96423.2,97865.4,96283.1,96831.2,139197.526,2025-05-02 23:59:59.999,13503167893.55230,2240247,68734.402,6668888338.85060,0
2025-05-03 00:00:00.000,96831.2,96868.4,95700.0,95803.3,71420.629,2025-05-03 23:59:59.999,6871382895.53110,1207124,34360.578,3306264200.83170,0
2025-05-04 00:00:00.000,95803.3,96266.6,94116.4,94230.2,94260.877,2025-05-04 23:59:59.999,8988011491.01100,1550180,46059.520,4393531982.45870,0
2025-05-05 00:00:00.000,94230.2,95165.1,93445.1,94696.7,154902.375,2025-05-05 23:59:59.999,14600852881.65680,2364149,78619.623,7411253704.98740,0
2025-05-06 00:00:00.000,94696.7,96879.5,93327.0,96798.9,173683.066,2025-05-06 23:59:59.999,16444015298.95780,2556838,87234.117,8263124302.70060,0
2025-05-07 00:00:00.000,96798.9,97700.0,95718.5,96988.4,185267.142,2025-05-07 23:59:59.999,17927424779.68890,2739288,92439.664,8946083419.86990,0
2025-05-08 00:00:00.000,96988.4,104305.3,96831.5,103228.1,317422.469,2025-05-08 23:59:59.999,31823810370.56130,4445990,167054.489,16750638859.96040,0
2025-05-09 00:00:00.000,103228.0,104373.0,102240.0,102941.9,172883.922,2025-05-09 23:59:59.999,17811570329.72210,3180781,84963.515,8754550700.11990,0
2025-05-10 00:00:00.000,102941.9,105000.1,102784.0,104788.8,104384.537,2025-05-10 23:59:59.999,10820371034.86270,1979353,53276.115,5524151294.83320,0
2025-05-11 00:00:00.000,104788.8,104950.0,103283.3,104072.7,139136.421,2025-05-11 23:59:59.999,14486322662.42810,2552705,67115.638,6988278773.13640,0
2025-05-12 00:00:00.000,104072.7,105863.1,100678.0,102739.3,256542.699,2025-05-12 23:59:59.999,26551603069.14060,4171603,125366.635,12980428383.55140,0
2025-05-13 00:00:00.000,102739.3,104949.2,101400.0,104082.0,162368.328,2025-05-13 23:59:59.999,16783134050.12250,3009395,80743.479,8346771098.01060,0
2025-05-14 00:00:00.000,104082.0,104319.0,102536.0,103458.1,126264.097,2025-05-14 23:59:59.999,13068576865.37950,2289025,61671.893,6383482493.22300,0
2025-05-15 00:00:00.000,103458.1,104162.8,101270.8,103714.5,176344.106,2025-05-15 23:59:59.999,18109801387.15450,3256600,87513.730,8988229367.11750,0
2025-05-16 00:00:00.000,103714.2,104524.2,103062.3,103412.2,115513.049,2025-05-16 23:59:59.999,11990203384.41200,2303834,57430.060,5961446585.36130,0
2025-05-17 00:00:00.000,103412.2,103658.0,102541.6,103079.6,90372.669,2025-05-17 23:59:59.999,9316018419.61710,1899774,44461.160,4583342965.45960,0
2025-05-18 00:00:00.000,103079.5,106629.8,103052.2,106407.6,173224.284,2025-05-18 23:59:59.999,18124062039.31250,3286266,89890.052,9409858684.50560,0
2025-05-19 00:00:00.000,106407.5,107114.3,102038.8,105531.6,257825.604,2025-05-19 23:59:59.999,26840364600.38800,4455918,126416.817,13162993464.03480,0
2025-05-20 00:00:00.000,105531.5,107292.5,104115.2,106800.1,226187.246,2025-05-20 23:59:59.999,23924084086.07680,3940207,116062.335,12276681726.70150,0
2025-05-21 00:00:00.000,106800.0,110830.0,106037.9,109609.5,413589.854,2025-05-21 23:59:59.999,44576303267.82020,6189752,209506.079,22586385067.00680,0
2025-05-22 00:00:00.000,109609.6,111959.5,109153.4,111662.7,246067.033,2025-05-22 23:59:59.999,27295716075.30180,4612376,124614.990,13824511909.06290,0
2025-05-23 00:00:00.000,111662.6,111770.4,106721.9,107271.5,279480.347,2025-05-23 23:59:59.999,30543709259.44380,4943362,136446.687,14911670323.13490,0
2025-05-24 00:00:00.000,107271.6,109440.2,106836.0,107698.9,165158.758,2025-05-24 23:59:59.999,17895241893.06970,2838855,79136.430,8574692907.35950,0
2025-05-25 00:00:00.000,107699.0,109285.1,106497.0,108955.9,159465.803,2025-05-25 23:59:59.999,17159184232.00910,2938731,76863.251,8270758952.80130,0
2025-05-26 00:00:00.000,108956.0,110400.0,108616.6,109386.8,146992.22,2025-05-26 23:59:59.999,16103265896.33520,2776585,73695.689,8074191754.99520,0
2025-05-27 00:00:00.000,109386.8,110700.0,107438.0,108889.3,223599.905,2025-05-27 23:59:59.999,24452829099.86770,4065296,109504.224,11977737990.22880,0
2025-05-28 00:00:00.000,108889.2,109252.6,106723.9,107723.1,158417.759,2025-05-28 23:59:59.999,17119395349.87690,3009662,77490.091,8375382654.43620,0
2025-05-29 00:00:00.000,107723.1,108860.0,105054.2,105539.9,213101.255,2025-05-29 23:59:59.999,22850297579.77620,3867631,103190.568,11066419508.32050,0
2025-05-30 00:00:00.000,105539.9,106266.0,103555.0,103950.0,219701.302,2025-05-30 23:59:59.999,23083176001.57920,4162110,106922.492,11234606621.34920,0
2025-05-31 00:00:00.000,103949.9,104859.3,103032.1,104544.7,103607.84,2025-05-31 23:59:59.999,10771231013.72780,2173534,50579.791,5258359962.04280,0
2025-06-01 00:00:00.000,104544.6,105823.6,103704.1,105583.3,97420.24,2025-06-01 23:59:59.999,10189734693.27650,1959949,48780.478,5102309101.60380,0
2025-06-02 00:00:00.000,105583.3,105900.0,103600.6,105814.3,158252.918,2025-06-02 23:59:59.999,16568774033.57450,2994803,78240.684,8191502071.49220,0
2025-06-03 00:00:00.000,105814.4,106775.0,104822.4,105330.1,139216.007,2025-06-03 23:59:59.999,14728115908.78510,2606908,69730.139,7376563889.42070,0
2025-06-04 00:00:00.000,105330.1,105967.2,104111.7,104641.8,118534.125,2025-06-04 23:59:59.999,12459563151.84030,2227909,58621.741,6162868431.13100,0
2025-06-05 00:00:00.000,104641.8,105878.3,100305.1,101458.6,246238.674,2025-06-05 23:59:59.999,25426533952.98470,4120064,117166.339,12100737396.27560,0
2025-06-06 00:00:00.000,101458.7,105283.0,101003.4,104240.0,174300.906,2025-06-06 23:59:59.999,18075103218.60380,2910225,86445.603,8964620452.03240,0
2025-06-07 00:00:00.000,104240.1,105878.3,103800.1,105507.5,79833.173,2025-06-07 23:59:59.999,8393331490.52600,1510843,42203.459,4437639700.73160,0
2025-06-08 00:00:00.000,105507.5,106482.6,104927.4,105676.5,75105.104,2025-06-08 23:59:59.999,7939013396.43490,1397725,38745.874,4096542593.33560,0
2025-06-09 00:00:00.000,105676.5,110653.6,105253.2,110227.9,192956.409,2025-06-09 23:59:59.999,20800388814.92730,3206202,103642.886,11174929159.94160,0
2025-06-10 00:00:00.000,110228.0,110367.2,108282.0,110235.4,152216.974,2025-06-10 23:59:59.999,16647654303.54210,2781353,75668.024,8275759237.48930,0
2025-06-11 00:00:00.000,110235.4,110350.0,108001.2,108600.0,134422.321,2025-06-11 23:59:59.999,14691641846.56740,2592990,64951.236,7099898449.83420,0
2025-06-12 00:00:00.000,108600.1,108782.1,105602.0,105609.5,185790.19,2025-06-12 23:59:59.999,19916220925.27970,3320828,88829.222,9526203957.29660,0
2025-06-13 00:00:00.000,105609.4,106141.1,102614.0,106027.3,245935.413,2025-06-13 23:59:59.999,25704797377.64420,4731930,123623.272,12923131340.04480,0
2025-06-14 00:00:00.000,106027.3,106173.6,104225.4,105359.9,79911.57,2025-06-14 23:59:59.999,8391666383.15090,1612153,39484.266,4146393733.03950,0
2025-06-15 00:00:00.000,105359.8,106099.4,104399.9,105534.6,78819.399,2025-06-15 23:59:59.999,8299752647.86760,1615722,39480.384,4157719404.96150,0
2025-06-16 00:00:00.000,105534.7,108900.0,104920.0,106750.1,166813.219,2025-06-16 23:59:59.999,17887208567.03730,3134819,85153.473,9131175475.79720,0
2025-06-17 00:00:00.000,106750.1,107727.4,103300.0,104508.0,226051.863,2025-06-17 23:59:59.999,23808393905.42780,3970409,112258.832,11824212353.61190,0
2025-06-18 00:00:00.000,104508.0,105500.0,103426.1,104832.8,172706.399,2025-06-18 23:59:59.999,18052952724.87750,3219465,86108.275,9001683114.48410,0
2025-06-19 00:00:00.000,104832.8,105185.7,103870.3,104607.1,87710.605,2025-06-19 23:59:59.999,9170655647.46080,1606233,43107.754,4507096083.96640,0
2025-06-20 00:00:00.000,104607.1,106486.2,102255.3,103246.1,199102.135,2025-06-20 23:59:59.999,20795551830.70140,3108911,97416.104,10175736757.05390,0
2025-06-21 00:00:00.000,103246.1,103940.6,100789.9,102079.8,120771.35,2025-06-21 23:59:59.999,12390156115.48650,2033604,58453.589,5997353377.98720,0
2025-06-22 00:00:00.000,102079.8,103362.6,98115.4,100904.7,293562.636,2025-06-22 23:59:59.999,29530840749.92460,4876091,147071.521,14794588601.48750,0
2025-06-23 00:00:00.000,100904.7,106050.0,99547.6,105290.9,297222.041,2025-06-23 23:59:59.999,30424122122.16810,4717211,150465.011,15408831229.47700,0
2025-06-24 00:00:00.000,105291.0,106239.0,104570.8,106034.9,144449.887,2025-06-24 23:59:59.999,15211187542.82340,2565480,71801.201,7561432835.24900,0
2025-06-25 00:00:00.000,106034.9,108095.7,105755.6,107280.0,159277.823,2025-06-25 23:59:59.999,17055576325.51440,2665403,81148.885,8689450609.29510,0
2025-06-26 00:00:00.000,107280.1,108249.9,106500.0,106913.7,114433.386,2025-06-26 23:59:59.999,12286992617.72360,2181091,56752.074,6094349716.90750,0
2025-06-27 00:00:00.000,106913.8,107686.0,106313.1,107010.7,118637.45,2025-06-27 23:59:59.999,12685404247.20560,2005062,60117.113,6428393390.60140,0
2025-06-28 00:00:00.000,107010.6,107538.0,106767.0,107241.0,35670.419,2025-06-28 23:59:59.999,3824571878.03480,747193,18591.878,1993427515.91440,0
2025-06-29 00:00:00.000,107240.9,108499.0,107112.6,108309.8,79448.325,2025-06-29 23:59:59.999,8563401844.12150,1398904,41552.003,4478823238.76370,0
2025-06-30 00:00:00.000,108309.8,108783.9,106686.4,107087.4,114681.386,2025-06-30 23:59:59.999,12341253790.36460,1865096,55900.030,6016047519.27970,0
2025-07-01 00:00:00.000,107087.3,107499.9,105182.6,105637.9,120434.401,2025-07-01 23:59:59.999,12798966761.09810,2043731,58611.964,6229056079.21770,0
2025-07-02 00:00:00.000,105637.9,109690.4,105010.0,108800.0,177567.261,2025-07-02 23:59:59.999,19179636772.55860,2621458,92413.926,9983565784.40090,0
2025-07-03 00:00:00.000,108800.0,110484.0,108480.6,109545.2,141487.997,2025-07-03 23:59:59.999,15492329480.49310,2342574,73227.889,8018864064.81370,0
2025-07-04 00:00:00.000,109545.1,109732.3,107200.0,107935.4,132305.847,2025-07-04 23:59:59.999,14316422935.26060,1957162,64249.699,6952968511.71350,0
2025-07-05 00:00:00.000,107935.3,108368.1,107688.3,108153.4,36660.948,2025-07-05 23:59:59.999,3960654262.16640,734951,18462.029,1994707258.81600,0
2025-07-06 00:00:00.000,108153.4,109684.7,107743.4,109145.8,72388.603,2025-07-06 23:59:59.999,7864421489.32310,1278877,37107.026,4031820476.08090,0
2025-07-07 00:00:00.000,109145.8,109667.3,107456.0,108203.9,106397.578,2025-07-07 23:59:59.999,11536683412.63030,1788546,52139.045,5654097567.20250,0
2025-07-08 00:00:00.000,108203.9,109180.0,107400.0,108873.1,95156.027,2025-07-08 23:59:59.999,10320330229.27380,1658291,47448.078,5146117084.82510,0
2025-07-09 00:00:00.000,108873.2,112036.8,108273.5,111199.9,167834.731,2025-07-09 23:59:59.999,18458201635.89880,2548622,87925.103,9671703908.60700,0
2025-07-10 00:00:00.000,111199.8,117500.0,110432.2,115979.2,225570.213,2025-07-10 23:59:59.999,25573716456.37330,3420723,119208.753,13523225525.24890,0
2025-07-11 00:00:00.000,115979.2,118882.8,115186.7,117500.0,199819.357,2025-07-11 23:59:59.999,23468288934.00470,3481508,100784.694,11836216164.32290,0
2025-07-12 00:00:00.000,117500.0,118176.9,116862.4,117389.3,63722.472,2025-07-12 23:59:59.999,7488784312.84890,1330505,31394.033,3689856558.24850,0
2025-07-13 00:00:00.000,117389.4,119655.0,117164.3,119038.3,90052.381,2025-07-13 23:59:59.999,10670541370.91120,1810973,45809.831,5428490991.08780,0
2025-07-14 00:00:00.000,119038.3,123300.0,118862.6,119816.5,221556.12,2025-07-14 23:59:59.999,26804448428.88770,4034670,113834.673,13772358450.57520,0
2025-07-15 00:00:00.000,119816.5,119919.4,115678.1,117738.5,269977.446,2025-07-15 23:59:59.999,31656599892.94970,4738657,131447.500,15412735685.08970,0
2025-07-16 00:00:00.000,117738.6,120100.0,117017.1,118590.7,159165.948,2025-07-16 23:59:59.999,18903224038.52540,3160880,79673.550,9462555225.87890,0
2025-07-17 00:00:00.000,118590.7,120951.5,117412.8,119176.6,164274.401,2025-07-17 23:59:59.999,19529125659.90340,3301670,82532.264,9814512775.72370,0
2025-07-18 00:00:00.000,119176.5,120846.1,116788.9,117896.4,162246.906,2025-07-18 23:59:59.999,19250655213.59860,3368152,78772.030,9348607437.18440,0
2025-07-19 00:00:00.000,117896.5,118456.0,117245.9,117814.4,52531.193,2025-07-19 23:59:59.999,6197160791.54710,1248912,24526.721,2893580595.87020,0
2025-07-20 00:00:00.000,117814.3,118856.6,116370.1,117216.0,82380.582,2025-07-20 23:59:59.999,9710161747.26490,1751382,39522.257,4660078822.85560,0
2025-07-21 00:00:00.000,117216.1,119720.6,116454.1,117330.2,141885.848,2025-07-21 23:59:59.999,16757943321.43590,2862908,69570.765,8219105667.00040,0
2025-07-22 00:00:00.000,117330.2,120300.1,115865.0,119993.7,186832.45,2025-07-22 23:59:59.999,22133221784.42760,3400863,94591.193,11212737632.94700,0
2025-07-23 00:00:00.000,119993.7,120146.5,117250.0,118713.5,136986.897,2025-07-23 23:59:59.999,16199890830.64180,2483435,66612.552,7878868556.41790,0
2025-07-24 00:00:00.000,118713.4,119469.9,117050.2,118294.3,137377.613,2025-07-24 23:59:59.999,16275419265.94690,2566930,67494.798,7998311440.35440,0
2025-07-25 00:00:00.000,118294.4,118410.8,114667.3,117583.5,260386.754,2025-07-25 23:59:59.999,30217394710.21490,4482676,123156.442,14294237851.14940,0
2025-07-26 00:00:00.000,117583.4,118300.0,117114.2,117889.2,57218.604,2025-07-26 23:59:59.999,6739341628.41940,1160574,28458.148,3352360848.32190,0
2025-07-27 00:00:00.000,117889.3,119766.0,117800.8,119423.4,75978.959,2025-07-27 23:59:59.999,9021870261.93430,1528886,39269.357,4663033730.90000,0
2025-07-28 00:00:00.000,119423.5,119812.0,117388.0,118041.4,106712.329,2025-07-28 23:59:59.999,12646588023.95000,2373905,49363.385,5851265071.16470,0
2025-07-29 00:00:00.000,118041.5,119258.7,116923.0,117897.0,115263.463,2025-07-29 23:59:59.999,13605158270.34450,2551661,55053.068,6499896380.22710,0
2025-07-30 00:00:00.000,117897.1,118763.5,115700.0,117771.0,124917.857,2025-07-30 23:59:59.999,14671863277.40300,2695165,60858.794,7148296382.16450,0
2025-07-31 00:00:00.000,117771.1,118910.0,115373.9,115697.3,135037.467,2025-07-31 23:59:59.999,15883505625.63460,2653586,64854.642,7632959988.19830,0
2025-08-01 00:00:00.000,115697.3,116000.0,112660.0,113244.8,221282.099,2025-08-01 23:59:59.999,25374879723.77360,4671690,106416.826,12205698734.14290,0
2025-08-02 00:00:00.000,113244.8,114000.0,111910.0,112508.8,102459.448,2025-08-02 23:59:59.999,11582327925.57560,2253136,47169.224,5332165044.52070,0
2025-08-03 00:00:00.000,112508.8,114730.0,111850.0,114150.8,63183.869,2025-08-03 23:59:59.999,7180260356.76610,1586907,31097.096,3534100091.68050,0
2025-08-04 00:00:00.000,114150.9,115686.0,114053.8,115002.1,83328.591,2025-08-04 23:59:59.999,9566449201.05070,2122581,40432.436,4642286424.59960,0
2025-08-05 00:00:00.000,115002.1,115073.3,112582.4,114069.6,119316.428,2025-08-05 23:59:59.999,13578532103.25080,2692070,56631.208,6445877392.10480,0
2025-08-06 00:00:00.000,114069.6,115674.2,113304.5,114941.0,98598.67,2025-08-06 23:59:59.999,11289146520.59820,2207330,48509.767,5554848440.68140,0
2025-08-07 00:00:00.000,114941.0,117580.0,114211.4,117419.9,134409.055,2025-08-07 23:59:59.999,15603976236.92760,2477601,70320.817,8162960433.91320,0
2025-08-08 00:00:00.000,117419.9,117591.8,115850.0,116628.2,89828.611,2025-08-08 23:59:59.999,10476168967.77680,2041990,43852.502,5114363104.08760,0
2025-08-09 00:00:00.000,116628.2,117906.7,116304.0,116422.1,77924.534,2025-08-09 23:59:59.999,9109077804.53820,1513938,40145.588,4693361379.96370,0
2025-08-10 00:00:00.000,116422.1,119291.9,116413.2,119255.3,130331.779,2025-08-10 23:59:59.999,15402998283.64030,2420657,65839.952,7779415999.36120,0
2025-08-11 00:00:00.000,119255.3,122450.0,118050.0,118641.9,217088.254,2025-08-11 23:59:59.999,26140833129.32720,4260404,108472.648,13067526473.92270,0
2025-08-12 00:00:00.000,118641.8,120270.0,118154.3,120081.0,125708.555,2025-08-12 23:59:59.999,14984075258.14630,2609039,62783.535,7485321680.12820,0
2025-08-13 00:00:00.000,120080.9,123715.9,118829.0,123323.9,188073.873,2025-08-13 23:59:59.999,22796282824.22410,3654672,93301.574,11312196562.83800,0
2025-08-14 00:00:00.000,123323.9,124545.6,117004.0,118242.2,259801.57,2025-08-14 23:59:59.999,31188419054.09930,4770691,121538.327,14590183740.30540,0
2025-08-15 00:00:00.000,118242.2,119184.0,116736.3,117279.2,120542.357,2025-08-15 23:59:59.999,14214818128.97240,2714933,59281.350,6991379574.40840,0
2025-08-16 00:00:00.000,117279.1,117857.1,117089.7,117329.7,46674.42,2025-08-16 23:59:59.999,5485340879.19250,1042735,22363.887,2628326778.88380,0
2025-08-17 00:00:00.000,117329.8,118558.0,117121.6,117353.8,54386.804,2025-08-17 23:59:59.999,6411151083.02420,1143753,26068.765,3073122879.26020,0
2025-08-18 00:00:00.000,117353.9,117499.4,114605.0,116183.6,147219.779,2025-08-18 23:59:59.999,17039158070.22880,3078165,69088.986,7995299306.21840,0
2025-08-19 00:00:00.000,116183.6,116687.7,112666.6,112824.2,141024.287,2025-08-19 23:59:59.999,16131720046.58870,3133574,67997.774,7778182042.72960,0
2025-08-20 00:00:00.000,112824.1,114569.0,112301.8,114220.5,130522.37,2025-08-20 23:59:59.999,14819274146.38680,2930095,64879.793,7366865522.62610,0
2025-08-21 00:00:00.000,114220.5,114777.0,111944.0,112462.2,96406.356,2025-08-21 23:59:59.999,10907840294.14140,2397213,47004.863,5318559666.85120,0
2025-08-22 00:00:00.000,112462.2,117397.4,111625.9,116897.5,199447.977,2025-08-22 23:59:59.999,22883791440.70280,3835737,99642.896,11432576389.31770,0
2025-08-23 00:00:00.000,116897.5,116988.0,114510.0,115377.1,78419.415,2025-08-23 23:59:59.999,9054235281.62780,1536323,37863.987,4370908825.10670,0
2025-08-24 00:00:00.000,115377.1,115640.0,110484.0,113446.3,133388.002,2025-08-24 23:59:59.999,15148067971.34950,2638475,62689.861,7122684907.12930,0
2025-08-25 00:00:00.000,113446.2,113621.3,109219.8,110064.0,204839.785,2025-08-25 23:59:59.999,22818722034.33740,4182903,97227.324,10831873150.44210,0
2025-08-26 00:00:00.000,110064.1,112330.0,108559.7,111709.9,145041.438,2025-08-26 23:59:59.999,15983443440.89150,3465884,71412.185,7870638924.21600,0
2025-08-27 00:00:00.000,111710.0,112568.5,110306.9,111194.9,114205.122,2025-08-27 23:59:59.999,12739237648.64940,2613099,57009.686,6360193223.37450,0
2025-08-28 00:00:00.000,111194.9,113429.0,110811.0,112507.3,97630.277,2025-08-28 23:59:59.999,10988621821.80740,2252826,48243.477,5429943327.61280,0
2025-08-29 00:00:00.000,112507.3,112585.7,107411.4,108332.4,179725.172,2025-08-29 23:59:59.999,19688668760.05720,3720115,85606.138,9377659144.88230,0
2025-08-30 00:00:00.000,108332.4,108879.6,107281.0,108757.9,60656.883,2025-08-30 23:59:59.999,6572709736.31170,1397811,29582.419,3205457675.08640,0
2025-08-31 00:00:00.000,108758.0,109439.9,108021.0,108208.4,70149.546,2025-08-31 23:59:59.999,7626942442.61100,1474441,35849.920,3897678579.92970,0
2025-09-01 00:00:00.000,108208.4,109874.8,107211.5,109187.9,150280.626,2025-09-01 23:59:59.999,16311045147.88820,3269303,74557.088,8091073396.49200,0
2025-09-02 00:00:00.000,109187.9,111742.1,108333.0,111188.0,175961.356,2025-09-02 23:59:59.999,19401297224.94340,3533098,86748.838,9565971726.02780,0
2025-09-03 00:00:00.000,111187.9,112541.2,110486.9,111659.8,105504.421,2025-09-03 23:59:59.999,11770759661.80710,2363045,51862.786,5786444607.38720,0
2025-09-04 00:00:00.000,111659.7,112136.8,109269.1,110679.4,122300.369,2025-09-04 23:59:59.999,13516026898.71130,2639637,62399.713,6896231004.22840,0
2025-09-05 00:00:00.000,110679.5,113344.3,110153.3,110614.9,193375.404,2025-09-05 23:59:59.999,21608268964.65910,3788859,95520.119,10674991930.16650,0
2025-09-06 00:00:00.000,110614.8,111256.2,109850.0,110135.3,46282.516,2025-09-06 23:59:59.999,5113475710.49390,1043405,21535.745,2379550741.40790,0
2025-09-07 00:00:00.000,110135.2,111559.5,110120.5,111076.0,53840.584,2025-09-07 23:59:59.999,5973071292.84720,1136788,28108.634,3118159009.90870,0
2025-09-08 00:00:00.000,111075.5,112867.6,110566.5,112012.6,99117.859,2025-09-08 23:59:59.999,11088708293.00360,2062136,49613.319,5550460075.51340,0
2025-09-09 00:00:00.000,112012.7,113238.0,110714.9,111499.9,137275.133,2025-09-09 23:59:59.999,15364017571.64210,2548235,68008.526,7611454214.73440,0
2025-09-10 00:00:00.000,111499.9,114287.9,110855.8,113896.8,151901.539,2025-09-10 23:59:59.999,17159405921.20620,2703708,76254.320,8616216430.83320,0
2025-09-11 00:00:00.000,113896.8,115439.0,113340.7,115427.0,113066.078,2025-09-11 23:59:59.999,12912039322.46440,2206093,56557.547,6460867065.08830,0
2025-09-12 00:00:00.000,115427.0,116605.7,114681.5,115978.4,119013.718,2025-09-12 23:59:59.999,13753804629.95520,2321278,60349.365,6973899045.82500,0
2025-09-13 00:00:00.000,115978.4,116245.4,115032.0,115862.7,52529.59,2025-09-13 23:59:59.999,6078193412.40060,1198605,25258.142,2922871088.12560,0
2025-09-14 00:00:00.000,115862.7,116118.6,115057.0,115210.0,55087.99,2025-09-14 23:59:59.999,6368498171.51330,1196136,26632.938,3079192660.16290,0
2025-09-15 00:00:00.000,115210.0,116759.9,114338.5,115300.6,117911.279,2025-09-15 23:59:59.999,13585379833.82680,2531767,57329.104,6606034102.62620,0
2025-09-16 00:00:00.000,115300.5,116910.8,114600.0,116747.3,99446.184,2025-09-16 23:59:59.999,11513690825.04470,2144042,50112.816,5803047123.00280,0
2025-09-17 00:00:00.000,116747.3,117266.4,114623.3,116402.5,158125.07,2025-09-17 23:59:59.999,18348171466.35250,3267980,80225.096,9311626093.76270,0
2025-09-18 00:00:00.000,116402.6,117875.2,116033.5,117017.1,107215.717,2025-09-18 23:59:59.999,12568414009.01900,2327863,51390.531,6024588789.08760,0
2025-09-19 00:00:00.000,117017.1,117406.8,115049.9,115569.5,88151.649,2025-09-19 23:59:59.999,10241717036.89350,1845963,41905.847,4868815014.69980,0
2025-09-20 00:00:00.000,115569.6,116059.2,115343.0,115624.9,32355.678,2025-09-20 23:59:59.999,3744545955.47960,731518,14781.099,1710724205.75910,0
2025-09-21 00:00:00.000,115625.0,115778.0,115137.6,115183.9,32793.431,2025-09-21 23:59:59.999,3786613657.95650,825048,16745.946,1933772183.04190,0
2025-09-22 00:00:00.000,115183.9,115344.6,111469.2,112604.7,159461.568,2025-09-22 23:59:59.999,18039188972.42700,3419373,74182.157,8390032354.47240,0
2025-09-23 00:00:00.000,112604.7,113254.8,111405.1,111947.0,102258.264,2025-09-23 23:59:59.999,11494032424.46550,2460994,51960.799,5841363219.91060,0
2025-09-24 00:00:00.000,111947.0,113895.8,110935.0,113254.0,105314.096,2025-09-24 23:59:59.999,11879548716.19570,2384763,53413.185,6025971750.17650,0
2025-09-25 00:00:00.000,113253.9,113462.1,108574.1,108934.5,178663.741,2025-09-25 23:59:59.999,19825920968.74040,3988053,84186.240,9344320561.00550,0
2025-09-26 00:00:00.000,108934.6,110250.0,108566.0,109588.5,112277.659,2025-09-26 23:59:59.999,12272701459.17910,2904945,56155.899,6138347628.89490,0
2025-09-27 00:00:00.000,109588.5,109700.0,109021.9,109577.3,35871.924,2025-09-27 23:59:59.999,3923401762.55560,875737,17907.531,1958706422.63930,0
2025-09-28 00:00:00.000,109577.2,112300.0,109136.5,112119.6,77247.963,2025-09-28 23:59:59.999,8521046102.08860,1607459,39820.944,4392696394.15820,0
2025-09-29 00:00:00.000,112119.7,114377.2,111501.0,114257.1,125405.709,2025-09-29 23:59:59.999,14160916303.24030,2558792,63042.556,7119074227.58330,0
2025-09-30 00:00:00.000,114257.1,114800.0,112615.3,113988.8,119320.015,2025-09-30 23:59:59.999,13560972134.97250,2649460,60328.767,6856314456.88510,0
2025-10-01 00:00:00.000,113988.7,118631.8,113899.4,118552.4,172989.429,2025-10-01 23:59:59.999,20130425143.68280,3495797,91389.650,10636695052.05990,0
2025-10-02 00:00:00.000,118552.0,120999.0,118226.4,120481.3,145456.938,2025-10-02 23:59:59.999,17369682490.30870,3287990,75869.802,9060382748.58580,0
2025-10-03 00:00:00.000,120481.3,123900.0,119200.0,122182.7,167880.262,2025-10-03 23:59:59.999,20406510432.57450,3823032,86342.249,10498463327.60890,0
2025-10-04 00:00:00.000,122182.6,122781.1,121432.0,122343.2,70479.21,2025-10-04 23:59:59.999,8601963052.16530,1615003,34475.239,4208195407.63040,0
2025-10-05 00:00:00.000,122343.2,125877.3,122088.1,123426.7,162571.0,2025-10-05 23:59:59.999,20109937991.37640,3659205,83698.584,10355400613.06740,0
2025-10-06 00:00:00.000,123426.7,126208.5,123018.5,124628.5,140201.329,2025-10-06 23:59:59.999,17465215135.00390,3633703,69333.392,8639085715.03750,0
2025-10-07 00:00:00.000,124628.6,125098.0,120516.0,121286.5,181899.347,2025-10-07 23:59:59.999,22319390759.21490,4202005,86256.749,10587449140.45240,0
2025-10-08 00:00:00.000,121286.6,124170.6,121005.3,123237.5,127099.786,2025-10-08 23:59:59.999,15572092969.25540,3545539,66136.453,8102821498.20900,0
2025-10-09 00:00:00.000,123237.4,123740.1,119572.8,121579.3,163596.38,2025-10-09 23:59:59.999,19890276384.59020,3938201,76306.798,9277968956.93740,0
2025-10-10 00:00:00.000,121579.4,122497.0,101516.5,112714.9,391963.632,2025-10-10 23:59:59.999,45076825982.40170,8976844,181714.840,20904806013.97560,0
2025-10-11 00:00:00.000,112715.0,113300.1,109501.0,110579.1,163671.59,2025-10-11 23:59:59.999,18268163074.13440,4650728,73785.149,8236139351.94470,0
2025-10-12 00:00:00.000,110579.1,115730.3,109509.3,114894.4,217928.037,2025-10-12 23:59:59.999,24571794294.01690,5262712,108538.204,12235618148.23850,0
2025-10-13 00:00:00.000,114894.5,115912.0,113600.5,115111.9,195996.783,2025-10-13 23:59:59.999,22509504374.60670,4656609,95694.249,10990429088.48730,0
2025-10-14 00:00:00.000,115112.0,115360.2,109802.0,112983.8,259244.496,2025-10-14 23:59:59.999,29101159307.86630,5960214,125148.573,14046611774.70670,0
2025-10-15 00:00:00.000,112983.9,113576.1,110096.9,110699.0,131777.09,2025-10-15 23:59:59.999,14722103584.38900,4671881,64776.533,7236639640.38540,0
2025-10-16 00:00:00.000,110699.1,111960.0,107350.0,108129.4,193544.785,2025-10-16 23:59:59.999,21245415629.67210,6043222,93640.906,10281726978.35180,0
2025-10-17 00:00:00.000,108129.4,109199.8,103470.0,106378.6,242789.692,2025-10-17 23:59:59.999,25744733284.11270,6936137,119199.822,12639240551.22690,0
2025-10-18 00:00:00.000,106378.5,107452.6,106270.0,107117.5,68509.903,2025-10-18 23:59:59.999,7319254840.61800,2088885,32310.238,3452403390.31120,0
2025-10-19 00:00:00.000,107117.5,109399.9,106055.8,108586.2,113473.72,2025-10-19 23:59:59.999,12227415542.33710,3182090,57315.999,6175714778.14570,0
2025-10-20 00:00:00.000,108586.2,111650.0,107377.2,110469.9,139646.949,2025-10-20 23:59:59.999,15403876134.72180,4408575,68490.715,7554196161.50170,0
2025-10-21 00:00:00.000,110469.9,113940.0,107400.0,108253.7,241127.426,2025-10-21 23:59:59.999,26588100130.46520,6899664,118319.639,13041681888.79290,0
2025-10-22 00:00:00.000,108253.8,109160.0,106360.3,107532.0,180893.983,2025-10-22 23:59:59.999,19528248919.20560,5662544,92821.336,10022954942.19960,0
2025-10-23 00:00:00.000,107532.1,111240.0,107462.9,110025.9,129640.717,2025-10-23 23:59:59.999,14194391374.77400,4205445,63778.257,6983205780.05200,0
2025-10-24 00:00:00.000,110026.0,112086.0,109650.0,110965.4,110759.532,2025-10-24 23:59:59.999,12266995720.63840,3645127,54797.291,6069600111.87710,0
2025-10-25 00:00:00.000,110965.4,111903.9,110600.5,111589.4,45269.483,2025-10-25 23:59:59.999,5042907497.61250,1390771,22111.032,2463343649.89400,0
2025-10-26 00:00:00.000,111589.4,115521.7,111200.0,114497.8,97335.387,2025-10-26 23:59:59.999,11025832161.82450,2690149,50148.489,5681747977.36640,0
2025-10-27 00:00:00.000,114497.9,116380.2,113792.4,114064.1,118611.612,2025-10-27 23:59:59.999,13655124505.52050,3606096,57954.035,6673490539.72300,0
2025-10-28 00:00:00.000,114064.2,116074.3,112121.4,112833.5,131088.84,2025-10-28 23:59:59.999,14968353132.78990,3953418,64663.100,7384670851.87600,0
2025-10-29 00:00:00.000,112833.5,113593.0,109026.4,109985.6,163920.866,2025-10-29 23:59:59.999,18302671178.46350,4943718,78716.735,8791661211.28410,0
2025-10-30 00:00:00.000,109985.6,111565.1,106200.0,108263.5,205753.644,2025-10-30 23:59:59.999,22369109428.54780,6330320,100086.671,10882242367.71600,0
2025-10-31 00:00:00.000,108263.6,111233.0,108226.6,109557.3,152063.776,2025-10-31 23:59:59.999,16683797487.54000,4790937,78106.793,8570620336.73030,0
2025-11-01 00:00:00.000,109557.2,110557.0,109351.5,110047.2,41614.221,2025-11-01 23:59:59.999,4579668770.18990,1492868,21133.219,2325832045.63770,0
2025-11-02 00:00:00.000,110047.3,111216.0,109368.9,110494.9,61109.173,2025-11-02 23:59:59.999,6744087828.22750,2070247,29327.591,3237152488.59100,0
2025-11-03 00:00:00.000,110494.9,110711.0,105300.0,106544.0,174258.047,2025-11-03 23:59:59.999,18689862800.36290,5811945,85160.531,9132874748.49100,0
2025-11-04 00:00:00.000,106544.0,107271.9,98888.8,101450.3,281742.16,2025-11-04 23:59:59.999,28973193334.59770,8565646,135745.298,13963735714.40830,0
2025-11-05 00:00:00.000,101450.2,104497.6,98909.7,103837.0,167770.094,2025-11-05 23:59:59.999,17127717826.93930,6086022,85269.272,8705829237.45250,0
2025-11-06 00:00:00.000,103837.0,104210.2,100238.4,101305.6,145029.821,2025-11-06 23:59:59.999,14822272935.66690,5320926,72992.587,7459084026.75040,0
2025-11-07 00:00:00.000,101305.6,104070.7,99200.0,103305.2,163967.458,2025-11-07 23:59:59.999,16618226412.99920,5603055,80661.296,8177204667.15750,0
2025-11-08 00:00:00.000,103305.3,103373.8,101400.1,102269.3,70691.949,2025-11-08 23:59:59.999,7229449979.50400,2559208,33026.898,3377832915.03430,0
2025-11-09 00:00:00.000,102269.3,105440.0,101300.0,104670.6,92367.67,2025-11-09 23:59:59.999,9539326599.96350,3231981,48113.344,4969753127.35830,0
2025-11-10 00:00:00.000,104670.7,106666.0,104205.9,105966.3,120403.538,2025-11-10 23:59:59.999,12736544297.33280,4212652,58544.195,6193456036.56970,0
2025-11-11 00:00:00.000,105966.3,107473.7,102400.0,103005.8,132603.774,2025-11-11 23:59:59.999,13877840027.72050,4760215,64447.961,6747067917.61450,0
2025-11-12 00:00:00.000,103005.8,105297.0,100711.0,101605.8,140876.276,2025-11-12 23:59:59.999,14516821988.27840,4703500,69539.370,7165597522.80570,0
2025-11-13 00:00:00.000,101605.8,104024.6,97959.0,99654.3,236046.799,2025-11-13 23:59:59.999,23845056328.86440,7282484,117795.946,11901855797.97500,0
2025-11-14 00:00:00.000,99654.3,99862.8,93955.0,94544.9,287072.783,2025-11-14 23:59:59.999,27699919078.66390,9131756,135755.023,13096421781.01650,0
2025-11-15 00:00:00.000,94544.9,96800.0,94523.9,95560.3,90220.319,2025-11-15 23:59:59.999,8648839692.43750,3291291,47203.247,4524772600.93300,0
2025-11-16 00:00:00.000,95560.4,96600.0,92922.8,94221.7,135749.509,2025-11-16 23:59:59.999,12858824611.90570,4603648,65150.480,6173742396.48060,0
2025-11-17 00:00:00.000,94221.7,96012.2,91250.0,92169.7,205161.285,2025-11-17 23:59:59.999,19251468313.78950,6449728,98027.621,9200451323.27600,0
2025-11-18 00:00:00.000,92169.8,93799.1,89012.0,92916.9,232691.156,2025-11-18 23:59:59.999,21287650102.19710,7177907,113786.482,10415481419.46530,0
2025-11-19 00:00:00.000,92916.8,92944.8,88564.4,91508.9,226438.45,2025-11-19 23:59:59.999,20531646468.19530,6320482,111594.868,10117818980.80150,0
2025-11-20 00:00:00.000,91509.0,93150.0,86066.6,86601.3,276513.027,2025-11-20 23:59:59.999,24710128018.04120,7702513,133430.073,11927440607.57410,0
2025-11-21 00:00:00.000,86601.4,87465.4,80600.0,85093.5,449804.324,2025-11-21 23:59:59.999,37766204535.20640,12106325,213915.687,17962180053.01720,0
2025-11-22 00:00:00.000,85093.6,85599.9,83456.0,84689.4,94197.055,2025-11-22 23:59:59.999,7944941195.96230,3300973,46882.408,3954513677.78380,0
2025-11-23 00:00:00.000,84689.4,88100.0,84622.0,86807.7,138930.073,2025-11-23 23:59:59.999,12021965924.51500,3866798,69195.248,5988281050.72830,0
2025-11-24 00:00:00.000,86807.6,89177.3,85226.4,88247.1,211113.332,2025-11-24 23:59:59.999,18390268446.53960,5760868,103430.099,9011124358.86840,0
2025-11-25 00:00:00.000,88247.1,88477.6,86061.1,87324.1,149637.655,2025-11-25 23:59:59.999,13058119938.88090,3934906,72724.940,6347967246.03690,0
2025-11-26 00:00:00.000,87324.1,90655.4,86260.9,90438.1,159146.533,2025-11-26 23:59:59.999,14035931374.22260,3774838,77838.103,6867895385.23140,0
2025-11-27 00:00:00.000,90438.0,91931.9,90024.4,91292.2,113685.232,2025-11-27 23:59:59.999,10363381065.75950,2798316,55922.730,5097906484.56030,0
2025-11-28 00:00:00.000,91292.2,93080.0,90155.0,90847.8,146920.347,2025-11-28 23:59:59.999,13439159085.59290,3370293,74510.662,6816775836.85460,0
2025-11-29 00:00:00.000,90847.8,91130.0,90092.7,90765.0,54196.679,2025-11-29 23:59:59.999,4912678291.21220,1422265,26455.920,2398702136.52940,0
2025-11-30 00:00:00.000,90764.9,91934.4,90300.0,90320.6,66139.718,2025-11-30 23:59:59.999,6030481989.37400,1670692,33556.305,3060587530.45730,0
2025-12-01 00:00:00.000,90320.5,90396.9,83786.0,86241.6,296847.166,2025-12-01 23:59:59.999,25577924246.47960,6767987,147776.477,12724515613.28480,0
2025-12-02 00:00:00.000,86241.5,92273.2,86140.1,91249.1,228101.165,2025-12-02 23:59:59.999,20398018617.27610,5320367,115973.460,10368494171.19870,0
2025-12-03 00:00:00.000,91249.1,94185.0,90954.8,93376.7,201298.317,2025-12-03 23:59:59.999,18675815044.30440,5434938,101728.674,9440036623.04580,0
2025-12-04 00:00:00.000,93376.8,94040.0,90822.5,92034.7,146772.427,2025-12-04 23:59:59.999,13597441409.69190,4163902,71951.305,6667329541.12330,0
2025-12-05 00:00:00.000,92034.7,92665.5,87976.3,89288.5,179125.057,2025-12-05 23:59:59.999,16166343889.04620,4515304,88584.311,7995926556.41310,0
2025-12-06 00:00:00.000,89288.6,90257.3,88870.1,89197.1,56826.867,2025-12-06 23:59:59.999,5087173918.79450,1591701,27767.199,2486142416.43780,0
2025-12-07 00:00:00.000,89197.1,91722.0,87688.0,90345.4,129592.005,2025-12-07 23:59:59.999,11615722866.77670,3338858,66100.060,5924783029.45390,0
2025-12-08 00:00:00.000,90345.4,92262.6,89553.8,90610.8,152474.739,2025-12-08 23:59:59.999,13851183299.03890,4053719,75932.690,6898494855.95690,0
2025-12-09 00:00:00.000,90610.8,94555.0,89368.9,92638.4,181930.263,2025-12-09 23:59:59.999,16746767484.46780,4479556,91703.897,8446337566.96070,0
2025-12-10 00:00:00.000,92638.3,94443.7,91520.0,91977.5,160488.78,2025-12-10 23:59:59.999,14848606099.67050,4232140,78008.191,7219031219.02090,0
2025-12-11 00:00:00.000,91977.5,93547.3,89200.0,92477.5,191148.068,2025-12-11 23:59:59.999,17359221855.95210,4805321,94016.625,8539381998.80380,0
2025-12-12 00:00:00.000,92477.6,92719.0,89429.0,90229.6,144844.11,2025-12-12 23:59:59.999,13200125050.18820,3756406,70171.626,6394111063.25650,0
2025-12-13 00:00:00.000,90229.7,90599.0,89711.9,90191.3,36237.733,2025-12-13 23:59:59.999,3269571102.33410,932723,17479.460,1577183376.28970,0
2025-12-14 00:00:00.000,90191.3,90440.0,87504.3,88118.8,92086.654,2025-12-14 23:59:59.999,8202472245.43010,2328828,42720.264,3805644073.48840,0
2025-12-15 00:00:00.000,88118.8,89972.4,85073.0,86389.9,194216.045,2025-12-15 23:59:59.999,17011925792.43250,4934375,94430.912,8272115736.19140,0
2025-12-16 00:00:00.000,86390.0,88143.9,85226.0,87826.3,142225.048,2025-12-16 23:59:59.999,12361523043.79640,4227432,70313.060,6113438681.89170,0
2025-12-17 00:00:00.000,87826.3,90363.2,85261.3,86201.6,208646.748,2025-12-17 23:59:59.999,18228465804.62130,5781931,105691.482,9233349207.38850,0
2025-12-18 00:00:00.000,86201.6,89447.9,84408.6,85469.7,229573.679,2025-12-18 23:59:59.999,19944082984.39680,6086801,114728.003,9969623749.29850,0
2025-12-19 00:00:00.000,85469.8,89374.6,85062.7,88100.0,178284.494,2025-12-19 23:59:59.999,15617337797.65270,5034312,90542.953,7932688826.59740,0
2025-12-20 00:00:00.000,88100.0,88551.8,87698.5,88320.8,35973.848,2025-12-20 23:59:59.999,3171782778.23740,923871,18260.294,1610228535.35120,0
2025-12-21 00:00:00.000,88320.7,89050.0,87548.5,88621.3,67624.388,2025-12-21 23:59:59.999,5968133891.81960,1874966,32712.868,2887602454.75500,0
2025-12-22 00:00:00.000,88621.3,90599.0,87845.0,88581.5,154693.469,2025-12-22 23:59:59.999,13801598552.25260,4180747,77898.364,6951347714.12610,0
2025-12-23 00:00:00.000,88581.5,88904.9,86536.0,87463.0,133657.948,2025-12-23 23:59:59.999,11714876769.24630,3476009,64852.617,5685542045.10420,0
2025-12-24 00:00:00.000,87463.1,88033.3,86355.0,87627.3,81543.508,2025-12-24 23:59:59.999,7107553239.53790,2265487,40807.967,3557644789.48520,0
2025-12-25 00:00:00.000,87627.4,88594.0,86902.1,87182.8,57796.252,2025-12-25 23:59:59.999,5072600548.96330,1544627,27827.130,2442856595.03640,0
2025-12-26 00:00:00.000,87182.8,89557.6,86619.9,87318.2,149971.737,2025-12-26 23:59:59.999,13204732310.09800,3606967,76191.941,6707636492.37970,0
2025-12-27 00:00:00.000,87318.3,87956.9,87203.0,87829.4,27294.109,2025-12-27 23:59:59.999,2388675294.68000,702865,13546.965,1185724776.12080,0
2025-12-28 00:00:00.000,87829.5,88078.3,87402.6,87920.5,37359.964,2025-12-28 23:59:59.999,3278205503.95700,886145,19229.166,1687448428.57950,0
2025-12-29 00:00:00.000,87920.4,90373.4,86760.0,87203.3,190004.209,2025-12-29 23:59:59.999,16787751031.79450,3903591,95283.174,8416033696.75150,0
2025-12-30 00:00:00.000,87203.2,89355.0,86789.0,88455.3,126745.26,2025-12-30 23:59:59.999,11172280215.55080,2751660,62853.527,5540336897.81150,0
2025-12-31 00:00:00.000,88455.2,89192.8,87189.2,87608.2,96768.357,2025-12-31 23:59:59.999,8534611355.54000,2111873,48482.035,4275528251.61570,0
2026-01-01 00:00:00.000,87608.3,88881.4,87508.4,88800.0,47941.303,2026-01-01 23:59:59.999,4221684071.52160,1056983,24309.438,2140634699.04340,0
2026-01-02 00:00:00.000,88800.0,90945.1,88324.4,89951.4,176662.448,2026-01-02 23:59:59.999,15818436364.51320,3761821,88056.870,7886732816.13240,0
2026-01-03 00:00:00.000,89951.5,90716.9,89261.2,90595.8,56891.269,2026-01-03 23:59:59.999,5120704164.66010,1281323,29015.764,2611863035.04100,0
2026-01-04 00:00:00.000,90595.8,91779.7,90595.7,91497.1,73773.029,2026-01-04 23:59:59.999,6733223160.20200,1754310,37402.277,3413859398.85460,0
2026-01-05 00:00:00.000,91497.2,94760.3,91476.5,93822.4,189416.312,2026-01-05 23:59:59.999,17646171283.74050,4067261,97059.465,9042581525.80390,0
2026-01-06 00:00:00.000,93822.3,94415.4,91209.0,93708.0,187443.05,2026-01-06 23:59:59.999,17445560806.77590,3608826,94232.226,8770892721.28980,0
2026-01-07 00:00:00.000,93708.1,93708.1,90634.1,91328.0,148986.85,2026-01-07 23:59:59.999,13680092151.81260,3128555,73299.714,6727596648.75520,0
2026-01-08 00:00:00.000,91328.1,91666.0,89242.0,91059.8,168475.944,2026-01-08 23:59:59.999,15234838673.23060,3683287,84435.026,7635322062.94200,0
2026-01-09 00:00:00.000,91059.8,91999.0,89632.8,90603.6,140394.677,2026-01-09 23:59:59.999,12741216614.73380,3331017,69989.001,6352106377.41890,0
2026-01-10 00:00:00.000,90603.7,90800.0,90351.6,90469.6,25270.741,2026-01-10 23:59:59.999,2289227865.14670,599781,12020.536,1088926580.30110,0
2026-01-11 00:00:00.000,90469.7,91252.5,90175.3,90964.4,43544.382,2026-01-11 23:59:59.999,3951590389.48780,1038354,21293.365,1932532329.09100,0
2026-01-12 00:00:00.000,90964.4,92488.0,90066.0,91252.6,169237.383,2026-01-12 23:59:59.999,15460787326.06710,3781380,82912.104,7572852155.42570,0
2026-01-13 00:00:00.000,91252.5,96863.7,91011.0,95375.2,200545.918,2026-01-13 23:59:59.999,18702759214.68130,4318052,105695.435,9864317696.05910,0
2026-01-14 00:00:00.000,95375.2,97932.1,94413.4,96907.9,182043.491,2026-01-14 23:59:59.999,17517864908.39970,4348837,92286.055,8882328810.85100,0
2026-01-15 00:00:00.000,96908.0,97155.0,95080.0,95567.3,149204.741,2026-01-15 23:59:59.999,14354929430.59580,3798595,75974.818,7310211188.04760,0
2026-01-16 00:00:00.000,95567.4,95825.0,94234.5,95503.7,101218.089,2026-01-16 23:59:59.999,9631783779.46910,2400899,48339.645,4600540806.82060,0
2026-01-17 00:00:00.000,95503.8,95621.9,94977.5,95107.9,38969.233,2026-01-17 23:59:59.999,3713666637.41870,818622,18898.703,1801057681.61830,0
2026-01-18 00:00:00.000,95107.9,95490.0,93550.3,93614.0,62580.393,2026-01-18 23:59:59.999,5933385909.87450,1329656,30549.157,2897470488.18190,0
2026-01-19 00:00:00.000,93614.0,93614.1,91800.0,92589.6,108237.056,2026-01-19 23:59:59.999,10038160831.54190,2825417,53768.893,4986797574.48370,0
2026-01-20 00:00:00.000,92589.6,92845.0,87787.2,88390.6,188076.2,2026-01-20 23:59:59.999,17018198701.37690,4631114,89134.355,8067693049.12730,0
2026-01-21 00:00:00.000,88390.7,90599.5,87205.5,89411.4,208082.615,2026-01-21 23:59:59.999,18550738542.86820,5516402,102546.299,9143105060.37000,0
2026-01-22 00:00:00.000,89411.4,90327.7,88465.6,89518.5,105914.221,2026-01-22 23:59:59.999,9479318940.23080,3188240,52482.607,4697915270.76820,0
2026-01-23 00:00:00.000,89518.4,91195.0,88530.0,89558.7,124825.85,2026-01-23 23:59:59.999,11205111434.18440,3316867,61779.895,5546065367.21530,0
2026-01-24 00:00:00.000,89558.7,89893.9,89116.9,89180.7,30735.937,2026-01-24 23:59:59.999,2749562449.60910,704903,14976.518,1340050881.40530,0
2026-01-25 00:00:00.000,89180.7,89281.6,86021.7,86628.9,124879.363,2026-01-25 23:59:59.999,10926589926.88440,2890811,59390.821,5197048472.47340,0
2026-01-26 00:00:00.000,86628.9,88834.1,86463.2,88300.6,134609.491,2026-01-26 23:59:59.999,11814857414.29170,3655855,66466.747,5834082697.15860,0
2026-01-27 00:00:00.000,88300.6,89499.0,87265.4,89197.8,117926.114,2026-01-27 23:59:59.999,10418692062.98080,3132674,59716.738,5275991529.70270,0
2026-01-28 00:00:00.000,89197.8,90592.7,88786.0,89261.7,123884.859,2026-01-28 23:59:59.999,11091286350.52050,3491891,61737.440,5528477718.53880,0
2026-01-29 00:00:00.000,89261.7,89316.8,83338.3,84604.7,226761.591,2026-01-29 23:59:59.999,19452002164.52360,5246087,107600.597,9231117126.03450,0
2026-01-30 00:00:00.000,84604.7,84697.2,81000.0,84211.4,254794.516,2026-01-30 23:59:59.999,21126748812.48620,7256441,125556.402,10413491253.01050,0
2026-01-31 00:00:00.000,84211.4,84239.5,75500.0,78706.8,271548.511,2026-01-31 23:59:59.999,21725315465.78220,7438979,125677.136,10063492728.06210,0
2026-02-01 00:00:00.000,78706.7,79396.8,75644.0,76931.5,186984.08,2026-02-01 23:59:59.999,14530348059.77700,6762058,89510.966,6959321844.24930,0
2026-02-02 00:00:00.000,76931.6,79311.0,74555.0,78692.5,259646.414,2026-02-02 23:59:59.999,20033127365.07810,10356254,130227.950,10052791614.94390,0
2026-02-03 00:00:00.000,78692.5,78752.7,78428.3,78431.5,903.124,2026-02-03 23:59:59.999,70942371.68440,30045,277.699,21814611.85140,0
