open_time,open,high,low,close,volume,close_time,quote_asset_volume,num_trades,taker_buy_base_volume,taker_buy_quote_volume,ignore
2021-01-01 00:00:00.000,737.18,750.4,714.55,729.77,1952291.25,2021-01-01 23:59:59.999,1435726001.91560,1022268,917268.532,674735299.19568,0
2021-01-02 00:00:00.000,729.7,788.71,715.6,775.02,4176508.581,2021-01-02 23:59:59.999,3166570113.30716,1675287,2045884.505,1551475925.67028,0
2021-01-03 00:00:00.000,775.04,1022.51,769.19,980.24,9610267.802,2021-01-03 23:59:59.999,8696957087.56834,3584354,4657677.769,4214597578.60845,0
2021-01-04 00:00:00.000,980.23,1173.94,890.0,1043.11,12057661.067,2021-01-04 23:59:59.999,12280790632.57096,5214614,5778764.348,5889966213.22539,0
2021-01-05 00:00:00.000,1043.12,1138.92,974.23,1101.29,7526097.093,2021-01-05 23:59:59.999,7963297766.14071,3756458,3629331.553,3840921611.10877,0
2021-01-06 00:00:00.000,1101.29,1218.0,1057.3,1212.64,6952861.553,2021-01-06 23:59:59.999,7952492225.25109,3494566,3321058.126,3800589046.70885,0
2021-01-07 00:00:00.000,1212.98,1297.15,1150.0,1227.12,5807791.01,2021-01-07 23:59:59.999,7101050891.07010,2990880,2772049.386,3390930251.65891,0
2021-01-08 00:00:00.000,1227.5,1279.06,1064.6,1218.39,6994773.234,2021-01-08 23:59:59.999,8338888162.52835,3819568,3312616.534,3949768897.76069,0
2021-01-09 00:00:00.000,1218.55,1314.0,1173.0,1279.96,4157466.015,2021-01-09 23:59:59.999,5122826054.03456,2332783,1987394.900,2450205641.03836,0
2021-01-10 00:00:00.000,1279.96,1354.66,1168.49,1257.96,5913298.389,2021-01-10 23:59:59.999,7633413010.30207,3326148,2781784.245,3593800626.94579,0
2021-01-11 00:00:00.000,1257.95,1264.5,915.2,1086.94,11237262.772,2021-01-11 23:59:59.999,11884458713.94124,6888480,5330729.574,5639590221.46750,0
2021-01-12 00:00:00.000,1086.84,1153.13,1007.0,1050.82,5531356.605,2021-01-12 23:59:59.999,5979396463.61216,3566320,2638374.932,2853269704.49428,0
2021-01-13 00:00:00.000,1050.67,1138.63,987.21,1130.4,4029644.646,2021-01-13 23:59:59.999,4284303782.76047,2781096,1944010.424,2068348623.51240,0
2021-01-14 00:00:00.000,1130.4,1249.32,1087.68,1234.86,4079502.435,2021-01-14 23:59:59.999,4801436186.55306,2522658,1960836.392,2308220044.12361,0
2021-01-15 00:00:00.000,1234.5,1260.0,1070.0,1168.79,5020898.727,2021-01-15 23:59:59.999,5936014554.39960,3358575,2392020.497,2828783904.10233,0
2021-01-16 00:00:00.000,1168.65,1296.79,1152.13,1230.19,3980782.071,2021-01-16 23:59:59.999,4882690374.13278,2865431,1912825.153,2346394635.14904,0
2021-01-17 00:00:00.000,1230.32,1272.28,1165.0,1233.71,3396518.439,2021-01-17 23:59:59.999,4148284417.37915,2848234,1651908.247,2018781238.77250,0
2021-01-18 00:00:00.000,1233.61,1265.96,1183.2,1262.99,2562805.077,2021-01-18 23:59:59.999,3145780782.70752,2072463,1238032.263,1520307506.40987,0
2021-01-19 00:00:00.000,1263.0,1444.05,1255.51,1367.51,6288844.344,2021-01-19 23:59:59.999,8661460016.53140,3890176,3015469.076,4153264139.37802,0
2021-01-20 00:00:00.000,1367.38,1411.38,1236.35,1379.24,5844273.198,2021-01-20 23:59:59.999,7735368865.48017,3605568,2787472.651,3691850377.50564,0
2021-01-21 00:00:00.000,1379.23,1391.0,1083.4,1111.23,6820207.515,2021-01-21 23:59:59.999,8422222242.52244,4232497,3225429.287,3984780487.02147,0
2021-01-22 00:00:00.000,1111.82,1274.52,1041.13,1234.55,5475223.381,2021-01-22 23:59:59.999,6400413550.76259,3498939,2678746.661,3132019760.24392,0
2021-01-23 00:00:00.000,1234.54,1274.0,1197.0,1235.66,2920417.541,2021-01-23 23:59:59.999,3621490157.81458,2103058,1422281.665,1764218917.94195,0
2021-01-24 00:00:00.000,1235.65,1401.88,1221.51,1394.24,3768553.334,2021-01-24 23:59:59.999,4990725961.73751,2620391,1895960.818,2510843703.70461,0
2021-01-25 00:00:00.000,1394.23,1481.46,1293.0,1318.61,5138109.254,2021-01-25 23:59:59.999,7203921848.37190,3373235,2446042.654,3432045420.66001,0
2021-01-26 00:00:00.000,1318.53,1379.5,1244.87,1368.4,4868106.344,2021-01-26 23:59:59.999,6419154907.36397,3330274,2389486.467,3152802892.24343,0
2021-01-27 00:00:00.000,1368.48,1377.9,1206.0,1238.55,5277115.882,2021-01-27 23:59:59.999,6718585856.24908,3583216,2531776.401,3224148736.74322,0
2021-01-28 00:00:00.000,1238.55,1362.94,1217.28,1329.86,3463945.921,2021-01-28 23:59:59.999,4544323851.28896,2615492,1714577.434,2250424392.42802,0
2021-01-29 00:00:00.000,1330.28,1443.0,1285.46,1381.99,5010264.423,2021-01-29 23:59:59.999,6852570488.05573,3646547,2406600.666,3291810474.31575,0
2021-01-30 00:00:00.000,1382.14,1409.35,1328.0,1380.48,2364036.673,2021-01-30 23:59:59.999,3218442098.50122,2016654,1159814.103,1579703446.13367,0
2021-01-31 00:00:00.000,1380.42,1383.7,1281.96,1313.12,2091898.285,2021-01-31 23:59:59.999,2789247028.64788,1745459,980938.920,1307931119.23746,0
2021-02-01 00:00:00.000,1313.09,1379.73,1270.0,1376.48,2282184.993,2021-02-01 23:59:59.999,3023615300.24649,1841919,1133593.179,1502912473.80172,0
2021-02-02 00:00:00.000,1376.74,1551.5,1363.0,1516.26,5098356.241,2021-02-02 23:59:59.999,7431220730.79352,3355992,2499526.773,3644007625.73950,0
2021-02-03 00:00:00.000,1516.2,1672.76,1510.76,1666.0,4407760.724,2021-02-03 23:59:59.999,6966221755.17020,3190764,2171799.519,3434502838.53946,0
2021-02-04 00:00:00.000,1666.1,1703.37,1557.0,1596.0,4966516.757,2021-02-04 23:59:59.999,8136508279.05647,3470922,2348069.915,3848825179.12879,0
2021-02-05 00:00:00.000,1595.93,1767.19,1592.46,1721.16,3518469.104,2021-02-05 23:59:59.999,5947779584.53895,2628410,1716851.526,2902204413.55335,0
2021-02-06 00:00:00.000,1721.03,1748.11,1647.09,1679.34,2991060.685,2021-02-06 23:59:59.999,5059220432.83740,2363495,1409797.953,2385307408.24346,0
2021-02-07 00:00:00.000,1679.38,1695.5,1490.48,1611.99,4063794.078,2021-02-07 23:59:59.999,6470840190.45740,2835190,1915828.659,3050520627.62823,0
2021-02-08 00:00:00.000,1612.0,1782.5,1566.22,1755.61,3884050.435,2021-02-08 23:59:59.999,6554958213.11899,2752510,1876643.362,3167309739.18909,0
2021-02-09 00:00:00.000,1755.6,1830.47,1713.2,1770.79,3388435.791,2021-02-09 23:59:59.999,5963865015.44841,2375549,1627361.442,2865302390.73438,0
2021-02-10 00:00:00.000,1770.99,1848.0,1680.0,1743.31,3442140.65,2021-02-10 23:59:59.999,6073425415.15680,2403599,1636112.194,2888417255.13224,0
2021-02-11 00:00:00.000,1743.3,1827.07,1704.21,1789.32,2256762.199,2021-02-11 23:59:59.999,3999256495.29382,1755149,1084742.684,1922113256.62648,0
2021-02-12 00:00:00.000,1789.32,1872.86,1740.22,1843.08,2650816.264,2021-02-12 23:59:59.999,4780809285.80296,1942543,1295528.595,2337379584.14198,0
2021-02-13 00:00:00.000,1843.08,1878.88,1764.79,1818.02,2381458.551,2021-02-13 23:59:59.999,4331083291.86820,1795873,1132071.471,2059477700.42715,0
2021-02-14 00:00:00.000,1817.86,1857.67,1785.23,1803.59,1773668.237,2021-02-14 23:59:59.999,3236470817.88099,1480018,819483.085,1495445756.79576,0
2021-02-15 00:00:00.000,1804.0,1839.63,1652.0,1781.34,3238695.81,2021-02-15 23:59:59.999,5714101385.26495,2238984,1524726.195,2691076800.47953,0
2021-02-16 00:00:00.000,1781.34,1831.58,1726.01,1784.31,2536777.874,2021-02-16 23:59:59.999,4526508138.96013,1955052,1194945.841,2132951128.29046,0
2021-02-17 00:00:00.000,1784.31,1864.26,1735.66,1849.86,2340915.266,2021-02-17 23:59:59.999,4236223610.15366,1854144,1135793.751,2056039289.37651,0
2021-02-18 00:00:00.000,1849.87,1955.0,1849.37,1941.26,2447343.966,2021-02-18 23:59:59.999,4677799273.31045,1991785,1191392.013,2277217716.61076,0
2021-02-19 00:00:00.000,1941.12,1980.0,1894.0,1958.58,1943898.87,2021-02-19 23:59:59.999,3766473154.64299,1688871,932775.410,1807574899.99218,0
2021-02-20 00:00:00.000,1958.59,2048.0,1792.0,1914.58,3273599.601,2021-02-20 23:59:59.999,6470877708.60090,2451990,1536660.896,3041162056.43990,0
2021-02-21 00:00:00.000,1914.51,1981.04,1885.0,1934.75,2039425.917,2021-02-21 23:59:59.999,3961287537.73876,1712993,995068.871,1933114330.09426,0
2021-02-22 00:00:00.000,1934.59,1938.5,1552.2,1778.3,4972903.814,2021-02-22 23:59:59.999,8838825736.40233,3509281,2326381.120,4138255022.73987,0
2021-02-23 00:00:00.000,1778.22,1784.08,1348.17,1579.75,7089349.585,2021-02-23 23:59:59.999,10942958835.92679,5372037,3459134.535,5344360525.28816,0
2021-02-24 00:00:00.000,1579.75,1714.04,1501.09,1623.98,3593348.017,2021-02-24 23:59:59.999,5867227964.60702,2633258,1785428.893,2915517539.60368,0
2021-02-25 00:00:00.000,1623.94,1672.49,1458.0,1482.09,2955804.261,2021-02-25 23:59:59.999,4711814880.46952,2157420,1461321.977,2332154574.30433,0
2021-02-26 00:00:00.000,1482.13,1563.66,1401.01,1445.28,3880051.012,2021-02-26 23:59:59.999,5737181606.49004,2740047,1954660.213,2891941974.25923,0
2021-02-27 00:00:00.000,1445.36,1530.19,1425.5,1458.65,2530875.338,2021-02-27 23:59:59.999,3756706927.66827,2054630,1242834.507,1844965913.39560,0
2021-02-28 00:00:00.000,1458.64,1469.44,1292.8,1419.77,4109392.696,2021-02-28 23:59:59.999,5629627203.07104,3035122,2029795.168,2780533897.34832,0
2021-03-01 00:00:00.000,1419.96,1573.42,1411.1,1571.2,2727916.51,2021-03-01 23:59:59.999,4093786528.92125,2130657,1385148.650,2078534377.72257,0
2021-03-02 00:00:00.000,1571.2,1604.85,1455.3,1486.28,2884922.074,2021-03-02 23:59:59.999,4419676882.47557,2055288,1408214.415,2159405354.10544,0
2021-03-03 00:00:00.000,1486.24,1664.0,1475.0,1568.63,3055043.878,2021-03-03 23:59:59.999,4859941588.27233,2317178,1529266.667,2433672196.02360,0
2021-03-04 00:00:00.000,1568.63,1626.0,1506.99,1540.69,3087612.251,2021-03-04 23:59:59.999,4819190828.68560,2412427,1515517.719,2366096691.03746,0
2021-03-05 00:00:00.000,1540.7,1551.0,1441.57,1529.88,3051666.755,2021-03-05 23:59:59.999,4547100964.24997,2173938,1507525.227,2246790361.40687,0
2021-03-06 00:00:00.000,1529.75,1674.02,1515.16,1651.73,2839191.599,2021-03-06 23:59:59.999,4507498262.31200,2111387,1428972.805,2269564898.07284,0
2021-03-07 00:00:00.000,1651.9,1736.89,1631.59,1727.23,2570034.976,2021-03-07 23:59:59.999,4288738410.50978,1917251,1268786.647,2118065378.75201,0
2021-03-08 00:00:00.000,1727.73,1844.57,1667.86,1834.3,3501989.878,2021-03-08 23:59:59.999,6080210583.95216,2433911,1757257.310,3051783959.64863,0
2021-03-09 00:00:00.000,1834.47,1873.86,1801.0,1873.31,2460568.209,2021-03-09 23:59:59.999,4512195932.80944,2005441,1214680.562,2228060688.88900,0
2021-03-10 00:00:00.000,1873.37,1882.59,1760.0,1796.8,3413199.591,2021-03-10 23:59:59.999,6215915591.53833,2552861,1656134.475,3016053062.41708,0
2021-03-11 00:00:00.000,1796.8,1850.07,1725.96,1829.0,3061111.766,2021-03-11 23:59:59.999,5482129545.41183,2474950,1470844.153,2634339752.59560,0
2021-03-12 00:00:00.000,1828.96,1846.59,1719.92,1767.44,2753218.247,2021-03-12 23:59:59.999,4887332853.92612,2301344,1334541.323,2369651074.85164,0
2021-03-13 00:00:00.000,1767.32,1948.75,1729.33,1924.94,2763730.381,2021-03-13 23:59:59.999,5136048302.61478,2322825,1371616.668,2548749630.46122,0
2021-03-14 00:00:00.000,1924.94,1935.88,1836.0,1850.54,2244662.581,2021-03-14 23:59:59.999,4225374618.59173,1884142,1089302.936,2051005868.07537,0
2021-03-15 00:00:00.000,1850.5,1896.3,1729.2,1794.89,3297299.618,2021-03-15 23:59:59.999,5932093091.82662,2427808,1616815.273,2909312358.71151,0
2021-03-16 00:00:00.000,1795.09,1819.76,1712.0,1807.25,2500648.806,2021-03-16 23:59:59.999,4444439699.43044,2007781,1237512.306,2200090682.55588,0
2021-03-17 00:00:00.000,1807.25,1841.86,1741.95,1825.77,2164536.182,2021-03-17 23:59:59.999,3879170125.69688,1729032,1071276.026,1920580757.03416,0
2021-03-18 00:00:00.000,1825.94,1853.0,1758.48,1777.54,1948941.621,2021-03-18 23:59:59.999,3527078371.44721,1636587,923844.389,1672189613.64183,0
2021-03-19 00:00:00.000,1777.55,1844.32,1733.09,1811.04,1807873.07,2021-03-19 23:59:59.999,3259787302.19901,1544047,897435.533,1618727579.70283,0
2021-03-20 00:00:00.000,1811.04,1873.84,1802.5,1807.35,1400240.86,2021-03-20 23:59:59.999,2573392189.53617,1433898,701010.525,1288535323.90337,0
2021-03-21 00:00:00.000,1807.43,1818.61,1745.02,1784.67,1569940.157,2021-03-21 23:59:59.999,2801382704.19012,1557526,763137.385,1362072397.69851,0
2021-03-22 00:00:00.000,1784.78,1809.59,1653.67,1681.69,2062250.384,2021-03-22 23:59:59.999,3606818027.20300,1816905,981460.369,1717619404.20763,0
2021-03-23 00:00:00.000,1681.66,1722.52,1652.58,1669.33,1875276.276,2021-03-23 23:59:59.999,3172273699.64815,1705140,919667.490,1555986824.26208,0
2021-03-24 00:00:00.000,1669.33,1742.43,1540.22,1582.11,2657346.906,2021-03-24 23:59:59.999,4399210528.81931,2011721,1283516.821,2126515086.36376,0
2021-03-25 00:00:00.000,1582.01,1622.54,1548.56,1587.5,2454402.206,2021-03-25 23:59:59.999,3902283814.32379,1762270,1212938.964,1928986833.53193,0
2021-03-26 00:00:00.000,1587.44,1701.19,1587.03,1699.13,1630204.715,2021-03-26 23:59:59.999,2675730180.49903,1296455,831309.947,1365212797.63838,0
2021-03-27 00:00:00.000,1699.21,1734.88,1668.3,1714.34,1412714.74,2021-03-27 23:59:59.999,2399338118.75358,1272307,701913.974,1192363569.22107,0
2021-03-28 00:00:00.000,1714.14,1727.5,1662.54,1688.3,1167051.376,2021-03-28 23:59:59.999,1983034035.73383,1118546,578167.566,982607532.58962,0
2021-03-29 00:00:00.000,1688.31,1845.0,1680.04,1818.44,1936361.877,2021-03-29 23:59:59.999,3435359910.82720,1494348,971287.537,1723034207.19779,0
2021-03-30 00:00:00.000,1818.43,1863.79,1788.3,1843.43,1627666.888,2021-03-30 23:59:59.999,2977548709.20566,1367854,797990.547,1459997131.80626,0
2021-03-31 00:00:00.000,1843.43,1952.98,1771.85,1923.07,2721505.354,2021-03-31 23:59:59.999,5049966053.51530,2093530,1336302.109,2480787747.65429,0
2021-04-01 00:00:00.000,1923.07,1989.11,1882.1,1969.74,2282765.6,2021-04-01 23:59:59.999,4435453780.00105,1864863,1120030.433,2177035192.55174,0
2021-04-02 00:00:00.000,1969.75,2150.0,1949.94,2138.01,2782619.002,2021-04-02 23:59:59.999,5678697553.59085,2187811,1390192.284,2838502252.42318,0
2021-04-03 00:00:00.000,2138.01,2144.17,2002.0,2012.63,2961945.62,2021-04-03 23:59:59.999,6150272520.34633,2154740,1435758.279,2981544989.03309,0
2021-04-04 00:00:00.000,2012.64,2093.72,1980.0,2077.73,1628243.592,2021-04-04 23:59:59.999,3330679833.83388,1485985,810070.944,1657379621.27131,0
2021-04-05 00:00:00.000,2077.85,2138.61,2002.16,2110.35,2029400.255,2021-04-05 23:59:59.999,4215186592.34909,1754041,997481.631,2072231252.40876,0
2021-04-06 00:00:00.000,2110.39,2161.02,2043.89,2114.47,2216031.293,2021-04-06 23:59:59.999,4675497907.26923,1850400,1061895.953,2241128697.74332,0
2021-04-07 00:00:00.000,2114.48,2133.02,1930.1,1965.4,3144081.502,2021-04-07 23:59:59.999,6331327536.57340,2315021,1512699.025,3047079333.43999,0
2021-04-08 00:00:00.000,1965.4,2086.67,1950.0,2082.08,1653807.764,2021-04-08 23:59:59.999,3355215507.54095,1460069,814310.272,1652269178.50818,0
2021-04-09 00:00:00.000,2082.02,2104.83,2052.0,2068.02,1237414.829,2021-04-09 23:59:59.999,2571500898.67981,1159312,592606.513,1231826568.00432,0
2021-04-10 00:00:00.000,2068.02,2211.94,2059.03,2135.96,2077350.376,2021-04-10 23:59:59.999,4462334737.25942,1721187,1028505.482,2209271806.71502,0
2021-04-11 00:00:00.000,2135.99,2171.07,2115.56,2155.05,1290245.975,2021-04-11 23:59:59.999,2765613090.77921,1262394,637105.081,1365885358.85052,0
2021-04-12 00:00:00.000,2155.07,2209.99,2101.96,2139.25,1659510.107,2021-04-12 23:59:59.999,3572221905.88937,1486039,791295.609,1703726826.95369,0
2021-04-13 00:00:00.000,2139.24,2324.0,2137.21,2303.15,2311955.605,2021-04-13 23:59:59.999,5176595617.26422,1780146,1148272.119,2570513961.65787,0
2021-04-14 00:00:00.000,2303.15,2450.0,2286.04,2437.08,3370771.796,2021-04-14 23:59:59.999,7962169647.24720,2468771,1632507.143,3856799144.06772,0
2021-04-15 00:00:00.000,2436.74,2548.6,2403.14,2519.85,2600911.507,2021-04-15 23:59:59.999,6417301595.81241,2000570,1264974.531,3121672740.79597,0
2021-04-16 00:00:00.000,2519.85,2553.0,2298.23,2427.29,3505534.172,2021-04-16 23:59:59.999,8482048892.07963,2375308,1681499.622,4069635112.85460,0
2021-04-17 00:00:00.000,2427.29,2499.26,2314.49,2319.8,2057149.939,2021-04-17 23:59:59.999,4945909137.13609,1733667,987743.735,2374682351.65658,0
2021-04-18 00:00:00.000,2319.93,2341.91,1900.0,2235.32,4275573.298,2021-04-18 23:59:59.999,9242083489.27048,3573690,2031438.001,4391973190.43101,0
2021-04-19 00:00:00.000,2235.32,2278.58,2079.12,2162.75,3029523.224,2021-04-19 23:59:59.999,6625482639.95203,2298989,1487044.376,3252086055.04156,0
2021-04-20 00:00:00.000,2162.76,2347.0,2052.42,2329.96,3393046.281,2021-04-20 23:59:59.999,7390689083.89487,2726060,1659688.170,3616869084.00746,0
2021-04-21 00:00:00.000,2330.07,2470.0,2238.96,2358.9,3556266.081,2021-04-21 23:59:59.999,8376213677.30245,2869276,1759568.319,4145850503.44985,0
2021-04-22 00:00:00.000,2359.41,2645.63,2305.0,2398.94,6698438.657,2021-04-22 23:59:59.999,16634756435.85801,5254044,3286810.321,8165071100.47479,0
2021-04-23 00:00:00.000,2399.2,2443.66,2110.0,2368.67,6753400.874,2021-04-23 23:59:59.999,15240128936.78810,5287498,3304800.340,7460124823.05529,0
2021-04-24 00:00:00.000,2368.66,2370.04,2156.58,2215.54,3424662.228,2021-04-24 23:59:59.999,7712787520.22163,2896447,1656349.988,3730393778.25107,0
2021-04-25 00:00:00.000,2215.55,2357.0,2162.9,2320.71,3570867.777,2021-04-25 23:59:59.999,8083675412.60140,2864331,1768609.519,4004150147.99782,0
2021-04-26 00:00:00.000,2320.71,2545.5,2303.42,2534.25,3507145.533,2021-04-26 23:59:59.999,8646978933.32786,2997476,1765092.767,4352505519.60982,0
2021-04-27 00:00:00.000,2534.17,2683.42,2481.43,2668.39,2604067.05,2021-04-27 23:59:59.999,6743588001.19054,2397806,1290836.328,3343067019.05474,0
2021-04-28 00:00:00.000,2668.28,2762.1,2562.83,2748.33,3857131.883,2021-04-28 23:59:59.999,10332188911.34269,3211060,1921065.705,5147300141.70237,0
2021-04-29 00:00:00.000,2748.33,2798.0,2668.87,2759.14,2827431.929,2021-04-29 23:59:59.999,7750499577.39320,2503798,1379566.987,3782341571.96435,0
2021-04-30 00:00:00.000,2759.15,2803.55,2726.88,2773.15,1961665.845,2021-04-30 23:59:59.999,5412494300.94511,1879324,947387.360,2614574202.72017,0
2021-05-01 00:00:00.000,2773.16,2958.91,2754.04,2947.01,2293998.885,2021-05-01 23:59:59.999,6589470501.42250,2139762,1144510.826,3287853200.84389,0
2021-05-02 00:00:00.000,2947.0,2986.97,2856.7,2950.98,2080727.947,2021-05-02 23:59:59.999,6086611127.85545,1950830,1007019.313,2946475620.08994,0
2021-05-03 00:00:00.000,2950.91,3459.8,2950.7,3433.36,5116980.548,2021-05-03 23:59:59.999,16382343434.80363,4435590,2523981.921,8079138870.44331,0
2021-05-04 00:00:00.000,3433.7,3529.64,3160.01,3243.67,6940584.205,2021-05-04 23:59:59.999,23227206677.60779,6222637,3325643.633,11132319408.91274,0
2021-05-05 00:00:00.000,3243.65,3552.74,3211.0,3528.49,3838631.919,2021-05-05 23:59:59.999,12937893760.98514,3812962,1828421.199,6165478151.93019,0
2021-05-06 00:00:00.000,3528.74,3616.0,3380.25,3493.16,3041910.825,2021-05-06 23:59:59.999,10632727893.23226,3211347,1460630.147,5106732732.74472,0
2021-05-07 00:00:00.000,3493.17,3592.0,3355.0,3480.98,2326172.061,2021-05-07 23:59:59.999,8094167086.99724,2597356,1121017.927,3901672633.03948,0
2021-05-08 00:00:00.000,3480.98,3964.83,3451.74,3914.47,3128854.033,2021-05-08 23:59:59.999,11602305090.60812,3543096,1543104.593,5721778308.19867,0
2021-05-09 00:00:00.000,3914.95,3985.55,3730.0,3928.01,3118238.261,2021-05-09 23:59:59.999,12120213502.67268,3541487,1489308.178,5789340832.26717,0
2021-05-10 00:00:00.000,3927.83,4214.92,3658.0,3950.33,5052309.882,2021-05-10 23:59:59.999,20426765812.22148,5506108,2401491.793,9708868439.74796,0
2021-05-11 00:00:00.000,3950.32,4183.52,3778.17,4175.91,3394479.287,2021-05-11 23:59:59.999,13477585470.55893,4132170,1643472.063,6525844552.70293,0
2021-05-12 00:00:00.000,4175.85,4379.18,3723.43,3828.99,4928002.067,2021-05-12 23:59:59.999,20540714054.05621,6206838,2381766.125,9932240244.71696,0
2021-05-13 00:00:00.000,3829.89,4036.45,3491.53,3719.45,5852199.813,2021-05-13 23:59:59.999,22134721314.84749,7847323,2881570.744,10897586878.17049,0
2021-05-14 00:00:00.000,3719.44,4175.0,3692.99,4079.99,3063526.292,2021-05-14 23:59:59.999,12181077842.13998,4229804,1499384.639,5960889474.74030,0
2021-05-15 00:00:00.000,4079.98,4137.21,3634.44,3648.98,3321250.207,2021-05-15 23:59:59.999,12859384950.05047,4473474,1601646.176,6202437951.27844,0
2021-05-16 00:00:00.000,3649.01,3882.76,3348.0,3581.39,4223938.158,2021-05-16 23:59:59.999,15266100829.69663,5514066,2054868.442,7429862606.30034,0
2021-05-17 00:00:00.000,3581.39,3587.0,3125.0,3283.58,5745286.6,2021-05-17 23:59:59.999,19279667315.49166,6763734,2792571.308,9371825418.54495,0
2021-05-18 00:00:00.000,3283.23,3570.27,3240.06,3376.35,3842243.27,2021-05-18 23:59:59.999,13102791083.02771,4889289,1915117.725,6532315781.50124,0
2021-05-19 00:00:00.000,3377.03,3446.24,1400.73,2442.98,10144417.228,2021-05-19 23:59:59.999,27803524889.35709,13310540,4896426.248,13447853938.43437,0
2021-05-20 00:00:00.000,2444.02,2990.85,2150.0,2768.42,6097256.74,2021-05-20 23:59:59.999,16113950567.52409,8152933,3045103.569,8046026598.80096,0
2021-05-21 00:00:00.000,2768.42,2940.0,2097.99,2431.01,6041584.187,2021-05-21 23:59:59.999,15265695041.77466,7619795,3002881.625,7590079388.51843,0
2021-05-22 00:00:00.000,2431.24,2489.65,2151.63,2295.15,4564819.521,2021-05-22 23:59:59.999,10666152727.52536,5861628,2276612.686,5320447399.81974,0
2021-05-23 00:00:00.000,2295.46,2383.41,1728.85,2096.63,7797669.636,2021-05-23 23:59:59.999,15783098848.93368,8787549,3868683.892,7830214434.99649,0
2021-05-24 00:00:00.000,2096.62,2675.0,2079.0,2649.27,5714266.276,2021-05-24 23:59:59.999,13586348325.92198,6572796,2888492.485,6867006552.58782,0
2021-05-25 00:00:00.000,2649.49,2750.0,2380.6,2706.83,5322472.943,2021-05-25 23:59:59.999,13694505271.63173,6447582,2649888.786,6818994310.55818,0
2021-05-26 00:00:00.000,2706.82,2913.0,2642.87,2884.27,4052111.799,2021-05-26 23:59:59.999,11285324614.47753,5030449,2010815.395,5600635032.75649,0
2021-05-27 00:00:00.000,2884.16,2893.03,2634.0,2742.77,3441489.934,2021-05-27 23:59:59.999,9494992137.75452,4319043,1705466.734,4706175422.03625,0
2021-05-28 00:00:00.000,2742.77,2763.57,2324.48,2411.66,4733066.731,2021-05-28 23:59:59.999,11983057928.13767,5232829,2351420.368,5952599717.66833,0
2021-05-29 00:00:00.000,2411.65,2577.04,2208.04,2277.99,4468023.064,2021-05-29 23:59:59.999,10655588004.12472,4840289,2224437.983,5305831156.73819,0
2021-05-30 00:00:00.000,2277.99,2476.83,2179.13,2386.11,3642984.366,2021-05-30 23:59:59.999,8645260126.70548,4099827,1829724.072,4344140117.22053,0
2021-05-31 00:00:00.000,2386.11,2721.51,2271.46,2706.33,4203920.413,2021-05-31 23:59:59.999,10502558832.11788,4606980,2127706.772,5315402534.37889,0
2021-06-01 00:00:00.000,2706.46,2741.45,2523.82,2634.63,3779985.27,2021-06-01 23:59:59.999,9868610856.33613,4328581,1874417.798,4893405954.83614,0
2021-06-02 00:00:00.000,2634.61,2804.04,2551.03,2707.22,3026897.821,2021-06-02 23:59:59.999,8165015125.37414,3628070,1497245.448,4039000743.15122,0
2021-06-03 00:00:00.000,2707.03,2892.23,2662.0,2858.34,3561113.235,2021-06-03 23:59:59.999,9987629061.44338,3961169,1761073.142,4939376330.32195,0
2021-06-04 00:00:00.000,2858.34,2861.53,2540.61,2689.21,4343826.882,2021-06-04 23:59:59.999,11593942225.54805,4514677,2145096.852,5724310646.12483,0
2021-06-05 00:00:00.000,2689.41,2817.43,2550.77,2627.45,3876375.64,2021-06-05 23:59:59.999,10381974440.23042,4216220,1923355.981,5151771632.31928,0
2021-06-06 00:00:00.000,2627.44,2744.0,2613.11,2711.4,2719341.885,2021-06-06 23:59:59.999,7316997901.78934,3156256,1372571.614,3693566169.91522,0
2021-06-07 00:00:00.000,2711.3,2849.65,2569.3,2592.96,4175255.701,2021-06-07 23:59:59.999,11416987186.62013,4541784,2065514.600,5651121426.14238,0
2021-06-08 00:00:00.000,2592.51,2621.27,2305.5,2506.19,6567894.086,2021-06-08 23:59:59.999,16237479290.57325,5951981,3267501.378,8077646681.31604,0
2021-06-09 00:00:00.000,2506.13,2627.38,2404.01,2610.2,5127988.288,2021-06-09 23:59:59.999,12928474320.41501,4862437,2585705.673,6519327843.36852,0
2021-06-10 00:00:00.000,2610.2,2624.79,2423.36,2471.11,3151629.315,2021-06-10 23:59:59.999,7963220022.58071,3512649,1565308.759,3955721947.05576,0
2021-06-11 00:00:00.000,2471.05,2497.94,2320.0,2354.25,2932342.336,2021-06-11 23:59:59.999,7111141085.93231,3385342,1468403.158,3562014656.27138,0
2021-06-12 00:00:00.000,2354.25,2452.79,2255.42,2370.59,3349184.786,2021-06-12 23:59:59.999,7889597212.00103,3729689,1684859.146,3968907637.81159,0
2021-06-13 00:00:00.000,2370.61,2548.0,2307.41,2508.71,2999871.755,2021-06-13 23:59:59.999,7188328606.18587,3487459,1525925.946,3657231436.44387,0
2021-06-14 00:00:00.000,2508.56,2608.53,2460.0,2579.82,2592645.352,2021-06-14 23:59:59.999,6555180132.71414,3222665,1290521.625,3262870612.83379,0
2021-06-15 00:00:00.000,2579.8,2639.99,2506.81,2544.17,2609572.986,2021-06-15 23:59:59.999,6731794513.84064,3202340,1280299.567,3303651996.75057,0
2021-06-16 00:00:00.000,2544.28,2557.54,2350.0,2366.84,2715755.789,2021-06-16 23:59:59.999,6669003234.20805,3397557,1311825.535,3222216656.98761,0
2021-06-17 00:00:00.000,2366.84,2459.77,2304.15,2372.51,2805257.77,2021-06-17 23:59:59.999,6695512370.52803,3376157,1385937.222,3307812501.75752,0
2021-06-18 00:00:00.000,2372.5,2376.94,2135.04,2231.68,3783368.698,2021-06-18 23:59:59.999,8552190538.28243,4084330,1828563.137,4135080577.80523,0
2021-06-19 00:00:00.000,2231.68,2280.0,2160.0,2163.36,2905034.112,2021-06-19 23:59:59.999,6458695705.42715,3327674,1470100.703,3269700978.16191,0
2021-06-20 00:00:00.000,2163.36,2277.0,2038.94,2242.7,4117443.373,2021-06-20 23:59:59.999,8843020670.45992,4022782,2057250.128,4419789821.51961,0
2021-06-21 00:00:00.000,2242.7,2259.27,1864.36,1884.77,8408243.758,2021-06-21 23:59:59.999,16807647822.40997,7236677,4185798.929,8367195862.62223,0
2021-06-22 00:00:00.000,1884.75,1997.8,1698.64,1878.46,7629543.365,2021-06-22 23:59:59.999,14223120472.28595,6312124,3839581.315,7161304226.81936,0
2021-06-23 00:00:00.000,1878.46,2044.35,1820.3,1966.51,4071236.262,2021-06-23 23:59:59.999,8043287560.77444,3911111,2071635.936,4093642479.66855,0
2021-06-24 00:00:00.000,1966.48,2036.0,1883.47,1989.5,3069218.028,2021-06-24 23:59:59.999,6018280271.63026,3138446,1552015.492,3043974302.33962,0
2021-06-25 00:00:00.000,1989.5,2020.0,1790.0,1808.0,4807609.447,2021-06-25 23:59:59.999,9024571644.12839,4146621,2387033.261,4480313351.37808,0
2021-06-26 00:00:00.000,1808.0,1852.95,1715.0,1828.88,4547442.9,2021-06-26 23:59:59.999,8078889026.41593,3987444,2308848.452,4103267854.79546,0
2021-06-27 00:00:00.000,1828.86,1984.61,1805.0,1980.83,3643084.635,2021-06-27 23:59:59.999,6776865023.89345,3425455,1860410.820,3463027763.31825,0
2021-06-28 00:00:00.000,1981.0,2146.91,1960.31,2083.56,5085737.209,2021-06-28 23:59:59.999,10414575455.76256,4329165,2572027.957,5267154729.80605,0
2021-06-29 00:00:00.000,2083.55,2244.33,2073.0,2165.15,4249854.368,2021-06-29 23:59:59.999,9211767303.62075,3871897,2136271.170,4631270292.92255,0
2021-06-30 00:00:00.000,2165.03,2290.0,2087.23,2275.0,4574440.196,2021-06-30 23:59:59.999,9905282259.92462,4069369,2305728.283,4995014035.77641,0
2021-07-01 00:00:00.000,2274.99,2275.68,2066.0,2105.24,4469383.028,2021-07-01 23:59:59.999,9572977503.66685,3884220,2192324.049,4695564977.17683,0
2021-07-02 00:00:00.000,2105.23,2160.0,2016.43,2152.64,3889555.868,2021-07-02 23:59:59.999,8073817364.15074,3627842,1968370.271,4086729294.52976,0
2021-07-03 00:00:00.000,2152.64,2239.0,2112.03,2226.63,2965805.065,2021-07-03 23:59:59.999,6500249029.39124,2845458,1506100.715,3301844849.23065,0
2021-07-04 00:00:00.000,2226.71,2390.0,2188.0,2321.95,3200803.958,2021-07-04 23:59:59.999,7390321295.61830,2845169,1596772.157,3686896476.07513,0
2021-07-05 00:00:00.000,2322.13,2324.22,2155.04,2195.38,4496599.633,2021-07-05 23:59:59.999,10086981165.22405,3640844,2192208.244,4918710176.05638,0
2021-07-06 00:00:00.000,2195.38,2349.92,2191.24,2322.04,4197100.45,2021-07-06 23:59:59.999,9626162967.33224,3956516,2102159.476,4821325277.74283,0
2021-07-07 00:00:00.000,2321.82,2410.0,2292.94,2314.65,3113882.674,2021-07-07 23:59:59.999,7340606730.55211,3187956,1536374.681,3622913079.14039,0
2021-07-08 00:00:00.000,2314.64,2326.58,2082.07,2114.88,4154305.408,2021-07-08 23:59:59.999,9080261738.94438,3793080,2034143.801,4446825205.31947,0
2021-07-09 00:00:00.000,2114.81,2189.27,2045.0,2147.53,4166847.297,2021-07-09 23:59:59.999,8846405222.35686,3773678,2102694.971,4464660906.08217,0
2021-07-10 00:00:00.000,2147.4,2195.0,2073.0,2111.14,2803372.98,2021-07-10 23:59:59.999,5940286610.76850,2901834,1384441.407,2934109601.17613,0
2021-07-11 00:00:00.000,2111.14,2175.0,2080.0,2140.27,2154716.197,2021-07-11 23:59:59.999,4578291195.14697,2335825,1090675.761,2317893367.71135,0
2021-07-12 00:00:00.000,2140.26,2167.95,2003.4,2030.85,2941659.373,2021-07-12 23:59:59.999,6135599771.18761,2856470,1415609.115,2952212476.02178,0
2021-07-13 00:00:00.000,2030.78,2048.97,1916.0,1940.32,3641617.739,2021-07-13 23:59:59.999,7240764577.16506,3304763,1798509.909,3577320950.94722,0
2021-07-14 00:00:00.000,1940.31,2018.55,1862.32,1993.82,4274762.909,2021-07-14 23:59:59.999,8306491741.37898,3557825,2148944.526,4176270499.01802,0
2021-07-15 00:00:00.000,1993.82,2042.1,1880.29,1919.35,3891662.256,2021-07-15 23:59:59.999,7547129300.45538,3397840,1943391.415,3769721189.94237,0
2021-07-16 00:00:00.000,1919.36,1965.85,1846.0,1876.1,3797831.436,2021-07-16 23:59:59.999,7227056616.37395,3347908,1891555.804,3600903079.48532,0
2021-07-17 00:00:00.000,1876.09,1919.0,1841.0,1898.55,3169044.845,2021-07-17 23:59:59.999,5965787509.46470,2894663,1601202.531,3015181022.17974,0
2021-07-18 00:00:00.000,1898.55,1994.26,1875.0,1890.66,3350134.623,2021-07-18 23:59:59.999,6490340037.90537,3000049,1671293.528,3238462540.45405,0
2021-07-19 00:00:00.000,1890.8,1917.82,1801.0,1818.4,3317206.573,2021-07-19 23:59:59.999,6135968039.40363,2995048,1608819.149,2977139424.48436,0
2021-07-20 00:00:00.000,1818.4,1841.34,1715.0,1785.04,4510417.88,2021-07-20 23:59:59.999,7956472622.46679,3712603,2253173.192,3974991938.39241,0
2021-07-21 00:00:00.000,1785.2,2038.0,1752.35,1995.49,5466949.512,2021-07-21 23:59:59.999,10439929115.58029,4331017,2810927.666,5367608197.59049,0
2021-07-22 00:00:00.000,1995.5,2046.0,1945.0,2023.55,3739570.52,2021-07-22 23:59:59.999,7466590230.05726,3437084,1876710.365,3747955804.83997,0
2021-07-23 00:00:00.000,2024.0,2131.96,1995.02,2124.33,3237000.868,2021-07-23 23:59:59.999,6648633427.28004,3062474,1644610.167,3379289078.81768,0
2021-07-24 00:00:00.000,2124.34,2198.0,2105.4,2183.53,2900599.605,2021-07-24 23:59:59.999,6230603831.28980,2827931,1448763.222,3112768201.19873,0
2021-07-25 00:00:00.000,2183.54,2197.0,2106.12,2188.11,2654022.719,2021-07-25 23:59:59.999,5715783682.52749,2588512,1326925.457,2858328683.89461,0
2021-07-26 00:00:00.000,2188.15,2433.53,2170.03,2227.41,5648553.005,2021-07-26 23:59:59.999,13069147530.17464,5017882,2788808.874,6452664899.16412,0
2021-07-27 00:00:00.000,2227.44,2319.0,2150.0,2298.04,4077823.745,2021-07-27 23:59:59.999,9128465396.90154,4058565,2024975.777,4534157411.61879,0
2021-07-28 00:00:00.000,2298.05,2345.54,2242.2,2300.08,3309639.002,2021-07-28 23:59:59.999,7597061765.53673,3719892,1625791.148,3733210001.70135,0
2021-07-29 00:00:00.000,2300.12,2406.44,2263.33,2382.45,2369811.378,2021-07-29 23:59:59.999,5488185704.97631,2620977,1204318.664,2790126082.73508,0
2021-07-30 00:00:00.000,2382.45,2473.99,2316.03,2461.72,3555703.039,2021-07-30 23:59:59.999,8490960948.10425,3527851,1774308.255,4238455459.01198,0
2021-07-31 00:00:00.000,2461.52,2553.8,2421.76,2530.49,2363945.704,2021-07-31 23:59:59.999,5836744313.47873,2690844,1179653.841,2913175028.51795,0
2021-08-01 00:00:00.000,2530.37,2699.0,2511.88,2554.71,4203633.648,2021-08-01 23:59:59.999,10920759980.85322,4097967,2087175.773,5422908342.72187,0
2021-08-02 00:00:00.000,2554.72,2666.91,2506.11,2607.09,3757454.702,2021-08-02 23:59:59.999,9757084146.95917,3852144,1856094.989,4820788686.00819,0
2021-08-03 00:00:00.000,2607.09,2633.27,2441.0,2506.87,4035094.388,2021-08-03 23:59:59.999,10108119599.97699,4142949,1971051.111,4937371207.75629,0
2021-08-04 00:00:00.000,2506.5,2775.06,2456.83,2725.0,4639321.233,2021-08-04 23:59:59.999,12137903905.43098,4651056,2333344.867,6105496276.47493,0
2021-08-05 00:00:00.000,2725.0,2845.9,2527.0,2826.8,6430648.209,2021-08-05 23:59:59.999,17419363268.20104,6217881,3176491.447,8608308778.24955,0
2021-08-06 00:00:00.000,2826.81,2948.36,2720.31,2892.3,3957430.19,2021-08-06 23:59:59.999,11184522371.32228,4431054,1962396.456,5547427656.24925,0
2021-08-07 00:00:00.000,2892.29,3176.0,2865.45,3163.26,5211893.648,2021-08-07 23:59:59.999,15898690989.95260,5830907,2597842.151,7924675778.18144,0
2021-08-08 00:00:00.000,3163.26,3195.67,2950.45,3014.06,4207474.0,2021-08-08 23:59:59.999,12960508391.08436,4951334,2051638.379,6320404918.96085,0
2021-08-09 00:00:00.000,3014.06,3190.8,2890.03,3163.43,4997024.855,2021-08-09 23:59:59.999,15308758012.82675,5388512,2445088.598,7489626733.73267,0
2021-08-10 00:00:00.000,3163.43,3239.13,3053.24,3143.98,4011325.684,2021-08-10 23:59:59.999,12596399140.64382,4665614,1951804.232,6131395969.89487,0
2021-08-11 00:00:00.000,3143.97,3279.78,3120.69,3161.52,3248054.689,2021-08-11 23:59:59.999,10431960240.70598,3926003,1589382.157,5105435871.99724,0
2021-08-12 00:00:00.000,3161.52,3241.57,2981.0,3046.74,3651234.966,2021-08-12 23:59:59.999,11298867650.12576,4537077,1778897.771,5504204748.24524,0
2021-08-13 00:00:00.000,3046.63,3332.88,3034.35,3324.12,3291401.802,2021-08-13 23:59:59.999,10556999488.07876,4036689,1633205.956,5239976336.17076,0
2021-08-14 00:00:00.000,3324.12,3337.99,3210.0,3266.31,2307338.73,2021-08-14 23:59:59.999,7541715652.47723,3389219,1117343.043,3652641771.41959,0
2021-08-15 00:00:00.000,3266.31,3326.0,3109.0,3312.31,2863557.025,2021-08-15 23:59:59.999,9176432710.68574,3847902,1396184.337,4474915517.23871,0
2021-08-16 00:00:00.000,3312.31,3343.0,3133.33,3146.83,2823441.625,2021-08-16 23:59:59.999,9165693580.68069,3751738,1354046.861,4397785664.62054,0
2021-08-17 00:00:00.000,3146.82,3294.23,2992.0,3014.64,3583054.432,2021-08-17 23:59:59.999,11313021664.72633,4538498,1733069.748,5475465884.46066,0
2021-08-18 00:00:00.000,3014.63,3125.92,2950.0,3014.25,2914764.091,2021-08-18 23:59:59.999,8870183227.13909,3845910,1433848.085,4365350711.56013,0
2021-08-19 00:00:00.000,3014.31,3194.0,2958.8,3186.8,2795287.664,2021-08-19 23:59:59.999,8517882649.26069,3542925,1380587.916,4208570825.43654,0
2021-08-20 00:00:00.000,3186.76,3308.26,3180.0,3286.62,2223015.324,2021-08-20 23:59:59.999,7213472444.69804,2934913,1096221.959,3557480824.04768,0
2021-08-21 00:00:00.000,3286.65,3313.9,3207.12,3226.4,1838074.781,2021-08-21 23:59:59.999,6008937521.27070,2562290,886315.616,2898144056.56905,0
2021-08-22 00:00:00.000,3226.39,3276.42,3124.35,3241.29,1773220.917,2021-08-22 23:59:59.999,5694971586.81129,2389513,863662.087,2774252423.26355,0
2021-08-23 00:00:00.000,3241.29,3383.0,3233.07,3323.01,2430852.991,2021-08-23 23:59:59.999,8087347064.89252,3053074,1204511.771,4007359176.03458,0
2021-08-24 00:00:00.000,3323.0,3362.0,3145.0,3173.98,2520587.128,2021-08-24 23:59:59.999,8206532013.99988,2999337,1212368.874,3948364879.91148,0
2021-08-25 00:00:00.000,3173.99,3249.0,3078.52,3227.9,2405504.816,2021-08-25 23:59:59.999,7633000732.16727,2892075,1162981.249,3691290931.49159,0
2021-08-26 00:00:00.000,3227.9,3254.0,3052.0,3093.77,2360877.641,2021-08-26 23:59:59.999,7377079755.83256,2888145,1139036.505,3558925995.59697,0
2021-08-27 00:00:00.000,3093.81,3283.0,3061.44,3273.91,2227370.879,2021-08-27 23:59:59.999,7072538774.15535,2685562,1134895.249,3604989748.77804,0
2021-08-28 00:00:00.000,3274.12,3288.22,3209.93,3247.29,1124796.339,2021-08-28 23:59:59.999,3648997299.15339,1694830,540133.897,1752546116.87541,0
2021-08-29 00:00:00.000,3247.47,3291.7,3150.5,3225.47,1642534.292,2021-08-29 23:59:59.999,5275349676.12545,2127874,802585.182,2578125654.63301,0
2021-08-30 00:00:00.000,3225.47,3350.0,3142.38,3230.43,2535431.803,2021-08-30 23:59:59.999,8211167690.59126,2851387,1238532.970,4012292730.59524,0
2021-08-31 00:00:00.000,3230.42,3478.0,3187.85,3430.49,3605871.087,2021-08-31 23:59:59.999,12096403303.17363,3916048,1789559.480,6004548047.81512,0
2021-09-01 00:00:00.000,3430.49,3849.0,3381.23,3831.44,3339812.397,2021-09-01 23:59:59.999,12019155034.32282,3999484,1702593.052,6128888549.61190,0
2021-09-02 00:00:00.000,3831.42,3843.21,3723.87,3788.95,1997427.18,2021-09-02 23:59:59.999,7549206070.15826,2756226,957866.166,3620717285.93248,0
2021-09-03 00:00:00.000,3788.94,4036.44,3710.77,3942.79,2643680.21,2021-09-03 23:59:59.999,10327395607.95398,3359042,1303867.714,5094363924.07464,0
2021-09-04 00:00:00.000,3942.83,3976.59,3835.0,3889.71,1508907.058,2021-09-04 23:59:59.999,5898345690.61458,2318029,723287.619,2827658999.29951,0
2021-09-05 00:00:00.000,3889.95,3991.25,3837.0,3952.56,1483337.994,2021-09-05 23:59:59.999,5811218020.16181,2241970,717022.866,2809796333.62739,0
2021-09-06 00:00:00.000,3952.56,3976.6,3864.27,3929.0,1471495.586,2021-09-06 23:59:59.999,5785284739.10346,2207758,698601.095,2747262325.13417,0
2021-09-07 00:00:00.000,3929.01,3952.53,2923.0,3435.0,4947996.791,2021-09-07 23:59:59.999,17735945429.50642,5556239,2331665.119,8356337209.12102,0
2021-09-08 00:00:00.000,3435.0,3562.25,3217.01,3497.99,2986177.27,2021-09-08 23:59:59.999,10180478366.96899,4117346,1491494.061,5085589858.89772,0
2021-09-09 00:00:00.000,3497.68,3570.34,3390.0,3426.42,1980923.9,2021-09-09 23:59:59.999,6915562238.84697,2960337,977157.629,3411996231.44292,0
2021-09-10 00:00:00.000,3426.43,3517.91,3143.2,3209.84,2299854.907,2021-09-10 23:59:59.999,7664857100.21164,3428953,1117159.911,3724283398.70848,0
2021-09-11 00:00:00.000,3209.85,3349.17,3199.26,3267.23,1413713.591,2021-09-11 23:59:59.999,4634941547.10116,2420923,702917.308,2304628726.44563,0
2021-09-12 00:00:00.000,3267.28,3474.95,3230.84,3405.21,1518234.911,2021-09-12 23:59:59.999,5125794285.18948,2511815,751951.383,2538921980.58856,0
2021-09-13 00:00:00.000,3405.65,3432.12,3107.02,3284.41,2654865.254,2021-09-13 23:59:59.999,8628300678.82541,3549751,1293523.659,4205431226.27695,0
2021-09-14 00:00:00.000,3284.17,3438.0,3269.25,3435.42,1536142.673,2021-09-14 23:59:59.999,5132621489.63076,2284886,777702.174,2599186929.44336,0
2021-09-15 00:00:00.000,3435.29,3620.0,3358.08,3614.72,1652816.482,2021-09-15 23:59:59.999,5729547036.04413,2219716,830016.918,2878481053.30314,0
2021-09-16 00:00:00.000,3614.71,3678.0,3482.0,3570.46,1879717.934,2021-09-16 23:59:59.999,6749807268.03060,2648168,919810.490,3304246502.65221,0
2021-09-17 00:00:00.000,3570.46,3597.52,3350.0,3400.99,1665745.301,2021-09-17 23:59:59.999,5777910858.46376,2467615,797401.899,2766272738.37017,0
2021-09-18 00:00:00.000,3401.0,3546.0,3370.25,3435.35,1392166.948,2021-09-18 23:59:59.999,4822132415.09092,2152638,675781.839,2341362498.98377,0
2021-09-19 00:00:00.000,3435.36,3459.0,3275.0,3328.72,1409270.892,2021-09-19 23:59:59.999,4746244212.53249,2148573,676212.203,2278450607.10892,0
2021-09-20 00:00:00.000,3328.99,3347.99,2907.07,2978.34,3894855.847,2021-09-20 23:59:59.999,12039370935.18889,4649623,1862281.332,5755737819.58913,0
2021-09-21 00:00:00.000,2978.34,3108.17,2647.8,2765.48,4287819.594,2021-09-21 23:59:59.999,12492102976.07246,5223380,2096595.249,6113258055.63862,0
2021-09-22 00:00:00.000,2765.47,3088.88,2736.57,3076.62,2674294.104,2021-09-22 23:59:59.999,7869352817.07343,3650837,1367543.198,4024496448.82784,0
2021-09-23 00:00:00.000,3076.62,3173.99,3032.77,3150.7,1943658.778,2021-09-23 23:59:59.999,6041895582.92996,2712607,969939.282,3015229967.61927,0
2021-09-24 00:00:00.000,3150.7,3157.5,2731.0,2926.37,3728806.998,2021-09-24 23:59:59.999,10865785866.61314,4408594,1852360.401,5398116288.49348,0
2021-09-25 00:00:00.000,2926.36,2967.32,2800.0,2921.08,2234473.056,2021-09-25 23:59:59.999,6479851719.41051,2957595,1119434.198,3247356399.83510,0
2021-09-26 00:00:00.000,2921.08,3116.84,2737.19,3057.63,2764303.968,2021-09-26 23:59:59.999,8086407799.82040,3532565,1398063.506,4093047060.76551,0
2021-09-27 00:00:00.000,3057.62,3163.9,2920.22,2923.6,2027218.619,2021-09-27 23:59:59.999,6207785919.11740,2832962,994806.350,3047676761.78729,0
2021-09-28 00:00:00.000,2923.59,2969.0,2781.0,2803.5,2369096.762,2021-09-28 23:59:59.999,6842995160.86560,2966697,1173294.917,3390537974.26984,0
2021-09-29 00:00:00.000,2803.34,2949.0,2780.0,2848.38,1856317.865,2021-09-29 23:59:59.999,5329924985.42150,2436419,926064.435,2659649226.63042,0
2021-09-30 00:00:00.000,2848.38,3049.3,2835.29,2999.45,2159101.897,2021-09-30 23:59:59.999,6442115144.18377,2898060,1087424.716,3244448322.87048,0
2021-10-01 00:00:00.000,2999.45,3331.56,2967.1,3308.58,2414202.176,2021-10-01 23:59:59.999,7658451348.34575,3091228,1249478.821,3964223446.03096,0
2021-10-02 00:00:00.000,3308.59,3471.58,3257.05,3387.25,1587338.885,2021-10-02 23:59:59.999,5321010602.50726,2257696,796946.629,2671828419.74488,0
2021-10-03 00:00:00.000,3387.24,3489.22,3340.0,3418.25,1314004.609,2021-10-03 23:59:59.999,4489154260.98601,2060929,649951.335,2221133318.73670,0
2021-10-04 00:00:00.000,3418.21,3440.0,3268.81,3386.12,1961769.087,2021-10-04 23:59:59.999,6593223607.91670,2748043,969487.339,3259406716.14921,0
2021-10-05 00:00:00.000,3386.12,3549.9,3363.56,3517.64,1476768.109,2021-10-05 23:59:59.999,5084407350.48579,2120567,735674.958,2533180707.62793,0
2021-10-06 00:00:00.000,3517.64,3638.0,3339.67,3576.85,2134235.566,2021-10-06 23:59:59.999,7490086402.70969,2853918,1047758.456,3677833545.88089,0
2021-10-07 00:00:00.000,3576.9,3659.98,3470.37,3589.85,1809003.003,2021-10-07 23:59:59.999,6469443460.61853,2504305,880484.045,3149976372.48563,0
2021-10-08 00:00:00.000,3589.85,3675.41,3531.0,3563.81,1501949.85,2021-10-08 23:59:59.999,5420718273.95965,2075941,720668.640,2601563902.92571,0
2021-10-09 00:00:00.000,3563.82,3639.0,3538.1,3577.8,907875.164,2021-10-09 23:59:59.999,3261401758.35606,1418747,445053.052,1599055736.57207,0
2021-10-10 00:00:00.000,3577.65,3607.55,3402.12,3415.01,1518799.428,2021-10-10 23:59:59.999,5358091720.90991,2016636,721059.813,2544938381.98907,0
2021-10-11 00:00:00.000,3415.01,3629.0,3368.0,3543.1,1874616.227,2021-10-11 23:59:59.999,6627188014.14814,2262233,919723.523,3250484369.02472,0
2021-10-12 00:00:00.000,3543.09,3549.82,3404.0,3492.91,1986800.415,2021-10-12 23:59:59.999,6921948842.21512,2392794,977692.916,3406794841.17882,0
2021-10-13 00:00:00.000,3492.9,3618.0,3412.29,3610.05,1635415.204,2021-10-13 23:59:59.999,5716317657.28848,2084243,801642.758,2803365164.91347,0
2021-10-14 00:00:00.000,3610.24,3830.0,3590.02,3794.19,1736537.63,2021-10-14 23:59:59.999,6464841242.57513,2332774,867265.924,3228878046.14481,0
2021-10-15 00:00:00.000,3794.18,3915.0,3737.13,3872.71,1828015.586,2021-10-15 23:59:59.999,6986614680.17821,2438373,884463.565,3380799074.48406,0
2021-10-16 00:00:00.000,3872.7,3980.0,3801.38,3833.3,1398494.278,2021-10-16 23:59:59.999,5439841445.65477,1984170,666219.083,2592247694.30976,0
2021-10-17 00:00:00.000,3833.29,3925.95,3634.32,3851.01,1611014.925,2021-10-17 23:59:59.999,6142893874.59043,2079490,763546.772,2912699232.61464,0
2021-10-18 00:00:00.000,3851.17,3898.94,3675.5,3748.31,1768303.025,2021-10-18 23:59:59.999,6698042946.90319,2303134,840165.168,3182931092.99356,0
2021-10-19 00:00:00.000,3748.1,3893.0,3734.93,3881.48,1769755.526,2021-10-19 23:59:59.999,6744236733.28791,2184932,853448.160,3253336516.50316,0
2021-10-20 00:00:00.000,3881.49,4173.5,3830.0,4164.14,2278334.962,2021-10-20 23:59:59.999,9128464233.64793,2735839,1109894.428,4446973869.32744,0
2021-10-21 00:00:00.000,4164.13,4389.6,4006.83,4057.26,3807814.197,2021-10-21 23:59:59.999,15910566499.34866,4598848,1826101.524,7632447592.21618,0
2021-10-22 00:00:00.000,4057.26,4172.52,3888.0,3975.56,2113125.983,2021-10-22 23:59:59.999,8543803309.03356,2795912,1004386.634,4061459435.37215,0
2021-10-23 00:00:00.000,3975.55,4177.27,3940.6,4170.5,1494374.557,2021-10-23 23:59:59.999,6054898527.29019,2032409,735313.136,2980216071.72589,0
2021-10-24 00:00:00.000,4170.5,4191.72,3962.86,4084.61,1501860.773,2021-10-24 23:59:59.999,6104092135.26068,2070642,716836.924,2913612051.11246,0
2021-10-25 00:00:00.000,4084.6,4240.03,4071.37,4224.14,1389123.02,2021-10-25 23:59:59.999,5782790674.75053,1960444,676590.015,2816953204.88268,0
2021-10-26 00:00:00.000,4224.13,4306.61,4092.0,4133.39,1665700.699,2021-10-26 23:59:59.999,6994107155.70646,2254733,799763.573,3358650438.28458,0
2021-10-27 00:00:00.000,4133.37,4319.0,3900.0,3923.57,2642128.851,2021-10-27 23:59:59.999,10763105133.42980,3282041,1274210.176,5191588040.94385,0
2021-10-28 00:00:00.000,3923.58,4300.0,3887.75,4288.96,2233903.498,2021-10-28 23:59:59.999,9229357434.93807,2965480,1112479.835,4597444835.22805,0
2021-10-29 00:00:00.000,4288.91,4467.89,4269.16,4421.53,1862409.48,2021-10-29 23:59:59.999,8133818992.52625,2761100,915098.117,3997337296.06153,0
2021-10-30 00:00:00.000,4421.53,4438.85,4230.55,4324.82,1145688.807,2021-10-30 23:59:59.999,4951230218.09777,1733391,551374.062,2383535694.82875,0
2021-10-31 00:00:00.000,4324.82,4399.22,4161.0,4288.86,1308821.315,2021-10-31 23:59:59.999,5597512700.72108,1990711,638363.292,2730513861.93252,0
2021-11-01 00:00:00.000,4288.87,4385.57,4145.0,4322.72,1541230.772,2021-11-01 23:59:59.999,6622171137.33538,2186831,752941.695,3236146111.10720,0
2021-11-02 00:00:00.000,4322.72,4604.96,4286.67,4593.88,1477069.747,2021-11-02 23:59:59.999,6575344469.33907,2278283,739104.647,3290762873.05805,0
2021-11-03 00:00:00.000,4593.17,4676.0,4456.0,4606.59,1476260.698,2021-11-03 23:59:59.999,6750265632.46388,2340677,732460.112,3349860673.98463,0
2021-11-04 00:00:00.000,4606.59,4611.23,4423.09,4535.37,1202357.813,2021-11-04 23:59:59.999,5431479120.96728,1818589,576930.698,2606693494.93029,0
2021-11-05 00:00:00.000,4535.38,4575.0,4445.1,4477.29,967384.995,2021-11-05 23:59:59.999,4358883948.49716,1620292,468704.582,2112249158.29508,0
2021-11-06 00:00:00.000,4477.29,4538.29,4325.91,4521.4,1062427.875,2021-11-06 23:59:59.999,4714538239.73170,1772519,508882.163,2258991666.33596,0
2021-11-07 00:00:00.000,4521.7,4642.76,4505.41,4616.5,832391.585,2021-11-07 23:59:59.999,3816126139.59038,1498090,412610.985,1891683364.97617,0
2021-11-08 00:00:00.000,4616.51,4830.66,4615.21,4814.3,1214445.239,2021-11-08 23:59:59.999,5753273555.99257,1852982,600814.466,2846643721.78804,0
2021-11-09 00:00:00.000,4814.13,4844.97,4714.83,4734.98,1151973.219,2021-11-09 23:59:59.999,5516088243.02753,1828390,566090.194,2710811120.22053,0
2021-11-10 00:00:00.000,4734.99,4877.54,4450.0,4632.21,1848828.004,2021-11-10 23:59:59.999,8703427804.71559,2683461,893119.456,4206427904.45018,0
2021-11-11 00:00:00.000,4632.42,4783.12,4580.9,4721.19,1146003.874,2021-11-11 23:59:59.999,5380011627.03747,1806373,561937.342,2638555334.08641,0
2021-11-12 00:00:00.000,4721.19,4811.0,4508.0,4665.99,1671025.399,2021-11-12 23:59:59.999,7762478251.17218,2375978,808217.322,3754824704.91141,0
2021-11-13 00:00:00.000,4665.99,4708.0,4585.11,4644.42,812743.805,2021-11-13 23:59:59.999,3779188246.75865,1276335,396529.633,1844110214.93499,0
2021-11-14 00:00:00.000,4644.42,4700.0,4515.84,4629.44,947148.676,2021-11-14 23:59:59.999,4354962791.23766,1515170,465622.932,2141248755.16082,0
2021-11-15 00:00:00.000,4629.75,4771.83,4541.44,4567.01,1351110.691,2021-11-15 23:59:59.999,6306501839.02235,1987809,654767.664,3057384166.84025,0
2021-11-16 00:00:00.000,4567.01,4567.07,4077.0,4209.42,2734039.543,2021-11-16 23:59:59.999,11760055645.26550,3378829,1294570.176,5568312120.65498,0
2021-11-17 00:00:00.000,4209.42,4300.0,4062.0,4287.99,1860601.927,2021-11-17 23:59:59.999,7783640525.67040,2438404,913440.006,3822140764.47525,0
2021-11-18 00:00:00.000,4288.0,4343.33,3957.96,3997.72,2286170.467,2021-11-18 23:59:59.999,9439478791.19713,2883206,1101340.529,4548270753.77164,0
2021-11-19 00:00:00.000,3997.72,4309.04,3973.14,4293.44,1514406.552,2021-11-19 23:59:59.999,6266188518.48803,2130976,760953.458,3149274789.03821,0
2021-11-20 00:00:00.000,4293.44,4436.01,4202.24,4412.55,1143613.53,2021-11-20 23:59:59.999,4931186882.83004,1814583,574462.367,2477445176.05412,0
2021-11-21 00:00:00.000,4412.37,4425.73,4242.0,4259.23,996488.568,2021-11-21 23:59:59.999,4334385457.28967,1635793,482160.094,2097727947.94851,0
2021-11-22 00:00:00.000,4259.28,4327.75,4019.35,4086.57,1891091.913,2021-11-22 23:59:59.999,7905984342.52000,2702558,926476.644,3874314370.68371,0
2021-11-23 00:00:00.000,4086.41,4387.0,4059.55,4341.36,1636864.585,2021-11-23 23:59:59.999,6895439496.10744,2491307,818923.192,3450540823.66869,0
2021-11-24 00:00:00.000,4341.36,4377.0,4170.38,4271.29,1365898.959,2021-11-24 23:59:59.999,5822609661.59857,2149379,671854.736,2864057507.82437,0
2021-11-25 00:00:00.000,4271.29,4558.29,4250.34,4527.86,1247655.55,2021-11-25 23:59:59.999,5497303917.35342,1984519,624230.543,2750335857.33328,0
2021-11-26 00:00:00.000,4528.2,4555.0,3911.0,4040.66,2657050.069,2021-11-26 23:59:59.999,11001572746.45120,3467510,1272401.024,5266372605.48750,0
2021-11-27 00:00:00.000,4040.66,4182.66,4027.32,4095.33,1008009.177,2021-11-27 23:59:59.999,4148428146.16350,1684637,491467.184,2022800265.44980,0
2021-11-28 00:00:00.000,4095.33,4301.07,3958.58,4296.6,1512818.39,2021-11-28 23:59:59.999,6210487095.14454,2143420,746165.656,3065377996.76414,0
2021-11-29 00:00:00.000,4297.01,4460.0,4280.0,4445.1,1432921.208,2021-11-29 23:59:59.999,6245171955.45936,2026318,720031.636,3138621395.99998,0
2021-11-30 00:00:00.000,4445.09,4757.8,4347.9,4631.51,2573876.207,2021-11-30 23:59:59.999,11742857991.16934,3626412,1290984.307,5891350018.04904,0
2021-12-01 00:00:00.000,4631.43,4783.19,4528.5,4586.66,1861557.163,2021-12-01 23:59:59.999,8721654100.22072,2896669,921965.251,4320347492.04115,0
2021-12-02 00:00:00.000,4586.67,4636.86,4435.76,4514.32,1767131.692,2021-12-02 23:59:59.999,8009972829.01313,2593287,866156.227,3926923239.19776,0
2021-12-03 00:00:00.000,4514.32,4658.0,4004.0,4213.66,2648380.12,2021-12-03 23:59:59.999,11599142242.40267,3359014,1276987.557,5596391806.19256,0
2021-12-04 00:00:00.000,4213.67,4237.2,3388.15,4115.79,3531695.892,2021-12-04 23:59:59.999,13904957699.91255,4397362,1685267.694,6640391060.72415,0
2021-12-05 00:00:00.000,4115.79,4247.19,4033.0,4197.53,1909767.851,2021-12-05 23:59:59.999,7920029236.98750,2872269,955878.632,3964943993.80484,0
2021-12-06 00:00:00.000,4197.52,4377.58,3920.0,4345.2,2601175.77,2021-12-06 23:59:59.999,10673116598.55363,3318691,1301601.745,5343433952.33640,0
2021-12-07 00:00:00.000,4345.44,4425.0,4255.27,4305.82,1388803.726,2021-12-07 23:59:59.999,6040967486.57935,2183483,704132.906,3063544353.67864,0
2021-12-08 00:00:00.000,4305.83,4454.6,4224.98,4435.33,1443466.295,2021-12-08 23:59:59.999,6276303882.73508,2219642,724161.277,3149719726.26192,0
2021-12-09 00:00:00.000,4435.7,4490.97,4075.0,4103.8,1905332.516,2021-12-09 23:59:59.999,8128100154.37248,2592152,934239.558,3986375203.94699,0
2021-12-10 00:00:00.000,4103.8,4232.0,3882.84,3895.95,2123045.506,2021-12-10 23:59:59.999,8630315816.21057,2976443,1037613.313,4219590637.71057,0
2021-12-11 00:00:00.000,3895.85,4094.82,3831.01,4089.81,1729754.927,2021-12-11 23:59:59.999,6927855786.59676,2513364,858826.723,3440497966.36373,0
2021-12-12 00:00:00.000,4088.86,4173.37,3985.0,4129.0,1044691.201,2021-12-12 23:59:59.999,4250371718.97262,1673043,524919.175,2136460514.84705,0
2021-12-13 00:00:00.000,4129.16,4142.0,3668.34,3780.63,2252296.914,2021-12-13 23:59:59.999,8753636591.89626,3204210,1077590.630,4187782053.06397,0
2021-12-14 00:00:00.000,3780.33,3879.13,3682.0,3856.66,1718001.41,2021-12-14 23:59:59.999,6516584351.17794,2471176,860515.690,3264805929.02826,0
2021-12-15 00:00:00.000,3856.67,4096.0,3639.39,4019.01,2415815.067,2021-12-15 23:59:59.999,9333255722.11962,3239561,1216293.854,4700575007.80404,0
2021-12-16 00:00:00.000,4019.01,4118.47,3951.14,3958.67,1603846.854,2021-12-16 23:59:59.999,6477885416.67551,2294353,795052.944,3212317695.69258,0
2021-12-17 00:00:00.000,3958.7,3992.99,3694.2,3873.93,2112402.041,2021-12-17 23:59:59.999,8150384191.83720,2881093,1044417.811,4031405178.37710,0
2021-12-18 00:00:00.000,3872.98,3997.39,3764.96,3957.64,1306368.673,2021-12-18 23:59:59.999,5102991865.01633,2125631,664862.037,2597645006.46707,0
2021-12-19 00:00:00.000,3957.65,4034.99,3881.89,3922.51,1402356.037,2021-12-19 23:59:59.999,5534488536.14064,2030727,695606.922,2746249783.37654,0
2021-12-20 00:00:00.000,3922.51,3981.48,3750.0,3943.48,1741509.419,2021-12-20 23:59:59.999,6712525820.97073,2653960,862794.397,3326602572.65187,0
2021-12-21 00:00:00.000,3943.64,4063.0,3912.26,4014.38,1246421.469,2021-12-21 23:59:59.999,4984828563.72327,2100781,633136.610,2532105700.40649,0
2021-12-22 00:00:00.000,4014.38,4074.99,3924.36,3978.62,1076095.044,2021-12-22 23:59:59.999,4313444572.42589,1685371,533760.196,2139959337.15589,0
2021-12-23 00:00:00.000,3978.63,4153.71,3888.87,4111.3,1586935.899,2021-12-23 23:59:59.999,6342305120.28279,2574870,790942.203,3162412138.89739,0
2021-12-24 00:00:00.000,4111.31,4133.38,4014.45,4045.0,1026594.079,2021-12-24 23:59:59.999,4194323368.26720,1959357,503307.492,2057074991.90787,0
2021-12-25 00:00:00.000,4045.19,4138.47,4015.0,4093.87,890361.594,2021-12-25 23:59:59.999,3621803415.02818,1550150,452393.340,1840765246.64893,0
2021-12-26 00:00:00.000,4093.88,4104.84,4002.0,4062.24,767517.751,2021-12-26 23:59:59.999,3110302732.49935,1214270,374805.140,1519130421.78793,0
2021-12-27 00:00:00.000,4062.4,4126.0,4030.06,4037.36,837344.643,2021-12-27 23:59:59.999,3412512083.97403,1346208,405956.805,1654814228.90877,0
2021-12-28 00:00:00.000,4037.35,4037.36,3756.26,3791.99,1675203.532,2021-12-28 23:59:59.999,6515358318.89518,2329455,808767.898,3146041359.67125,0
2021-12-29 00:00:00.000,3792.0,3825.91,3600.45,3628.55,1318187.731,2021-12-29 23:59:59.999,4938307811.88661,1811791,628740.042,2357157171.53485,0
2021-12-30 00:00:00.000,3628.49,3766.71,3580.0,3708.37,1023870.718,2021-12-30 23:59:59.999,3783727767.90478,1468765,511459.256,1890710432.46539,0
2021-12-31 00:00:00.000,3708.45,3814.95,3621.32,3676.02,1343940.174,2021-12-31 23:59:59.999,5019121901.30920,1718536,657338.460,2455318242.51639,0
2022-01-01 00:00:00.000,3676.01,3776.33,3671.86,3763.06,755619.793,2022-01-01 23:59:59.999,2815651909.34339,1253371,374973.370,1397453273.20879,0
2022-01-02 00:00:00.000,3763.05,3860.0,3714.48,3826.21,740079.43,2022-01-02 23:59:59.999,2798657676.16421,1251669,380197.071,1438262996.19347,0
2022-01-03 00:00:00.000,3826.1,3850.0,3680.0,3764.07,999879.353,2022-01-03 23:59:59.999,3777721163.97305,1481803,485541.732,1834763812.23665,0
2022-01-04 00:00:00.000,3764.07,3893.19,3711.0,3785.6,1253780.69,2022-01-04 23:59:59.999,4775534414.28812,1702557,631582.491,2406003407.58924,0
2022-01-05 00:00:00.000,3785.6,3847.18,3405.0,3537.71,1813981.948,2022-01-05 23:59:59.999,6675092541.77517,2392846,870855.603,3205775294.72495,0
2022-01-06 00:00:00.000,3537.81,3549.11,3292.31,3404.6,1840489.348,2022-01-06 23:59:59.999,6279177286.15747,2474832,902767.537,3080987789.69944,0
2022-01-07 00:00:00.000,3404.61,3415.35,3040.77,3196.58,2855226.352,2022-01-07 23:59:59.999,9156175041.42808,3635807,1385097.550,4442877232.85936,0
2022-01-08 00:00:00.000,3196.58,3248.03,2996.45,3080.03,1859886.155,2022-01-08 23:59:59.999,5808043464.37497,2323042,915949.549,2860873049.35190,0
2022-01-09 00:00:00.000,3079.86,3209.4,3057.0,3150.0,1230848.792,2022-01-09 23:59:59.999,3853748750.33209,1652895,618102.939,1935566723.02496,0
2022-01-10 00:00:00.000,3149.99,3179.16,2924.78,3081.31,2322294.565,2022-01-10 23:59:59.999,7079565083.20333,2638378,1148983.072,3502967966.63497,0
2022-01-11 00:00:00.000,3081.25,3262.66,3050.58,3236.86,1533503.746,2022-01-11 23:59:59.999,4836151992.53377,1894382,773577.009,2439879607.61130,0
2022-01-12 00:00:00.000,3236.86,3411.0,3203.85,3369.93,1435454.649,2022-01-12 23:59:59.999,4753099829.92951,1901450,737104.090,2441631267.65085,0
2022-01-13 00:00:00.000,3369.92,3408.89,3230.97,3240.36,1374273.064,2022-01-13 23:59:59.999,4558640511.93513,1775539,671380.571,2227413038.34845,0
2022-01-14 00:00:00.000,3240.32,3342.63,3181.2,3305.6,1309794.267,2022-01-14 23:59:59.999,4271754423.42846,1677945,658810.445,2149597068.08969,0
2022-01-15 00:00:00.000,3305.61,3372.0,3257.59,3324.05,809020.133,2022-01-15 23:59:59.999,2687321901.17641,1399475,403309.029,1340071430.72307,0
2022-01-16 00:00:00.000,3324.06,3394.62,3269.01,3345.49,934941.801,2022-01-16 23:59:59.999,3112687274.02912,1443664,475563.740,1583857257.27678,0
2022-01-17 00:00:00.000,3345.5,3355.3,3139.37,3208.61,1440138.934,2022-01-17 23:59:59.999,4673076476.50251,1905930,713648.866,2315979167.25524,0
2022-01-18 00:00:00.000,3208.6,3243.95,3080.5,3159.32,1589444.667,2022-01-18 23:59:59.999,5010157515.14645,1918856,792354.659,2497982478.65501,0
2022-01-19 00:00:00.000,3159.31,3174.6,3045.0,3082.81,1668517.082,2022-01-19 23:59:59.999,5189639864.18362,2154279,827915.615,2575812422.60448,0
2022-01-20 00:00:00.000,3082.8,3272.24,2985.0,2999.92,1880719.448,2022-01-20 23:59:59.999,5926009927.59850,2206660,951170.197,2998472472.20511,0
2022-01-21 00:00:00.000,2999.92,3031.9,2460.0,2566.91,4517274.359,2022-01-21 23:59:59.999,12514701125.46148,4897029,2200477.083,6098060560.24197,0
2022-01-22 00:00:00.000,2566.91,2625.6,2293.56,2410.96,4662398.873,2022-01-22 23:59:59.999,11407543010.03600,5193460,2315583.584,5667992037.60323,0
2022-01-23 00:00:00.000,2410.57,2549.0,2368.0,2538.41,2371974.868,2022-01-23 23:59:59.999,5833997685.39064,2629510,1211371.166,2980950643.00904,0
2022-01-24 00:00:00.000,2538.4,2539.59,2151.0,2438.13,4694300.254,2022-01-24 23:59:59.999,10840194199.53302,5281222,2366956.599,5465216077.75400,0
2022-01-25 00:00:00.000,2437.87,2504.98,2349.6,2457.37,2325976.562,2022-01-25 23:59:59.999,5636577032.24078,2812723,1179167.455,2858603889.84165,0
2022-01-26 00:00:00.000,2457.37,2720.06,2400.01,2461.61,3370868.336,2022-01-26 23:59:59.999,8579635823.06901,3854865,1711041.047,4356821161.78977,0
2022-01-27 00:00:00.000,2461.62,2520.0,2314.33,2422.61,2706734.602,2022-01-27 23:59:59.999,6551124353.29313,3054308,1357961.379,3287944611.31250,0
2022-01-28 00:00:00.000,2422.61,2556.93,2357.0,2543.34,2394675.788,2022-01-28 23:59:59.999,5832709367.68838,2814629,1225252.464,2986707220.13692,0
2022-01-29 00:00:00.000,2543.34,2658.41,2519.21,2599.94,1522389.395,2022-01-29 23:59:59.999,3909322807.94748,1950275,768347.892,1973963749.76406,0
2022-01-30 00:00:00.000,2599.93,2644.93,2541.46,2600.45,1322236.477,2022-01-30 23:59:59.999,3431223524.16989,1713681,677924.103,1759815045.63828,0
2022-01-31 00:00:00.000,2600.45,2706.47,2475.33,2685.34,2119778.986,2022-01-31 23:59:59.999,5497599951.88833,2511180,1092721.930,2836083345.48585,0
2022-02-01 00:00:00.000,2685.34,2812.94,2672.61,2786.38,2054796.845,2022-02-01 23:59:59.999,5668520842.67734,2514252,1054869.861,2910128881.82822,0
2022-02-02 00:00:00.000,2786.37,2810.0,2610.4,2678.0,2354857.007,2022-02-02 23:59:59.999,6390741360.31646,2588322,1161329.836,3152533644.88095,0
2022-02-03 00:00:00.000,2678.47,2722.99,2572.64,2694.37,2171742.641,2022-02-03 23:59:59.999,5720509414.67786,2508451,1091608.761,2875951988.55035,0
2022-02-04 00:00:00.000,2694.2,2995.0,2670.14,2993.65,2953883.898,2022-02-04 23:59:59.999,8398868704.49046,3399565,1531423.303,4354458886.96182,0
2022-02-05 00:00:00.000,2993.64,3059.91,2958.01,3011.59,1557391.545,2022-02-05 23:59:59.999,4687429957.09237,2014040,786711.318,2368379630.75496,0
2022-02-06 00:00:00.000,3011.58,3075.0,2948.0,3054.26,1151529.849,2022-02-06 23:59:59.999,3460851097.78940,1457326,581357.686,1747828840.36891,0
2022-02-07 00:00:00.000,3054.26,3185.99,2990.83,3138.55,1920591.918,2022-02-07 23:59:59.999,5945879846.53350,2234372,978279.765,3029389030.73493,0
2022-02-08 00:00:00.000,3138.55,3246.65,3023.28,3115.23,2122006.982,2022-02-08 23:59:59.999,6598768727.89174,2441605,1056438.505,3285568021.73335,0
2022-02-09 00:00:00.000,3115.23,3269.16,3052.5,3241.82,1571485.369,2022-02-09 23:59:59.999,4964808230.62457,2034483,797111.751,2518720555.68676,0
2022-02-10 00:00:00.000,3241.79,3282.96,3055.24,3070.9,2672791.971,2022-02-10 23:59:59.999,8499639525.52764,3068978,1333421.559,4241251208.96306,0
2022-02-11 00:00:00.000,3070.89,3136.55,2873.5,2926.04,2333468.434,2022-02-11 23:59:59.999,7077554747.74226,2928823,1143123.633,3467983510.90860,0
2022-02-12 00:00:00.000,2926.03,2983.62,2855.0,2916.93,1869241.526,2022-02-12 23:59:59.999,5450989532.57656,2296999,920784.062,2685443686.71921,0
2022-02-13 00:00:00.000,2917.04,2952.66,2830.31,2870.32,1277486.697,2022-02-13 23:59:59.999,3707939332.48070,1711130,632594.457,1836709733.59703,0
2022-02-14 00:00:00.000,2870.33,2964.44,2829.8,2928.87,1815960.443,2022-02-14 23:59:59.999,5263552192.95742,2201211,910997.874,2641127709.00084,0
2022-02-15 00:00:00.000,2928.87,3198.0,2911.85,3183.73,1856076.117,2022-02-15 23:59:59.999,5714091348.62078,2335370,954848.633,2939810949.00150,0
2022-02-16 00:00:00.000,3183.74,3186.79,3040.42,3121.8,1733462.418,2022-02-16 23:59:59.999,5408024225.21039,2169230,857155.629,2674143996.86848,0
2022-02-17 00:00:00.000,3121.8,3158.68,2850.0,2890.8,2632604.386,2022-02-17 23:59:59.999,7919238051.35232,3010625,1276241.316,3839803752.45899,0
2022-02-18 00:00:00.000,2890.75,2941.94,2750.0,2778.46,2162941.471,2022-02-18 23:59:59.999,6148632292.71915,2608990,1078421.674,3066047005.91269,0
2022-02-19 00:00:00.000,2778.46,2829.99,2691.0,2761.89,1546343.886,2022-02-19 23:59:59.999,4270584831.58429,1936132,765108.298,2113426445.53245,0
2022-02-20 00:00:00.000,2761.9,2762.89,2573.33,2620.72,2242471.273,2022-02-20 23:59:59.999,5933481403.70280,2530352,1107164.273,2929384820.63703,0
2022-02-21 00:00:00.000,2620.72,2758.0,2555.56,2566.88,3985389.094,2022-02-21 23:59:59.999,10607780731.93246,4153367,2005642.904,5338966041.22877,0
2022-02-22 00:00:00.000,2566.88,2670.0,2495.0,2635.57,3195802.792,2022-02-22 23:59:59.999,8250350069.89216,3451981,1619507.436,4182415961.74897,0
2022-02-23 00:00:00.000,2635.57,2752.38,2573.39,2578.02,2704599.315,2022-02-23 23:59:59.999,7224805564.13842,2817096,1336758.643,3571619613.41271,0
2022-02-24 00:00:00.000,2578.02,2777.33,2298.72,2595.47,6227786.305,2022-02-24 23:59:59.999,15271087886.32285,5736440,3139396.939,7698292990.01452,0
2022-02-25 00:00:00.000,2595.47,2835.0,2571.68,2766.36,2936418.882,2022-02-25 23:59:59.999,7859621309.73445,3391355,1495854.279,4005447438.97709,0
2022-02-26 00:00:00.000,2766.42,2882.0,2726.0,2778.15,1852287.146,2022-02-26 23:59:59.999,5167387400.86429,2447336,925077.103,2581865633.17048,0
2022-02-27 00:00:00.000,2778.15,2836.21,2553.68,2615.99,2948786.157,2022-02-27 23:59:59.999,7998715417.35802,3578220,1446388.727,3924840188.70364,0
2022-02-28 00:00:00.000,2615.99,2966.0,2565.0,2920.1,3405929.703,2022-02-28 23:59:59.999,9267533739.81621,3736110,1732007.615,4718805944.11781,0
2022-03-01 00:00:00.000,2920.05,3036.0,2852.2,2975.61,2903119.452,2022-03-01 23:59:59.999,8544403642.44822,3339956,1444478.697,4252815639.03993,0
2022-03-02 00:00:00.000,2975.61,3046.46,2912.96,2947.47,2628094.604,2022-03-02 23:59:59.999,7817489406.51165,3202125,1298130.046,3862517286.31753,0
2022-03-03 00:00:00.000,2947.48,2970.0,2781.77,2832.97,2068430.471,2022-03-03 23:59:59.999,5935025460.83803,2528238,1005589.849,2885815057.24670,0
2022-03-04 00:00:00.000,2832.98,2835.9,2570.65,2620.25,2431616.203,2022-03-04 23:59:59.999,6556161324.43909,3013013,1181918.387,3186218162.76912,0
2022-03-05 00:00:00.000,2620.25,2684.87,2588.0,2663.55,1085460.56,2022-03-05 23:59:59.999,2866022819.73462,1606329,542236.339,1431884209.93311,0
2022-03-06 00:00:00.000,2663.55,2674.61,2529.0,2549.37,1394552.348,2022-03-06 23:59:59.999,3653497883.30399,1799383,678469.048,1777884035.09776,0
2022-03-07 00:00:00.000,2549.36,2650.0,2431.62,2489.9,2690724.432,2022-03-07 23:59:59.999,6844133016.58346,2883213,1334090.842,3394448207.16211,0
2022-03-08 00:00:00.000,2489.84,2623.0,2478.35,2575.49,2643188.688,2022-03-08 23:59:59.999,6770376286.07039,2835027,1326739.569,3399232975.82482,0
2022-03-09 00:00:00.000,2575.5,2773.17,2566.41,2726.37,2075382.606,2022-03-09 23:59:59.999,5619678231.05178,2445604,1065564.117,2884105324.81258,0
2022-03-10 00:00:00.000,2726.37,2733.37,2546.83,2605.44,2036842.087,2022-03-10 23:59:59.999,5317486921.07739,2321357,996769.933,2602194847.52978,0
2022-03-11 00:00:00.000,2605.43,2676.2,2520.5,2555.89,2046135.535,2022-03-11 23:59:59.999,5300909392.69620,2361963,1018583.621,2639372595.83290,0
2022-03-12 00:00:00.000,2555.9,2620.0,2552.22,2567.64,835243.91,2022-03-12 23:59:59.999,2158684698.28486,1104040,419451.700,1084293842.24743,0
2022-03-13 00:00:00.000,2567.63,2604.13,2490.25,2514.07,1153034.412,2022-03-13 23:59:59.999,2952206474.62885,1402184,558716.365,1431178938.90646,0
2022-03-14 00:00:00.000,2513.77,2609.32,2496.85,2588.96,1700607.097,2022-03-14 23:59:59.999,4359481633.20476,1842745,868925.572,2227739646.33532,0
2022-03-15 00:00:00.000,2588.96,2668.8,2504.5,2617.29,2010933.59,2022-03-15 23:59:59.999,5180763260.29182,2105424,1021557.951,2632926318.23309,0
2022-03-16 00:00:00.000,2617.29,2789.86,2602.06,2772.78,2671403.544,2022-03-16 23:59:59.999,7174881501.97200,3045564,1385429.910,3722850835.74084,0
2022-03-17 00:00:00.000,2772.78,2839.0,2745.33,2810.74,1388608.329,2022-03-17 23:59:59.999,3874029264.80570,1755043,710453.943,1982717128.23561,0
2022-03-18 00:00:00.000,2810.75,2984.72,2760.0,2938.02,2012338.322,2022-03-18 23:59:59.999,5743230991.25995,2244661,1041776.996,2974787546.08596,0
2022-03-19 00:00:00.000,2938.03,2992.0,2890.6,2950.0,1138322.115,2022-03-19 23:59:59.999,3357316687.44774,1561236,554826.606,1636873555.32168,0
2022-03-20 00:00:00.000,2949.9,2965.0,2817.49,2860.47,1437020.801,2022-03-20 23:59:59.999,4147063354.36078,1797072,694125.832,2003633753.17303,0
2022-03-21 00:00:00.000,2860.53,2960.0,2830.5,2889.08,1686819.608,2022-03-21 23:59:59.999,4892675845.46698,2035694,841002.607,2439586759.80094,0
2022-03-22 00:00:00.000,2889.07,3055.9,2885.49,2968.49,1797753.573,2022-03-22 23:59:59.999,5382225852.73813,2214879,900225.366,2694997108.88053,0
2022-03-23 00:00:00.000,2968.48,3043.69,2915.51,3035.55,1781378.735,2022-03-23 23:59:59.999,5298210934.19466,2048735,881814.931,2623674368.63429,0
2022-03-24 00:00:00.000,3035.54,3129.75,3001.0,3109.89,2081151.644,2022-03-24 23:59:59.999,6374707643.69508,2190868,1053819.110,3229468168.26125,0
2022-03-25 00:00:00.000,3109.89,3195.0,3075.0,3101.37,2007262.806,2022-03-25 23:59:59.999,6287041331.74681,2033711,1002738.046,3141333616.82659,0
2022-03-26 00:00:00.000,3101.37,3152.24,3084.03,3143.47,760414.286,2022-03-26 23:59:59.999,2373068593.90462,1029994,379354.337,1184179332.07978,0
2022-03-27 00:00:00.000,3143.47,3299.33,3125.26,3295.01,1243196.793,2022-03-27 23:59:59.999,3969755255.96455,1471486,647722.164,2069573448.35966,0
2022-03-28 00:00:00.000,3295.01,3430.0,3274.3,3333.62,1780150.955,2022-03-28 23:59:59.999,5967520102.20501,2103793,887547.271,2975865277.83010,0
2022-03-29 00:00:00.000,3333.62,3480.0,3330.32,3399.0,1928941.55,2022-03-29 23:59:59.999,6583444774.67217,2104753,966426.807,3298793890.23792,0
2022-03-30 00:00:00.000,3399.0,3447.74,3332.0,3385.1,1512369.419,2022-03-30 23:59:59.999,5123666479.18429,1744604,740520.270,2509451690.85627,0
2022-03-31 00:00:00.000,3385.09,3444.6,3260.84,3281.43,1815474.754,2022-03-31 23:59:59.999,6079844304.56200,1972188,881263.691,2951556932.78967,0
2022-04-01 00:00:00.000,3281.43,3483.12,3210.06,3454.33,2109764.119,2022-04-01 23:59:59.999,7072994919.34860,2259343,1058417.897,3549534808.87093,0
2022-04-02 00:00:00.000,3454.33,3533.0,3430.2,3443.07,1652414.36,2022-04-02 23:59:59.999,5750301550.87988,1903299,821573.386,2859594662.43130,0
2022-04-03 00:00:00.000,3443.06,3580.0,3411.9,3520.76,1431228.504,2022-04-03 23:59:59.999,5003591177.33170,1698555,717298.807,2508455562.05967,0
2022-04-04 00:00:00.000,3520.65,3551.55,3405.03,3518.96,1653737.507,2022-04-04 23:59:59.999,5747409279.23374,1917751,814828.402,2832887814.07611,0
2022-04-05 00:00:00.000,3518.97,3554.99,3388.97,3405.04,1487565.105,2022-04-05 23:59:59.999,5173971174.28490,1744550,705418.551,2454478528.86031,0
2022-04-06 00:00:00.000,3405.03,3406.08,3160.19,3166.78,2622721.98,2022-04-06 23:59:59.999,8579524051.95511,3070715,1264197.684,4134599421.60509,0
2022-04-07 00:00:00.000,3166.77,3267.58,3140.33,3225.15,1752183.226,2022-04-07 23:59:59.999,5620103056.30526,2125732,869637.762,2789630867.01119,0
2022-04-08 00:00:00.000,3225.0,3315.0,3171.95,3191.26,1958267.702,2022-04-08 23:59:59.999,6370437705.00749,2292903,970790.300,3159117821.19071,0
2022-04-09 00:00:00.000,3191.27,3269.62,3180.24,3257.53,909857.465,2022-04-09 23:59:59.999,2928136396.63502,1312697,467480.356,1505022197.70436,0
2022-04-10 00:00:00.000,3257.54,3307.21,3187.0,3200.24,1000563.67,2022-04-10 23:59:59.999,3254049432.15029,1346639,482532.983,1570020307.91760,0
2022-04-11 00:00:00.000,3200.24,3212.0,2945.08,2978.69,2565570.206,2022-04-11 23:59:59.999,7861189063.19620,3029221,1233985.064,3781136134.34596,0
2022-04-12 00:00:00.000,2978.69,3082.0,2948.19,3026.3,1863628.985,2022-04-12 23:59:59.999,5623890363.23573,2382584,944457.732,2850191024.61432,0
2022-04-13 00:00:00.000,3026.31,3133.0,2995.23,3116.45,1652978.477,2022-04-13 23:59:59.999,5064530681.36142,2045938,845245.110,2590443152.89950,0
2022-04-14 00:00:00.000,3116.53,3148.0,2973.47,3019.82,1505522.162,2022-04-14 23:59:59.999,4606236523.90761,1915798,729643.035,2232547629.22373,0
2022-04-15 00:00:00.000,3019.82,3062.81,2990.06,3039.19,923299.874,2022-04-15 23:59:59.999,2793541314.08019,1319319,468592.672,1418080902.18844,0
2022-04-16 00:00:00.000,3039.2,3090.0,3008.08,3057.99,652575.022,2022-04-16 23:59:59.999,1983250932.42988,951834,338829.606,1030056095.64987,0
2022-04-17 00:00:00.000,3058.0,3082.56,2980.6,2986.03,1075168.023,2022-04-17 23:59:59.999,3272956187.26666,1309595,534072.882,1626510147.98233,0
2022-04-18 00:00:00.000,2986.02,3069.0,2875.87,3054.02,1815827.195,2022-04-18 23:59:59.999,5367447373.56267,2173037,919075.245,2719000696.98827,0
2022-04-19 00:00:00.000,3054.02,3129.43,3027.66,3100.42,1194169.089,2022-04-19 23:59:59.999,3675189299.32606,1594803,610595.654,1879547259.18505,0
2022-04-20 00:00:00.000,3100.43,3173.89,3031.48,3074.01,1393841.93,2022-04-20 23:59:59.999,4315689906.27074,1875863,691942.796,2143113010.76509,0
2022-04-21 00:00:00.000,3073.96,3180.0,2933.33,2981.31,1801732.011,2022-04-21 23:59:59.999,5555789275.52444,2468544,889830.500,2746013229.20583,0
2022-04-22 00:00:00.000,2981.31,3035.37,2930.26,2960.38,1476858.769,2022-04-22 23:59:59.999,4405125111.45917,2267165,730948.751,2180500626.62669,0
2022-04-23 00:00:00.000,2960.39,2976.82,2904.36,2930.28,615769.147,2022-04-23 23:59:59.999,1817888152.35829,1227459,298838.064,882524029.16401,0
2022-04-24 00:00:00.000,2930.28,2967.2,2908.99,2918.97,847760.075,2022-04-24 23:59:59.999,2491367633.10070,1389020,421006.556,1237364231.93581,0
2022-04-25 00:00:00.000,2918.98,3026.02,2791.3,3006.11,2207537.517,2022-04-25 23:59:59.999,6381274608.20131,3090400,1109715.762,3210812274.12210,0
2022-04-26 00:00:00.000,3006.12,3043.0,2761.27,2807.88,2115673.365,2022-04-26 23:59:59.999,6148208700.99848,2885124,1021787.535,2970674947.37231,0
2022-04-27 00:00:00.000,2807.89,2920.0,2792.27,2887.57,1889647.276,2022-04-27 23:59:59.999,5415643571.37906,2579650,958715.968,2748484118.34543,0
2022-04-28 00:00:00.000,2887.57,2979.76,2853.24,2935.39,1925868.923,2022-04-28 23:59:59.999,5612621053.48657,2603535,990190.304,2886655394.74790,0
2022-04-29 00:00:00.000,2935.39,2946.29,2776.0,2815.37,1671919.811,2022-04-29 23:59:59.999,4775274689.59476,2376583,807090.755,2305770669.83597,0
2022-04-30 00:00:00.000,2815.38,2841.04,2711.65,2725.1,1115770.231,2022-04-30 23:59:59.999,3118023087.07109,1875933,540019.600,1509733010.62816,0
2022-05-01 00:00:00.000,2725.1,2849.0,2714.5,2823.38,1217450.891,2022-05-01 23:59:59.999,3385139761.72705,1915241,629035.872,1749912077.69001,0
2022-05-02 00:00:00.000,2823.38,2882.15,2774.97,2855.16,1598694.15,2022-05-02 23:59:59.999,4519577853.11413,2375200,810227.003,2291400982.89933,0
2022-05-03 00:00:00.000,2855.15,2860.76,2753.0,2780.91,1170566.655,2022-05-03 23:59:59.999,3294651871.44225,1805962,578088.174,1627404787.78782,0
2022-05-04 00:00:00.000,2780.92,2965.0,2770.08,2939.76,1716921.512,2022-05-04 23:59:59.999,4918906434.58761,2466900,887647.461,2543482345.34626,0
2022-05-05 00:00:00.000,2939.76,2955.79,2684.84,2746.37,2174369.003,2022-05-05 23:59:59.999,6098185668.96568,2792559,1043396.279,2927129473.47747,0
2022-05-06 00:00:00.000,2746.36,2757.28,2630.0,2691.59,1917392.823,2022-05-06 23:59:59.999,5168734732.80876,2749965,947109.621,2553451730.10315,0
2022-05-07 00:00:00.000,2691.6,2703.61,2581.89,2634.82,963077.904,2022-05-07 23:59:59.999,2563154598.57406,1676146,474806.083,1264277137.49046,0
2022-05-08 00:00:00.000,2634.82,2641.11,2480.0,2518.9,1999269.154,2022-05-08 23:59:59.999,5089866425.16320,2923846,983645.670,2504608525.55616,0
2022-05-09 00:00:00.000,2519.03,2530.88,2222.46,2227.48,4531752.048,2022-05-09 23:59:59.999,10697215137.69064,5474848,2247689.031,5306393518.03495,0
2022-05-10 00:00:00.000,2227.62,2455.88,2197.38,2340.86,4079487.756,2022-05-10 23:59:59.999,9596880256.63219,5395559,2065257.288,4857221864.77054,0
2022-05-11 00:00:00.000,2340.85,2451.86,2002.0,2083.98,5826464.141,2022-05-11 23:59:59.999,13173803440.07364,7380714,2901650.587,6567306052.93728,0
2022-05-12 00:00:00.000,2083.98,2193.7,1775.43,1959.78,5639772.981,2022-05-12 23:59:59.999,10971252687.57215,7561911,2802475.456,5454933650.80577,0
2022-05-13 00:00:00.000,1959.79,2149.99,1939.33,2008.49,2799355.876,2022-05-13 23:59:59.999,5809760462.83815,3966227,1416731.736,2940897148.66403,0
2022-05-14 00:00:00.000,2008.48,2068.6,1950.07,2055.0,1712302.978,2022-05-14 23:59:59.999,3446491889.91870,2633388,877431.054,1766649125.50061,0
2022-05-15 00:00:00.000,2054.99,2174.32,2000.0,2144.07,1621232.284,2022-05-15 23:59:59.999,3360404560.97969,2384401,826693.910,1714328486.17808,0
2022-05-16 00:00:00.000,2144.06,2144.07,1976.0,2022.89,2642704.669,2022-05-16 23:59:59.999,5366648840.78374,3369143,1310753.657,2661843757.73466,0
2022-05-17 00:00:00.000,2022.79,2124.1,2006.71,2090.0,1960680.703,2022-05-17 23:59:59.999,4051495838.11071,2560883,1009465.282,2086340758.07734,0
2022-05-18 00:00:00.000,2090.0,2110.89,1906.61,1914.2,2331823.162,2022-05-18 23:59:59.999,4654040139.80995,2734722,1131084.717,2257769248.51224,0
2022-05-19 00:00:00.000,1914.19,2039.3,1901.7,2019.46,2582771.916,2022-05-19 23:59:59.999,5090224818.55394,3023880,1321097.342,2604286999.12748,0
2022-05-20 00:00:00.000,2019.45,2064.74,1922.0,1958.69,2606153.056,2022-05-20 23:59:59.999,5192199953.44636,2798031,1300688.194,2592380594.28459,0
2022-05-21 00:00:00.000,1958.69,1990.75,1935.52,1973.94,1160939.76,2022-05-21 23:59:59.999,2287008380.25312,1526957,583233.013,1149116707.06946,0
2022-05-22 00:00:00.000,1973.94,2056.73,1965.25,2042.63,1433318.968,2022-05-22 23:59:59.999,2881685469.42391,1628984,741460.528,1490853303.49115,0
2022-05-23 00:00:00.000,2042.63,2088.6,1955.01,1972.45,2340762.693,2022-05-23 23:59:59.999,4768428725.69658,2556218,1150825.976,2345307477.84321,0
2022-05-24 00:00:00.000,1972.45,1993.72,1911.38,1978.56,2077293.838,2022-05-24 23:59:59.999,4070659059.88736,2291743,1034894.018,2028175847.59929,0
2022-05-25 00:00:00.000,1978.56,2022.74,1933.0,1942.0,2151769.493,2022-05-25 23:59:59.999,4241561280.90225,2334490,1071340.720,2112405356.95718,0
2022-05-26 00:00:00.000,1942.01,1965.28,1725.0,1791.02,4404820.882,2022-05-26 23:59:59.999,8138603051.65734,3994873,2149194.778,3972098623.96372,0
2022-05-27 00:00:00.000,1790.99,1821.85,1694.97,1726.55,4743622.208,2022-05-27 23:59:59.999,8357706808.10210,4743781,2385581.642,4204148974.53291,0
2022-05-28 00:00:00.000,1726.55,1809.33,1721.3,1791.74,2072895.705,2022-05-28 23:59:59.999,3668617968.70122,2346794,1048172.486,1855201292.11046,0
2022-05-29 00:00:00.000,1791.75,1829.0,1755.25,1812.45,1640982.631,2022-05-29 23:59:59.999,2945787959.89123,1697706,837994.510,1504699216.45287,0
2022-05-30 00:00:00.000,1812.46,2013.56,1801.52,1997.87,3264009.122,2022-05-30 23:59:59.999,6239500143.71399,3107210,1706277.017,3262683988.23179,0
2022-05-31 00:00:00.000,1997.87,2016.77,1922.0,1941.68,2655076.664,2022-05-31 23:59:59.999,5223236544.60503,2673228,1304184.037,2566087967.45238,0
2022-06-01 00:00:00.000,1941.68,1972.77,1758.52,1817.1,3499271.987,2022-06-01 23:59:59.999,6601368863.36227,3352330,1713993.383,3234941110.05324,0
2022-06-02 00:00:00.000,1817.16,1852.99,1780.48,1833.37,2390879.573,2022-06-02 23:59:59.999,4344141365.88604,2532259,1196336.173,2174173274.03294,0
2022-06-03 00:00:00.000,1833.37,1843.33,1733.01,1774.15,2363750.458,2022-06-03 23:59:59.999,4201383506.66514,2551203,1171239.375,2082170861.43723,0
2022-06-04 00:00:00.000,1774.16,1815.48,1747.45,1803.71,1318917.819,2022-06-04 23:59:59.999,2339470640.78652,1493088,662240.765,1175084451.89273,0
2022-06-05 00:00:00.000,1803.7,1830.0,1772.19,1805.39,1432385.263,2022-06-05 23:59:59.999,2579985158.45067,1629794,728319.595,1312140766.19626,0
2022-06-06 00:00:00.000,1805.4,1919.33,1803.52,1859.11,2917516.33,2022-06-06 23:59:59.999,5476426770.55326,2889524,1482272.261,2782335280.65961,0
2022-06-07 00:00:00.000,1859.1,1875.0,1722.0,1812.61,4087315.102,2022-06-07 23:59:59.999,7291656503.16585,3844005,2015862.966,3597552602.97118,0
2022-06-08 00:00:00.000,1812.62,1840.13,1763.87,1791.02,2628755.953,2022-06-08 23:59:59.999,4737579638.63843,2724564,1308576.539,2358444918.51021,0
2022-06-09 00:00:00.000,1791.01,1832.7,1776.32,1788.03,1839669.689,2022-06-09 23:59:59.999,3309798407.29703,2003405,912080.293,1641301492.16549,0
2022-06-10 00:00:00.000,1788.03,1803.82,1650.0,1661.95,3608897.284,2022-06-10 23:59:59.999,6228607832.37609,3277219,1723686.687,2976360797.38985,0
2022-06-11 00:00:00.000,1661.95,1680.97,1498.93,1532.19,4960438.976,2022-06-11 23:59:59.999,7778168198.17592,4297898,2406042.343,3770110965.49678,0
2022-06-12 00:00:00.000,1532.19,1548.81,1421.0,1434.35,6016472.456,2022-06-12 23:59:59.999,8893071858.23435,4851150,3036537.051,4489708234.12270,0
2022-06-13 00:00:00.000,1434.35,1454.58,1162.0,1209.04,17351785.758,2022-06-13 23:59:59.999,21941467145.70480,11630101,8787860.700,11113632493.26984,0
2022-06-14 00:00:00.000,1209.03,1268.9,1073.0,1208.32,12336657.753,2022-06-14 23:59:59.999,14657104013.43293,8775174,6297508.146,7485227799.62697,0
2022-06-15 00:00:00.000,1208.32,1249.4,1012.42,1236.49,15639610.636,2022-06-15 23:59:59.999,17507842534.93348,10548450,7903728.747,8851220865.75608,0
2022-06-16 00:00:00.000,1236.48,1257.29,1050.51,1067.77,8764835.417,2022-06-16 23:59:59.999,9948262782.32809,6176649,4399921.717,4995515873.39514,0
2022-06-17 00:00:00.000,1067.77,1118.0,1050.0,1085.99,6582676.581,2022-06-17 23:59:59.999,7160320740.43790,4572098,3315875.017,3607499942.58969,0
2022-06-18 00:00:00.000,1085.99,1097.0,878.04,994.09,11387513.195,2022-06-18 23:59:59.999,11140422450.60394,7103302,5692310.222,5568307283.08668,0
2022-06-19 00:00:00.000,994.09,1162.98,935.5,1127.88,10406484.218,2022-06-19 23:59:59.999,10737479691.15422,6781694,5440716.768,5619043988.86250,0
2022-06-20 00:00:00.000,1127.88,1174.0,1052.05,1127.83,8647003.105,2022-06-20 23:59:59.999,9597579628.31477,6312403,4364178.116,4844599049.42852,0
2022-06-21 00:00:00.000,1127.82,1194.0,1108.63,1125.47,6719191.952,2022-06-21 23:59:59.999,7717129837.30618,5305574,3398323.794,3904130483.15408,0
2022-06-22 00:00:00.000,1125.47,1126.81,1042.0,1049.4,6439701.679,2022-06-22 23:59:59.999,6985067146.03695,5352603,3175765.898,3445729059.33936,0
2022-06-23 00:00:00.000,1049.41,1156.01,1044.16,1143.71,5945329.708,2022-06-23 23:59:59.999,6567067983.10538,4874275,3082272.559,3405221150.30237,0
2022-06-24 00:00:00.000,1143.71,1244.94,1131.36,1224.42,6052742.304,2022-06-24 23:59:59.999,7195488084.82197,5052858,3169218.721,3768338511.06337,0
2022-06-25 00:00:00.000,1224.42,1258.0,1179.03,1241.6,4537650.045,2022-06-25 23:59:59.999,5514062293.63994,4033237,2306985.166,2804521100.46168,0
2022-06-26 00:00:00.000,1241.6,1280.0,1193.54,1197.21,4564404.562,2022-06-26 23:59:59.999,5642425991.65198,3918525,2291631.773,2834459063.06584,0
2022-06-27 00:00:00.000,1197.2,1238.89,1172.14,1191.9,4630510.301,2022-06-27 23:59:59.999,5578212007.99774,3958705,2302243.912,2774653212.53411,0
2022-06-28 00:00:00.000,1191.89,1239.66,1135.65,1143.5,5830850.719,2022-06-28 23:59:59.999,6943637262.86077,4636465,2906077.440,3462737385.57925,0
2022-06-29 00:00:00.000,1143.51,1156.76,1085.6,1099.32,6255310.525,2022-06-29 23:59:59.999,6996782558.42135,4444997,3143527.861,3516835185.89043,0
2022-06-30 00:00:00.000,1099.33,1106.6,995.0,1070.85,8433372.481,2022-06-30 23:59:59.999,8776684715.97994,5239898,4256271.840,4428609787.73980,0
2022-07-01 00:00:00.000,1070.9,1118.21,1032.65,1059.24,7465681.271,2022-07-01 23:59:59.999,7965023016.58434,5131299,3811163.096,4067283447.79685,0
2022-07-02 00:00:00.000,1059.16,1078.98,1026.16,1066.53,3974288.532,2022-07-02 23:59:59.999,4182655936.29859,2814030,2022531.688,2129331251.02958,0
2022-07-03 00:00:00.000,1066.53,1088.0,1040.01,1073.9,3749708.763,2022-07-03 23:59:59.999,3986193835.78978,2591145,1898349.390,2018697292.63453,0
2022-07-04 00:00:00.000,1073.91,1160.68,1044.33,1150.23,5930747.625,2022-07-04 23:59:59.999,6505251168.91222,3839661,3105776.893,3408756160.04084,0
2022-07-05 00:00:00.000,1150.23,1176.0,1075.0,1131.8,7139408.684,2022-07-05 23:59:59.999,8047372440.06900,4737072,3610624.075,4070323822.26865,0
2022-07-06 00:00:00.000,1131.81,1205.45,1111.03,1186.37,6534667.739,2022-07-06 23:59:59.999,7479228870.10764,4401264,3374963.801,3864434806.52849,0
2022-07-07 00:00:00.000,1186.36,1254.82,1162.93,1236.92,5320583.171,2022-07-07 23:59:59.999,6422728354.47917,3715357,2749124.488,3319897966.04818,0
2022-07-08 00:00:00.000,1236.91,1277.0,1192.0,1213.53,6498615.367,2022-07-08 23:59:59.999,7993846092.86714,4412044,3298779.730,4059200808.75208,0
2022-07-09 00:00:00.000,1213.53,1236.87,1203.75,1216.48,2797190.032,2022-07-09 23:59:59.999,3405360762.76592,2238863,1413624.205,1721379811.48174,0
2022-07-10 00:00:00.000,1216.49,1219.5,1152.0,1167.81,3568244.792,2022-07-10 23:59:59.999,4207542141.60389,2613499,1743659.987,2055966717.17862,0
2022-07-11 00:00:00.000,1167.81,1170.97,1091.1,1095.95,4532538.359,2022-07-11 23:59:59.999,5159629837.34689,3182994,2252733.009,2565462649.90626,0
2022-07-12 00:00:00.000,1095.88,1097.51,1032.09,1037.88,5644661.921,2022-07-12 23:59:59.999,6026006795.32593,3846893,2809103.571,2999385351.42623,0
2022-07-13 00:00:00.000,1037.88,1120.0,1005.0,1114.19,8490574.12,2022-07-13 23:59:59.999,9015293731.15611,4958433,4369893.011,4643285871.09375,0
2022-07-14 00:00:00.000,1114.18,1216.9,1070.57,1193.01,7455813.799,2022-07-14 23:59:59.999,8433152233.87695,5131517,3864275.811,4373070821.65775,0
2022-07-15 00:00:00.000,1193.01,1294.99,1180.74,1230.58,7636816.255,2022-07-15 23:59:59.999,9358068233.24177,5495718,3952097.470,4844881768.33098,0
2022-07-16 00:00:00.000,1230.59,1440.57,1191.41,1355.37,8366413.063,2022-07-16 23:59:59.999,10769354837.13322,6042295,4351804.035,5603632337.77545,0
2022-07-17 00:00:00.000,1355.38,1387.92,1316.0,1338.27,6374217.855,2022-07-17 23:59:59.999,8620438757.41276,5219624,3197327.162,4325887715.50805,0
2022-07-18 00:00:00.000,1338.28,1597.19,1335.49,1580.12,9898091.92,2022-07-18 23:59:59.999,14534269566.88306,7525806,5095270.633,7480602238.64865,0
2022-07-19 00:00:00.000,1580.12,1640.0,1492.57,1541.39,9494246.978,2022-07-19 23:59:59.999,14678284685.59557,7810523,4700785.717,7269820397.11900,0
2022-07-20 00:00:00.000,1541.4,1620.0,1477.0,1521.34,8184052.839,2022-07-20 23:59:59.999,12777657100.29962,6752239,4085648.090,6381883511.41270,0
2022-07-21 00:00:00.000,1521.26,1607.0,1462.3,1575.39,7325264.216,2022-07-21 23:59:59.999,11149023837.25642,6179726,3720528.406,5665398411.74301,0
2022-07-22 00:00:00.000,1575.38,1646.3,1515.75,1534.53,6728238.217,2022-07-22 23:59:59.999,10696578370.91302,5652560,3359583.748,5342582231.07624,0
2022-07-23 00:00:00.000,1534.53,1596.72,1485.53,1548.01,5150014.938,2022-07-23 23:59:59.999,7926850191.05773,4803334,2574363.975,3963792142.07981,0
2022-07-24 00:00:00.000,1548.01,1664.9,1543.45,1597.77,6366445.957,2022-07-24 23:59:59.999,10183471414.41454,5645954,3250428.214,5200346505.25236,0
2022-07-25 00:00:00.000,1597.77,1609.26,1433.2,1440.4,8130738.376,2022-07-25 23:59:59.999,12331583506.62446,7086762,3951668.529,5995842586.90764,0
2022-07-26 00:00:00.000,1440.4,1455.0,1355.0,1448.27,7673932.806,2022-07-26 23:59:59.999,10756084151.88800,5969522,3855119.105,5405261456.57227,0
2022-07-27 00:00:00.000,1448.28,1644.66,1420.22,1635.45,9108934.438,2022-07-27 23:59:59.999,13818423664.79994,6915155,4679962.927,7101600987.73951,0
2022-07-28 00:00:00.000,1635.46,1784.5,1595.0,1723.82,9638750.264,2022-07-28 23:59:59.999,16135851976.92102,7251257,4907297.239,8217768492.06252,0
2022-07-29 00:00:00.000,1723.83,1766.3,1656.0,1721.85,8322821.761,2022-07-29 23:59:59.999,14239175682.25539,6414015,4107330.196,7027465387.94085,0
2022-07-30 00:00:00.000,1721.85,1744.0,1671.0,1696.68,4893669.344,2022-07-30 23:59:59.999,8364186474.40813,4508506,2413446.958,4125788755.15034,0
2022-07-31 00:00:00.000,1696.68,1755.55,1666.0,1677.63,4341013.588,2022-07-31 23:59:59.999,7400936551.22337,3852901,2163805.442,3690520702.97383,0
2022-08-01 00:00:00.000,1677.63,1704.32,1605.5,1629.45,5621692.061,2022-08-01 23:59:59.999,9324464883.62185,4487162,2752768.625,4566495826.98468,0
2022-08-02 00:00:00.000,1629.45,1678.0,1557.8,1629.97,8048319.82,2022-08-02 23:59:59.999,12978724614.80327,6249114,4064212.567,6555518370.33713,0
2022-08-03 00:00:00.000,1629.98,1685.91,1588.5,1617.37,5772165.287,2022-08-03 23:59:59.999,9474080417.19574,4740351,2876403.397,4721789688.74596,0
2022-08-04 00:00:00.000,1617.37,1664.28,1580.0,1607.2,6186609.903,2022-08-04 23:59:59.999,10013026532.58118,4613775,3038203.993,4918215986.73314,0
2022-08-05 00:00:00.000,1607.2,1743.4,1605.0,1737.13,7645714.788,2022-08-05 23:59:59.999,12843741577.30625,5669716,3882963.899,6523161871.98856,0
2022-08-06 00:00:00.000,1737.12,1751.0,1685.03,1689.85,3673770.096,2022-08-06 23:59:59.999,6311553238.84685,3195495,1808565.952,3107995421.28602,0
2022-08-07 00:00:00.000,1689.84,1729.39,1667.0,1699.25,3426181.998,2022-08-07 23:59:59.999,5804010084.89889,3100771,1704495.517,2888237781.75146,0
2022-08-08 00:00:00.000,1699.25,1819.78,1693.15,1776.09,6333566.586,2022-08-08 23:59:59.999,11180279823.20407,5056209,3238601.390,5716466674.41836,0
2022-08-09 00:00:00.000,1776.08,1790.0,1666.05,1702.04,6330296.526,2022-08-09 23:59:59.999,10892575737.02873,5118754,3036294.118,5224103641.43411,0
2022-08-10 00:00:00.000,1702.04,1886.75,1655.0,1853.24,9215939.763,2022-08-10 23:59:59.999,16379353776.41723,6837238,4712549.884,8379638270.76828,0
2022-08-11 00:00:00.000,1853.25,1943.0,1849.8,1879.35,7873808.723,2022-08-11 23:59:59.999,14907737774.29255,6358628,3934778.328,7451292956.90535,0
2022-08-12 00:00:00.000,1879.35,1964.46,1852.0,1957.4,5535344.089,2022-08-12 23:59:59.999,10503385045.46876,4668550,2817420.930,5348706748.97447,0
2022-08-13 00:00:00.000,1957.4,2019.0,1945.5,1982.8,5390461.793,2022-08-13 23:59:59.999,10705002496.90554,4709258,2715450.385,5393547651.05189,0
2022-08-14 00:00:00.000,1982.79,2030.0,1905.0,1934.55,4960301.502,2022-08-14 23:59:59.999,9772904219.56565,4268940,2439764.124,4808182644.87547,0
2022-08-15 00:00:00.000,1934.56,2012.94,1871.0,1898.56,7812767.162,2022-08-15 23:59:59.999,15018776583.95025,5482428,3862929.885,7428628743.25677,0
2022-08-16 00:00:00.000,1898.55,1915.0,1850.0,1875.78,6218534.016,2022-08-16 23:59:59.999,11706754821.45182,4354381,3048915.458,5740592643.19626,0
2022-08-17 00:00:00.000,1875.79,1957.7,1818.01,1833.55,8253584.13,2022-08-17 23:59:59.999,15456235081.25482,5922176,4058981.150,7602852965.03713,0
2022-08-18 00:00:00.000,1833.55,1882.0,1820.11,1845.86,5330045.147,2022-08-18 23:59:59.999,9902115271.66837,4328572,2685136.745,4988944388.70099,0
2022-08-19 00:00:00.000,1845.86,1847.65,1601.85,1608.29,10707278.713,2022-08-19 23:59:59.999,18452074675.28043,7025072,5219181.093,8997579632.16911,0
2022-08-20 00:00:00.000,1608.29,1657.0,1520.64,1574.93,7333793.524,2022-08-20 23:59:59.999,11770457029.84846,5034015,3646097.834,5854621562.77378,0
2022-08-21 00:00:00.000,1574.92,1648.7,1560.0,1617.17,6301946.927,2022-08-21 23:59:59.999,10132763944.54036,4464716,3167563.346,5093299125.67095,0
2022-08-22 00:00:00.000,1617.17,1629.0,1528.0,1624.02,8702841.846,2022-08-22 23:59:59.999,13698514100.45008,5736402,4395232.645,6919974583.39424,0
2022-08-23 00:00:00.000,1624.02,1680.0,1562.41,1664.19,8533214.781,2022-08-23 23:59:59.999,13842148886.67689,5409440,4356844.314,7069911726.20811,0
2022-08-24 00:00:00.000,1664.19,1693.84,1605.0,1655.71,7245610.326,2022-08-24 23:59:59.999,11946551543.69754,4845012,3655554.831,6028036281.30032,0
2022-08-25 00:00:00.000,1655.71,1722.0,1652.27,1694.16,5903160.698,2022-08-25 23:59:59.999,10016122886.24170,4264516,3026434.529,5135272379.14910,0
2022-08-26 00:00:00.000,1694.15,1706.0,1485.0,1507.23,12030116.664,2022-08-26 23:59:59.999,19517508006.90065,7297196,5888495.398,9558181208.22344,0
2022-08-27 00:00:00.000,1507.22,1517.4,1443.4,1490.0,7282986.956,2022-08-27 23:59:59.999,10825970419.74756,5185492,3634257.302,5403157725.08715,0
2022-08-28 00:00:00.000,1490.0,1510.0,1423.1,1426.3,5691272.507,2022-08-28 23:59:59.999,8412659314.02118,4221778,2836848.370,4194964341.87194,0
2022-08-29 00:00:00.000,1426.29,1559.79,1420.59,1550.67,9032669.023,2022-08-29 23:59:59.999,13462848651.39427,5843852,4667328.933,6956774023.03578,0
2022-08-30 00:00:00.000,1550.66,1605.0,1471.92,1523.48,12249570.308,2022-08-30 23:59:59.999,18926962419.59301,7466286,6120241.068,9458996151.52486,0
2022-08-31 00:00:00.000,1523.49,1621.29,1523.26,1553.04,11937118.009,2022-08-31 23:59:59.999,18812423619.66005,7869837,6062565.830,9557432950.10699,0
2022-09-01 00:00:00.000,1553.04,1599.0,1505.0,1585.4,9119984.942,2022-09-01 23:59:59.999,14170488622.63159,5955873,4591287.573,7136980444.32175,0
2022-09-02 00:00:00.000,1585.4,1649.64,1545.0,1574.49,9144439.365,2022-09-02 23:59:59.999,14620844149.07381,5673542,4626571.535,7400928045.59853,0
2022-09-03 00:00:00.000,1574.49,1582.02,1532.6,1556.41,3937946.105,2022-09-03 23:59:59.999,6120571237.10822,2941164,1942701.592,3019994082.16438,0
2022-09-04 00:00:00.000,1556.42,1586.0,1539.7,1578.14,3969402.047,2022-09-04 23:59:59.999,6193035829.21504,2687848,1998409.474,3118633636.15928,0
2022-09-05 00:00:00.000,1578.14,1631.6,1555.72,1616.92,5810610.257,2022-09-05 23:59:59.999,9199273055.66278,3583657,2980856.971,4721233276.10765,0
2022-09-06 00:00:00.000,1616.93,1686.75,1551.7,1558.23,11076502.23,2022-09-06 23:59:59.999,18073176431.24372,6751274,5525912.117,9021685817.84402,0
2022-09-07 00:00:00.000,1558.23,1657.6,1486.16,1629.35,9094507.329,2022-09-07 23:59:59.999,14158089326.65611,5527649,4630628.995,7214030472.89154,0
2022-09-08 00:00:00.000,1629.36,1666.0,1594.0,1634.22,8111052.514,2022-09-08 23:59:59.999,13203029495.58423,5198061,4100853.257,6677358363.16659,0
2022-09-09 00:00:00.000,1634.23,1746.3,1629.25,1717.48,7591864.92,2022-09-09 23:59:59.999,12916052034.86230,5236115,3916826.664,6663025273.15959,0
2022-09-10 00:00:00.000,1717.49,1788.98,1705.0,1773.05,4234258.288,2022-09-10 23:59:59.999,7348536836.11749,3412888,2163699.489,3756719118.43522,0
2022-09-11 00:00:00.000,1773.04,1787.88,1718.02,1765.01,3909495.301,2022-09-11 23:59:59.999,6884026557.92414,2976743,1923990.351,3388719709.58945,0
2022-09-12 00:00:00.000,1765.0,1783.43,1691.28,1715.14,6512918.389,2022-09-12 23:59:59.999,11291212213.97169,4933620,3238468.273,5615956409.09848,0
2022-09-13 00:00:00.000,1715.15,1762.88,1556.78,1571.9,9660861.421,2022-09-13 23:59:59.999,15865869412.73067,6558301,4758954.807,7821061633.37342,0
2022-09-14 00:00:00.000,1571.91,1642.24,1548.0,1635.39,6491665.957,2022-09-14 23:59:59.999,10351087044.81358,4751850,3224450.774,5142994632.39855,0
2022-09-15 00:00:00.000,1635.4,1657.8,1455.0,1471.93,12706158.928,2022-09-15 23:59:59.999,19824699198.48316,8791055,6208016.307,9690867317.01126,0
2022-09-16 00:00:00.000,1471.94,1482.65,1403.0,1433.58,8136455.084,2022-09-16 23:59:59.999,11772482639.46676,5306662,4014386.848,5809835899.32080,0
2022-09-17 00:00:00.000,1433.58,1475.15,1408.15,1467.96,4366994.599,2022-09-17 23:59:59.999,6308438616.51773,3043567,2201916.901,3181483276.37852,0
2022-09-18 00:00:00.000,1467.96,1469.0,1320.0,1333.67,7139282.229,2022-09-18 23:59:59.999,9967351085.11641,4215106,3434646.754,4795875849.19366,0
2022-09-19 00:00:00.000,1333.68,1394.0,1276.62,1375.05,10278329.861,2022-09-19 23:59:59.999,13666010265.88282,6176536,5216486.652,6938534383.18353,0
2022-09-20 00:00:00.000,1375.05,1384.53,1311.0,1322.08,7850914.483,2022-09-20 23:59:59.999,10604151627.64198,4804928,3915168.547,5289452262.36358,0
2022-09-21 00:00:00.000,1322.09,1420.0,1218.0,1244.19,11244354.459,2022-09-21 23:59:59.999,14907764982.75890,6900700,5597099.450,7428214084.70522,0
2022-09-22 00:00:00.000,1244.2,1349.84,1235.6,1325.73,9848169.894,2022-09-22 23:59:59.999,12674382231.70619,5593957,5024458.663,6468914136.65836,0
2022-09-23 00:00:00.000,1325.73,1359.22,1260.75,1326.62,10875882.189,2022-09-23 23:59:59.999,14195748237.66868,5874881,5432804.960,7092632270.36299,0
2022-09-24 00:00:00.000,1326.62,1348.84,1305.36,1316.19,4603413.868,2022-09-24 23:59:59.999,6117137472.97961,2915054,2305918.466,3064288126.68550,0
2022-09-25 00:00:00.000,1316.18,1336.92,1268.19,1293.99,4839166.035,2022-09-25 23:59:59.999,6323317973.41767,2980838,2360753.093,3085595180.12908,0
2022-09-26 00:00:00.000,1293.98,1340.0,1277.55,1335.25,8104991.588,2022-09-26 23:59:59.999,10639323515.45812,4716042,4122463.892,5412602294.87849,0
2022-09-27 00:00:00.000,1335.25,1400.0,1303.02,1327.19,9686206.927,2022-09-27 23:59:59.999,13143901188.70475,5284170,4875675.973,6617874574.73985,0
2022-09-28 00:00:00.000,1327.2,1355.76,1250.0,1336.43,10608737.289,2022-09-28 23:59:59.999,13854142475.32485,5342908,5297819.534,6921735266.87477,0
2022-09-29 00:00:00.000,1336.43,1351.93,1287.24,1334.8,8973401.704,2022-09-29 23:59:59.999,11892132443.56242,4724858,4524749.572,5997058303.27875,0
2022-09-30 00:00:00.000,1334.8,1373.34,1307.53,1327.78,8510622.642,2022-09-30 23:59:59.999,11394338399.68576,4388913,4297636.021,5755612720.12006,0
2022-10-01 00:00:00.000,1327.78,1333.38,1301.0,1311.31,2763699.151,2022-10-01 23:59:59.999,3648363835.77980,1721856,1338929.085,1767821129.22723,0
2022-10-02 00:00:00.000,1311.32,1317.7,1266.66,1275.96,4140053.849,2022-10-02 23:59:59.999,5371485640.17009,2376019,2010133.150,2608717347.61141,0
2022-10-03 00:00:00.000,1275.95,1329.0,1260.48,1322.59,5798622.25,2022-10-03 23:59:59.999,7563682363.97532,3139844,2961217.260,3863228305.26743,0
2022-10-04 00:00:00.000,1322.58,1370.0,1318.06,1360.73,5536817.118,2022-10-04 23:59:59.999,7456202392.44989,3096865,2856881.609,3847454191.80711,0
2022-10-05 00:00:00.000,1360.73,1364.75,1315.27,1351.61,5456174.624,2022-10-05 23:59:59.999,7323277791.98338,2883956,2730257.630,3665152529.18117,0
2022-10-06 00:00:00.000,1351.6,1383.29,1344.0,1351.5,7101597.575,2022-10-06 23:59:59.999,9688859096.22463,3756284,3565833.905,4865857865.64373,0
2022-10-07 00:00:00.000,1351.5,1361.21,1316.22,1330.41,5119226.33,2022-10-07 23:59:59.999,6854336044.88562,2924493,2533778.101,3393432707.54931,0
2022-10-08 00:00:00.000,1330.42,1337.19,1302.0,1314.74,2182988.071,2022-10-08 23:59:59.999,2887524977.80279,1380547,1030594.811,1363555138.68117,0
2022-10-09 00:00:00.000,1314.75,1328.72,1306.41,1322.61,2303208.579,2022-10-09 23:59:59.999,3036627474.46765,1376556,1145920.584,1510922388.62104,0
2022-10-10 00:00:00.000,1322.6,1337.93,1284.38,1289.56,4968203.961,2022-10-10 23:59:59.999,6508981566.24311,2701991,2427065.270,3180651919.36785,0
2022-10-11 00:00:00.000,1289.57,1297.7,1265.0,1279.68,5514583.049,2022-10-11 23:59:59.999,7068866635.71179,2959172,2735735.701,3507357708.67276,0
2022-10-12 00:00:00.000,1279.67,1306.6,1274.35,1294.02,4405169.271,2022-10-12 23:59:59.999,5701823057.72268,2408056,2238274.891,2897357730.25999,0
2022-10-13 00:00:00.000,1294.02,1301.0,1176.0,1286.38,10523564.637,2022-10-13 23:59:59.999,13177563627.81076,5203186,5197762.907,6512260490.04396,0
2022-10-14 00:00:00.000,1286.38,1343.36,1282.74,1295.35,7171699.686,2022-10-14 23:59:59.999,9450587003.03056,3756235,3632699.045,4787981670.44125,0
2022-10-15 00:00:00.000,1295.34,1301.32,1262.12,1274.13,3049822.11,2022-10-15 23:59:59.999,3917050344.33982,1692294,1472134.911,1891282283.29759,0
2022-10-16 00:00:00.000,1274.12,1315.0,1273.98,1305.51,3282852.856,2022-10-16 23:59:59.999,4242204246.14907,1782879,1675271.023,2165213363.21525,0
2022-10-17 00:00:00.000,1305.52,1338.16,1295.0,1330.62,5154706.89,2022-10-17 23:59:59.999,6802174597.73257,2613961,2633202.832,3475525208.26373,0
2022-10-18 00:00:00.000,1330.62,1342.0,1285.11,1309.93,6506270.391,2022-10-18 23:59:59.999,8569353674.81877,3082581,3155306.483,4156984719.99417,0
2022-10-19 00:00:00.000,1309.93,1312.78,1275.56,1284.45,4389238.836,2022-10-19 23:59:59.999,5694630433.42334,2318403,2156303.022,2798496552.79084,0
2022-10-20 00:00:00.000,1284.45,1310.0,1270.0,1282.2,5294962.986,2022-10-20 23:59:59.999,6829877558.46932,2458114,2634729.131,3399211058.95319,0
2022-10-21 00:00:00.000,1282.19,1307.0,1248.0,1299.08,6030198.052,2022-10-21 23:59:59.999,7736955770.56057,2531304,3012196.285,3866605060.62933,0
2022-10-22 00:00:00.000,1299.08,1320.0,1293.67,1313.19,2486638.762,2022-10-22 23:59:59.999,3251370186.83828,1229803,1290028.128,1686956156.75895,0
2022-10-23 00:00:00.000,1313.18,1371.0,1298.22,1363.44,3682722.299,2022-10-23 23:59:59.999,4892526172.62552,1877507,1956239.487,2600452286.72296,0
2022-10-24 00:00:00.000,1363.43,1370.4,1322.25,1342.72,5502275.006,2022-10-24 23:59:59.999,7394468406.05214,2838633,2725699.456,3663210986.43144,0
2022-10-25 00:00:00.000,1342.73,1533.68,1334.16,1459.2,11473585.177,2022-10-25 23:59:59.999,16344240230.08303,5230442,6016544.372,8567843739.83438,0
2022-10-26 00:00:00.000,1459.19,1595.0,1456.69,1565.45,10817326.89,2022-10-26 23:59:59.999,16625093320.88943,5662698,5540331.809,8513957833.13441,0
2022-10-27 00:00:00.000,1565.45,1588.0,1500.46,1513.7,8021549.342,2022-10-27 23:59:59.999,12406744072.25012,4785262,3952135.199,6115584103.92462,0
2022-10-28 00:00:00.000,1513.7,1574.8,1475.0,1553.79,7430625.343,2022-10-28 23:59:59.999,11324631030.27013,4495171,3688355.724,5623942601.86903,0
2022-10-29 00:00:00.000,1553.8,1665.0,1546.71,1618.82,7454042.474,2022-10-29 23:59:59.999,12038906676.54819,4313716,3807711.978,6150206109.45155,0
2022-10-30 00:00:00.000,1618.82,1639.87,1574.6,1589.89,3955450.865,2022-10-30 23:59:59.999,6332682157.97092,2602199,1946241.243,3116692445.75970,0
2022-10-31 00:00:00.000,1589.88,1634.93,1543.72,1572.01,7113753.83,2022-10-31 23:59:59.999,11265423901.76959,4079724,3530553.392,5592283789.68320,0
2022-11-01 00:00:00.000,1572.0,1613.0,1562.7,1577.88,4495232.885,2022-11-01 23:59:59.999,7122535302.01501,3071638,2249236.315,3564519639.10474,0
2022-11-02 00:00:00.000,1577.88,1622.5,1501.0,1517.26,8956953.565,2022-11-02 23:59:59.999,13993599315.82898,5212982,4392334.452,6866095540.91832,0
2022-11-03 00:00:00.000,1517.26,1558.14,1514.07,1530.27,4820992.806,2022-11-03 23:59:59.999,7425208238.02046,3015527,2444523.409,3765436134.74359,0
2022-11-04 00:00:00.000,1530.27,1679.4,1527.78,1644.09,8773312.803,2022-11-04 23:59:59.999,14117291322.98787,4586447,4481140.268,7209795206.29364,0
2022-11-05 00:00:00.000,1644.08,1666.8,1620.1,1626.11,3007552.195,2022-11-05 23:59:59.999,4936106420.27118,1907449,1480644.817,2430315278.27874,0
2022-11-06 00:00:00.000,1626.11,1638.5,1561.32,1567.42,3810965.466,2022-11-06 23:59:59.999,6138703520.86827,2312804,1834766.044,2956936337.99533,0
2022-11-07 00:00:00.000,1567.42,1608.0,1544.94,1567.52,6311427.259,2022-11-07 23:59:59.999,9948551937.36538,3586921,3103693.022,4893503762.73461,0
2022-11-08 00:00:00.000,1567.52,1580.54,1195.22,1333.4,20492980.873,2022-11-08 23:59:59.999,29374837585.47329,11443830,10026124.246,14378375941.81149,0
2022-11-09 00:00:00.000,1333.4,1336.47,1071.14,1101.49,23279890.038,2022-11-09 23:59:59.999,27924782502.31694,13408573,11549303.873,13855130136.52978,0
2022-11-10 00:00:00.000,1101.53,1350.0,1083.77,1298.21,15328692.985,2022-11-10 23:59:59.999,18981639356.49054,9604316,7820354.243,9683609293.72743,0
2022-11-11 00:00:00.000,1298.3,1309.88,1199.57,1288.64,11730741.022,2022-11-11 23:59:59.999,14813683425.71741,7390176,5852947.505,7393285036.51492,0
2022-11-12 00:00:00.000,1288.67,1291.69,1238.0,1256.82,4582467.37,2022-11-12 23:59:59.999,5792014547.78374,3161772,2276118.450,2877235602.48062,0
2022-11-13 00:00:00.000,1256.85,1273.91,1200.0,1220.78,4739475.303,2022-11-13 23:59:59.999,5856567989.37609,3003417,2318407.410,2865319568.39051,0
2022-11-14 00:00:00.000,1220.78,1290.0,1170.5,1242.89,9479256.426,2022-11-14 23:59:59.999,11685915959.46197,5588526,4764811.905,5877433569.43691,0
2022-11-15 00:00:00.000,1242.9,1292.0,1232.52,1252.81,6157353.578,2022-11-15 23:59:59.999,7759799922.32057,3940272,3087344.237,3891196141.63842,0
2022-11-16 00:00:00.000,1252.8,1268.2,1185.59,1215.78,6410929.265,2022-11-16 23:59:59.999,7840175274.84689,3915394,3134108.746,3833701588.94308,0
2022-11-17 00:00:00.000,1215.72,1228.92,1181.0,1199.7,5819726.225,2022-11-17 23:59:59.999,6998582017.23369,3619109,2878296.069,3462099420.28504,0
2022-11-18 00:00:00.000,1199.7,1235.0,1198.48,1212.04,3844518.715,2022-11-18 23:59:59.999,4667089419.93724,2484972,1939993.116,2355557720.84912,0
2022-11-19 00:00:00.000,1212.05,1233.66,1196.0,1216.91,2150246.728,2022-11-19 23:59:59.999,2603491616.74213,1350546,1092934.210,1323711674.36483,0
2022-11-20 00:00:00.000,1216.9,1226.5,1131.6,1141.57,5200695.873,2022-11-20 23:59:59.999,6120393596.02878,2806311,2518366.014,2963770966.57615,0
2022-11-21 00:00:00.000,1141.53,1147.03,1077.32,1106.95,9738564.67,2022-11-21 23:59:59.999,10872443056.73908,4907670,4816178.072,5378291309.65157,0
2022-11-22 00:00:00.000,1106.94,1142.96,1071.52,1139.11,7509599.62,2022-11-22 23:59:59.999,8331237863.26098,4024461,3861298.612,4286148633.50395,0
2022-11-23 00:00:00.000,1139.11,1190.0,1127.01,1183.83,6642657.893,2022-11-23 23:59:59.999,7724547462.35971,3667096,3396348.221,3950429484.48161,0
2022-11-24 00:00:00.000,1183.84,1216.71,1179.72,1202.92,5188015.378,2022-11-24 23:59:59.999,6220071901.35329,2693497,2613275.423,3133579978.45148,0
2022-11-25 00:00:00.000,1202.93,1209.27,1170.99,1198.55,4268310.488,2022-11-25 23:59:59.999,5071643622.45446,2312222,2135587.819,2537980930.45949,0
2022-11-26 00:00:00.000,1198.55,1238.0,1195.08,1204.84,3881430.501,2022-11-26 23:59:59.999,4716635434.54015,2157592,1975916.498,2401940645.63018,0
2022-11-27 00:00:00.000,1205.0,1222.91,1186.58,1193.26,2990387.752,2022-11-27 23:59:59.999,3624416287.45259,1581438,1511395.499,1832405952.69765,0
2022-11-28 00:00:00.000,1193.25,1198.8,1150.25,1167.21,5581193.574,2022-11-28 23:59:59.999,6533252497.45609,2852119,2745705.890,3214379997.88155,0
2022-11-29 00:00:00.000,1167.2,1228.75,1156.06,1215.74,5916426.621,2022-11-29 23:59:59.999,7132437233.96720,2955645,3097270.758,3734557965.22839,0
2022-11-30 00:00:00.000,1215.75,1312.99,1211.53,1294.02,6987495.376,2022-11-30 23:59:59.999,8899047729.23707,3762871,3651027.016,4649894502.08943,0
2022-12-01 00:00:00.000,1294.09,1300.51,1262.0,1275.7,4742584.148,2022-12-01 23:59:59.999,6068049140.14661,2764695,2351741.900,3009491134.82501,0
2022-12-02 00:00:00.000,1275.7,1297.24,1264.43,1295.0,4241223.544,2022-12-02 23:59:59.999,5429934958.52178,2390853,2135986.233,2735410745.88492,0
2022-12-03 00:00:00.000,1294.99,1312.0,1235.17,1239.76,3733284.723,2022-12-03 23:59:59.999,4739114178.11653,2400157,1751686.930,2225012951.47665,0
2022-12-04 00:00:00.000,1239.76,1287.99,1239.13,1278.82,3873239.959,2022-12-04 23:59:59.999,4893240341.17784,2354053,2016431.869,2547914198.67652,0
2022-12-05 00:00:00.000,1278.82,1304.98,1246.0,1258.66,5401461.11,2022-12-05 23:59:59.999,6905572840.95312,2996293,2631923.020,3365850144.67560,0
2022-12-06 00:00:00.000,1258.67,1274.42,1240.55,1270.72,4094634.401,2022-12-06 23:59:59.999,5143559417.12193,2226722,2022880.189,2541555119.29271,0
2022-12-07 00:00:00.000,1270.72,1278.3,1217.02,1230.83,4598453.506,2022-12-07 23:59:59.999,5688885187.00896,2406920,2199880.564,2721937597.85728,0
2022-12-08 00:00:00.000,1230.78,1294.31,1221.0,1279.73,5403214.246,2022-12-08 23:59:59.999,6769034561.56288,2696895,2837007.351,3555849049.45596,0
2022-12-09 00:00:00.000,1279.72,1297.63,1254.0,1262.31,4410565.839,2022-12-09 23:59:59.999,5628848627.17139,2331932,2209128.029,2820550641.30392,0
2022-12-10 00:00:00.000,1262.31,1283.92,1258.58,1265.88,2219440.107,2022-12-10 23:59:59.999,2815529332.16199,1242237,1131597.831,1435768369.10462,0
2022-12-11 00:00:00.000,1265.87,1284.9,1255.0,1262.43,2427305.929,2022-12-11 23:59:59.999,3084127004.04780,1281968,1206309.656,1533030401.26589,0
2022-12-12 00:00:00.000,1262.43,1278.83,1238.5,1274.88,4101114.474,2022-12-12 23:59:59.999,5144565033.61437,2168033,2066221.961,2592897815.14392,0
2022-12-13 00:00:00.000,1274.89,1350.0,1254.32,1321.06,7377534.339,2022-12-13 23:59:59.999,9619436612.69286,3742605,3805979.738,4963166628.10635,0
2022-12-14 00:00:00.000,1321.05,1354.4,1300.17,1307.76,5647195.942,2022-12-14 23:59:59.999,7479465702.91782,2974134,2791146.981,3698031916.42130,0
2022-12-15 00:00:00.000,1307.76,1311.86,1256.1,1266.26,4199459.837,2022-12-15 23:59:59.999,5374816224.59595,2290137,2008911.157,2571360577.92296,0
2022-12-16 00:00:00.000,1266.26,1279.76,1154.7,1166.2,7218530.189,2022-12-16 23:59:59.999,8739897084.46596,3590335,3469037.011,4200309911.83771,0
2022-12-17 00:00:00.000,1166.19,1190.0,1161.07,1186.45,3336484.36,2022-12-17 23:59:59.999,3926389487.82400,1835780,1682223.405,1980010577.86437,0
2022-12-18 00:00:00.000,1186.44,1196.0,1171.12,1182.45,2877052.211,2022-12-18 23:59:59.999,3402889257.43771,1495561,1425793.508,1686634546.97418,0
2022-12-19 00:00:00.000,1182.45,1194.86,1148.0,1167.21,4295030.572,2022-12-19 23:59:59.999,5053649056.73040,2135385,2123722.244,2499410422.90265,0
2022-12-20 00:00:00.000,1167.21,1232.0,1162.5,1216.21,5778341.186,2022-12-20 23:59:59.999,6963536310.44835,2751419,3021118.480,3640819048.05974,0
2022-12-21 00:00:00.000,1216.22,1226.0,1202.06,1213.21,2943786.951,2022-12-21 23:59:59.999,3566753016.57720,1517384,1472265.724,1784099478.90890,0
2022-12-22 00:00:00.000,1213.21,1239.99,1182.0,1217.39,4400633.138,2022-12-22 23:59:59.999,5306923844.99218,2102079,2207708.168,2663189896.21550,0
2022-12-23 00:00:00.000,1217.38,1234.25,1208.33,1219.5,3311152.464,2022-12-23 23:59:59.999,4040440150.92930,1660634,1668358.271,2036079853.89740,0
2022-12-24 00:00:00.000,1219.5,1229.0,1214.0,1219.96,1200985.985,2022-12-24 23:59:59.999,1464144965.51859,701605,613728.674,748316153.70053,0
2022-12-25 00:00:00.000,1219.96,1225.0,1187.54,1217.96,2475907.604,2022-12-25 23:59:59.999,3000167697.41548,1318448,1218401.624,1476926841.58611,0
2022-12-26 00:00:00.000,1217.97,1231.49,1210.0,1227.57,1928492.812,2022-12-26 23:59:59.999,2350576564.38967,1037352,988642.171,1205281269.49260,0
2022-12-27 00:00:00.000,1227.57,1233.97,1200.0,1211.29,3078179.63,2022-12-27 23:59:59.999,3740892959.73712,1503421,1508405.177,1833438084.57402,0
2022-12-28 00:00:00.000,1211.29,1215.42,1177.5,1189.93,4121050.599,2022-12-28 23:59:59.999,4927046581.26896,1921535,2003982.696,2396417438.42650,0
2022-12-29 00:00:00.000,1189.94,1207.97,1186.24,1200.35,3022857.135,2022-12-29 23:59:59.999,3619014162.58405,1413010,1547702.306,1853209561.77400,0
2022-12-30 00:00:00.000,1200.36,1203.0,1180.0,1199.66,2868990.449,2022-12-30 23:59:59.999,3423709126.11584,1277631,1433870.767,1711446695.83057,0
2022-12-31 00:00:00.000,1199.67,1209.0,1190.26,1196.1,1688387.94,2022-12-31 23:59:59.999,2024981394.91030,826320,852319.415,1022340272.94592,0
2023-01-01 00:00:00.000,1196.1,1204.79,1190.8,1199.96,1381763.488,2023-01-01 23:59:59.999,1654443731.79587,683700,696726.069,834314029.48659,0
2023-01-02 00:00:00.000,1199.96,1225.0,1191.5,1213.23,2831791.319,2023-01-02 23:59:59.999,3431524206.10823,1194079,1453605.056,1761689074.40266,0
2023-01-03 00:00:00.000,1213.24,1219.5,1203.05,1214.23,2418195.012,2023-01-03 23:59:59.999,2931903414.03335,1012410,1209897.596,1467071952.79021,0
2023-01-04 00:00:00.000,1214.22,1275.0,1212.16,1256.39,5329817.195,2023-01-04 23:59:59.999,6655447772.02725,2182199,2822003.988,3523606971.10619,0
2023-01-05 00:00:00.000,1256.39,1260.0,1242.22,1251.08,2662864.999,2023-01-05 23:59:59.999,3329922187.67573,1160417,1342721.594,1679168373.54689,0
2023-01-06 00:00:00.000,1251.08,1277.77,1233.0,1268.54,4156167.363,2023-01-06 23:59:59.999,5216519703.01300,1805807,2139105.168,2685976789.91665,0
2023-01-07 00:00:00.000,1268.54,1270.66,1260.53,1263.65,1186947.058,2023-01-07 23:59:59.999,1500580014.03508,625140,591543.268,747865787.06989,0
2023-01-08 00:00:00.000,1263.64,1296.0,1256.3,1289.65,2415068.332,2023-01-08 23:59:59.999,3068138464.86221,1138729,1269003.375,1613080261.70105,0
2023-01-09 00:00:00.000,1289.64,1345.0,1284.81,1320.32,6326600.832,2023-01-09 23:59:59.999,8343049682.27575,2548577,3241923.976,4275472933.06937,0
2023-01-10 00:00:00.000,1320.32,1348.7,1316.74,1335.3,3653151.641,2023-01-10 23:59:59.999,4864320674.85890,1599802,1855394.540,2470737491.55366,0
2023-01-11 00:00:00.000,1335.29,1400.0,1319.52,1389.26,4603732.161,2023-01-11 23:59:59.999,6190290564.99127,2010343,2413387.859,3247906088.92634,0
2023-01-12 00:00:00.000,1389.25,1439.36,1358.0,1415.84,8272496.444,2023-01-12 23:59:59.999,11611529579.13658,3699395,4192682.871,5886789334.43772,0
2023-01-13 00:00:00.000,1415.85,1465.49,1400.7,1450.94,5096738.5,2023-01-13 23:59:59.999,7246536108.50026,2499674,2577867.475,3666291273.27522,0
2023-01-14 00:00:00.000,1450.95,1644.92,1448.7,1550.27,7348877.264,2023-01-14 23:59:59.999,11302279848.04887,4120583,3777114.583,5807378137.32412,0
2023-01-15 00:00:00.000,1550.27,1570.0,1516.02,1553.47,3651240.364,2023-01-15 23:59:59.999,5624513802.85479,2064815,1819133.995,2802725899.16117,0
2023-01-16 00:00:00.000,1553.48,1610.5,1520.0,1577.11,5395191.668,2023-01-16 23:59:59.999,8433001908.55222,3010479,2688587.988,4203661138.46638,0
2023-01-17 00:00:00.000,1577.25,1609.0,1540.0,1565.84,4580613.258,2023-01-17 23:59:59.999,7212262387.95917,2767898,2285186.699,3598840833.72994,0
2023-01-18 00:00:00.000,1565.83,1614.6,1501.21,1511.66,6932415.112,2023-01-18 23:59:59.999,10794454438.88289,4050516,3406219.170,5305252337.16218,0
2023-01-19 00:00:00.000,1511.6,1565.0,1509.87,1551.11,3660939.013,2023-01-19 23:59:59.999,5615305826.41623,2102315,1846241.976,2832334946.11443,0
2023-01-20 00:00:00.000,1551.11,1680.0,1541.6,1659.01,5324812.863,2023-01-20 23:59:59.999,8486281244.20332,2909709,2782862.799,4437410946.92665,0
2023-01-21 00:00:00.000,1659.01,1682.44,1615.3,1627.63,4643566.522,2023-01-21 23:59:59.999,7675267204.16943,2631057,2274266.486,3760035686.09194,0
2023-01-22 00:00:00.000,1627.63,1666.0,1603.39,1628.14,3827578.409,2023-01-22 23:59:59.999,6244645504.84663,2167269,1886595.374,3078696030.06833,0
2023-01-23 00:00:00.000,1628.13,1650.0,1585.21,1626.9,3969684.229,2023-01-23 23:59:59.999,6458881282.47335,2354013,1957573.999,3185607853.23564,0
2023-01-24 00:00:00.000,1626.9,1641.89,1530.0,1555.99,4505754.932,2023-01-24 23:59:59.999,7238645481.42649,2537854,2117202.601,3402852795.37741,0
2023-01-25 00:00:00.000,1556.0,1641.18,1512.3,1611.41,6003304.445,2023-01-25 23:59:59.999,9396221038.91902,3278455,3003407.716,4702408779.98788,0
2023-01-26 00:00:00.000,1611.44,1633.0,1575.66,1600.69,4235877.329,2023-01-26 23:59:59.999,6803196691.79460,2450011,2067946.278,3322011304.81845,0
2023-01-27 00:00:00.000,1600.69,1621.46,1551.1,1597.08,4349734.136,2023-01-27 23:59:59.999,6892435836.78376,2546198,2154937.244,3415179659.40039,0
2023-01-28 00:00:00.000,1597.08,1606.66,1555.0,1571.52,2478890.254,2023-01-28 23:59:59.999,3918631425.95445,1619661,1188205.481,1878967875.33539,0
2023-01-29 00:00:00.000,1571.52,1663.68,1565.98,1645.67,5099573.535,2023-01-29 23:59:59.999,8242123689.74398,2975062,2606876.967,4212998534.13364,0
2023-01-30 00:00:00.000,1645.67,1648.49,1529.04,1565.92,5031935.997,2023-01-30 23:59:59.999,7994874441.45608,3086645,2388900.048,3796024986.49549,0
2023-01-31 00:00:00.000,1565.93,1605.67,1561.04,1585.02,3444437.709,2023-01-31 23:59:59.999,5443354538.36838,2195132,1732630.659,2738495060.06986,0
2023-02-01 00:00:00.000,1585.02,1648.76,1554.57,1641.8,5095996.279,2023-02-01 23:59:59.999,8138789577.81239,3162655,2548316.355,4071995659.57216,0
2023-02-02 00:00:00.000,1641.81,1717.0,1625.0,1643.81,6256821.466,2023-02-02 23:59:59.999,10469433177.54390,3654614,3108312.237,5203117965.14467,0
2023-02-03 00:00:00.000,1643.82,1677.0,1622.0,1663.68,4613666.206,2023-02-03 23:59:59.999,7613169004.81489,2904948,2287902.730,3776339207.89140,0
2023-02-04 00:00:00.000,1663.69,1696.99,1645.0,1666.44,2708043.817,2023-02-04 23:59:59.999,4528626441.07317,1831492,1367238.131,2287344449.57744,0
2023-02-05 00:00:00.000,1666.44,1674.59,1608.0,1628.98,3600230.231,2023-02-05 23:59:59.999,5915689068.44671,2324955,1727896.863,2839629120.96724,0
2023-02-06 00:00:00.000,1628.98,1659.0,1602.0,1613.9,3905639.202,2023-02-06 23:59:59.999,6376859033.52747,2440312,1915767.973,3128960350.08637,0
2023-02-07 00:00:00.000,1613.89,1679.03,1612.49,1670.51,4525016.709,2023-02-07 23:59:59.999,7450540052.39308,2731721,2314004.443,3810904054.43785,0
2023-02-08 00:00:00.000,1670.5,1699.0,1631.0,1650.26,4145086.428,2023-02-08 23:59:59.999,6891130617.52701,2543360,2074246.657,3448715062.02282,0
2023-02-09 00:00:00.000,1650.26,1656.2,1522.0,1544.68,6604140.847,2023-02-09 23:59:59.999,10570920339.39659,3626250,3143730.666,5033680236.15775,0
2023-02-10 00:00:00.000,1544.67,1554.0,1486.28,1512.26,4905464.68,2023-02-10 23:59:59.999,7508443152.46020,2735743,2393818.084,3664994391.61801,0
2023-02-11 00:00:00.000,1512.25,1542.82,1502.83,1537.65,2103873.253,2023-02-11 23:59:59.999,3199893749.52892,1406794,1069299.358,1626625693.64477,0
2023-02-12 00:00:00.000,1537.64,1547.7,1491.0,1514.49,2649623.411,2023-02-12 23:59:59.999,4044008570.62891,1659390,1304587.872,1991302623.77970,0
2023-02-13 00:00:00.000,1514.48,1526.1,1460.0,1504.85,5918159.268,2023-02-13 23:59:59.999,8822293928.12193,3211988,2934921.457,4375343981.69699,0
2023-02-14 00:00:00.000,1504.86,1568.98,1470.0,1554.94,6535322.162,2023-02-14 23:59:59.999,9982603577.18941,3480428,3272169.792,5000628433.12878,0
2023-02-15 00:00:00.000,1554.94,1684.1,1541.77,1675.0,5965469.291,2023-02-15 23:59:59.999,9558331915.34157,3215608,3140493.948,5033314430.85102,0
2023-02-16 00:00:00.000,1674.99,1744.5,1634.02,1639.0,7811713.183,2023-02-16 23:59:59.999,13211292223.81743,4397301,3879480.323,6563258150.96354,0
2023-02-17 00:00:00.000,1638.99,1722.62,1631.31,1694.12,5957429.029,2023-02-17 23:59:59.999,9986189969.91788,3544045,3011277.012,5048841870.65715,0
2023-02-18 00:00:00.000,1694.1,1715.0,1679.13,1691.66,2188299.314,2023-02-18 23:59:59.999,3708739130.00816,1506786,1084049.141,1837572243.37414,0
2023-02-19 00:00:00.000,1691.65,1729.58,1666.0,1680.31,3595633.465,2023-02-19 23:59:59.999,6100181496.80222,2288950,1783381.344,3026690344.97585,0
2023-02-20 00:00:00.000,1680.46,1720.39,1650.0,1703.7,4212950.942,2023-02-20 23:59:59.999,7148997088.38648,2740431,2117811.544,3594474259.60275,0
2023-02-21 00:00:00.000,1703.71,1716.99,1635.0,1659.2,4978504.599,2023-02-21 23:59:59.999,8351819569.77419,3119701,2408456.154,4041373118.74736,0
2023-02-22 00:00:00.000,1659.2,1667.62,1591.17,1642.01,5674489.615,2023-02-22 23:59:59.999,9245679948.95379,3474125,2747227.845,4477517502.69488,0
2023-02-23 00:00:00.000,1642.01,1678.56,1627.64,1649.69,5209103.366,2023-02-23 23:59:59.999,8615177343.66240,3342766,2584468.444,4274890292.72009,0
2023-02-24 00:00:00.000,1649.68,1664.44,1572.0,1607.12,5126530.811,2023-02-24 23:59:59.999,8303467975.32484,3257215,2462928.391,3990310874.63411,0
2023-02-25 00:00:00.000,1607.11,1608.34,1556.08,1593.59,2522137.13,2023-02-25 23:59:59.999,4010474034.10132,1744332,1219753.937,1940029556.78972,0
2023-02-26 00:00:00.000,1593.6,1652.91,1586.35,1640.49,2823827.922,2023-02-26 23:59:59.999,4564751214.99190,1905728,1463578.150,2366504839.10643,0
2023-02-27 00:00:00.000,1640.51,1664.97,1606.71,1632.6,4195083.677,2023-02-27 23:59:59.999,6870579195.66050,2647835,2056980.274,3369627146.00822,0
2023-02-28 00:00:00.000,1632.61,1646.99,1595.0,1604.72,3664338.319,2023-02-28 23:59:59.999,5961137503.73183,2409659,1780116.811,2896881500.89221,0
2023-03-01 00:00:00.000,1604.73,1670.0,1593.03,1664.46,4455452.375,2023-03-01 23:59:59.999,7331741626.01347,2929631,2324066.979,3824859632.08268,0
2023-03-02 00:00:00.000,1664.47,1677.74,1617.83,1647.29,3990138.366,2023-03-02 23:59:59.999,6548059757.19698,2583497,1956709.243,3211565215.18678,0
2023-03-03 00:00:00.000,1647.29,1648.78,1534.85,1568.86,5211938.594,2023-03-03 23:59:59.999,8180795615.35683,3256332,2483071.768,3896228813.60607,0
2023-03-04 00:00:00.000,1568.85,1577.0,1548.0,1566.05,1814800.844,2023-03-04 23:59:59.999,2838940116.03400,1262240,893577.799,1397971725.81124,0
2023-03-05 00:00:00.000,1566.05,1588.08,1552.07,1564.06,2504148.446,2023-03-05 23:59:59.999,3930326242.67598,1545373,1253985.430,1968369953.72019,0
2023-03-06 00:00:00.000,1564.06,1583.19,1553.29,1565.17,2751818.445,2023-03-06 23:59:59.999,4310268929.36937,1727768,1379447.304,2161091565.21384,0
2023-03-07 00:00:00.000,1565.17,1584.0,1524.0,1561.29,4147930.855,2023-03-07 23:59:59.999,6464685741.27135,2468263,2059565.549,3210818386.06566,0
2023-03-08 00:00:00.000,1561.3,1570.0,1520.0,1531.82,3963442.596,2023-03-08 23:59:59.999,6153983307.15385,2437977,1995556.344,3099241328.09991,0
2023-03-09 00:00:00.000,1531.81,1545.78,1402.8,1436.42,6580693.11,2023-03-09 23:59:59.999,9821140426.08169,3481126,3121192.072,4661680475.67977,0
2023-03-10 00:00:00.000,1436.42,1438.17,1367.51,1425.79,9938476.933,2023-03-10 23:59:59.999,13998824363.90489,4977789,4917910.563,6928053239.17433,0
2023-03-11 00:00:00.000,1425.8,1478.0,1407.48,1471.03,7155608.693,2023-03-11 23:59:59.999,10335156488.57957,4150431,3622182.935,5232586413.22043,0
2023-03-12 00:00:00.000,1471.03,1597.29,1446.65,1579.26,6809861.012,2023-03-12 23:59:59.999,10289085088.51228,4139321,3544200.520,5357469286.14255,0
2023-03-13 00:00:00.000,1579.26,1700.0,1564.18,1673.9,9437876.215,2023-03-13 23:59:59.999,15324628550.22331,5874928,4800183.688,7795655975.59044,0
2023-03-14 00:00:00.000,1673.91,1779.05,1655.0,1699.93,9038833.861,2023-03-14 23:59:59.999,15496848069.26033,6100882,4499611.749,7716090371.20928,0
2023-03-15 00:00:00.000,1699.93,1718.34,1611.63,1649.81,7616093.701,2023-03-15 23:59:59.999,12666499395.59632,5456820,3762636.597,6257576939.22335,0
2023-03-16 00:00:00.000,1649.82,1693.0,1632.0,1672.56,4599500.477,2023-03-16 23:59:59.999,7617308540.09723,3550128,2322352.389,3846757149.13228,0
2023-03-17 00:00:00.000,1672.57,1801.22,1661.57,1789.21,6694758.759,2023-03-17 23:59:59.999,11584029077.18723,4937836,3449318.728,5969764530.49026,0
2023-03-18 00:00:00.000,1789.21,1846.15,1745.0,1758.52,5475097.503,2023-03-18 23:59:59.999,9841499219.83983,4078321,2708359.036,4869534335.41500,0
2023-03-19 00:00:00.000,1758.52,1841.96,1757.8,1779.99,4626069.971,2023-03-19 23:59:59.999,8310885359.15003,3339465,2326380.050,4179667300.04792,0
2023-03-20 00:00:00.000,1779.98,1803.37,1722.1,1731.71,5373050.445,2023-03-20 23:59:59.999,9477798166.40060,3921342,2631535.926,4642703408.43110,0
2023-03-21 00:00:00.000,1731.71,1836.0,1716.0,1800.14,5619744.412,2023-03-21 23:59:59.999,10019890870.83099,4147413,2850791.044,5084624794.77109,0
2023-03-22 00:00:00.000,1800.13,1819.4,1709.0,1733.61,6034436.316,2023-03-22 23:59:59.999,10708921360.87074,4700861,2917610.677,5179083502.61749,0
2023-03-23 00:00:00.000,1733.61,1860.0,1728.5,1813.27,5198586.173,2023-03-23 23:59:59.999,9324634529.86897,3888063,2659256.855,4770327501.35848,0
2023-03-24 00:00:00.000,1813.26,1818.17,1720.0,1748.77,4912493.752,2023-03-24 23:59:59.999,8679521189.99405,4244423,2383431.683,4211262819.97184,0
2023-03-25 00:00:00.000,1748.77,1763.7,1712.02,1741.02,2338463.552,2023-03-25 23:59:59.999,4073640165.89135,2328183,1136142.059,1979589840.69401,0
2023-03-26 00:00:00.000,1741.02,1800.0,1738.29,1772.63,2889759.744,2023-03-26 23:59:59.999,5109438055.61220,2541762,1473365.710,2605395297.03452,0
2023-03-27 00:00:00.000,1772.63,1779.79,1684.0,1714.35,4306582.468,2023-03-27 23:59:59.999,7455510896.43108,3461394,2079057.214,3599986897.38512,0
2023-03-28 00:00:00.000,1714.34,1797.19,1700.55,1772.09,4167114.123,2023-03-28 23:59:59.999,7259377635.49757,3058865,2167891.129,3777447114.62036,0
2023-03-29 00:00:00.000,1772.11,1828.58,1771.66,1791.89,3725356.756,2023-03-29 23:59:59.999,6711651489.12707,2756300,1881124.519,3389610060.81713,0
2023-03-30 00:00:00.000,1791.89,1829.88,1760.84,1792.77,4163974.718,2023-03-30 23:59:59.999,7462948646.57345,2942201,2041834.179,3660324786.24005,0
2023-03-31 00:00:00.000,1792.76,1848.0,1777.0,1820.81,3958210.583,2023-03-31 23:59:59.999,7182992018.54653,2809931,2034712.491,3693563971.25167,0
2023-04-01 00:00:00.000,1820.81,1842.8,1805.5,1819.82,1675351.82,2023-04-01 23:59:59.999,3052725254.36357,1422524,835279.442,1522231190.32600,0
2023-04-02 00:00:00.000,1819.83,1824.6,1770.0,1793.56,2192606.026,2023-04-02 23:59:59.999,3949711148.25586,1750101,1043180.289,1879510786.96302,0
2023-04-03 00:00:00.000,1793.55,1840.0,1761.25,1809.68,4518659.82,2023-04-03 23:59:59.999,8135938230.19109,3246221,2255875.313,4063284779.94112,0
2023-04-04 00:00:00.000,1809.68,1895.0,1800.69,1869.11,4275707.73,2023-04-04 23:59:59.999,7917928013.22222,3189265,2231992.447,4133887675.20377,0
2023-04-05 00:00:00.000,1869.11,1945.0,1863.69,1907.48,4197070.072,2023-04-05 23:59:59.999,8002757302.09807,3188196,2146330.904,4093193790.17143,0
2023-04-06 00:00:00.000,1907.49,1908.84,1851.6,1871.33,3037614.773,2023-04-06 23:59:59.999,5695615572.83125,2416120,1448023.679,2715334786.05008,0
2023-04-07 00:00:00.000,1871.34,1881.94,1840.0,1862.87,2094298.392,2023-04-07 23:59:59.999,3892274987.59750,1776477,1011379.480,1879944393.94206,0
2023-04-08 00:00:00.000,1862.88,1878.81,1846.0,1848.02,1433874.915,2023-04-08 23:59:59.999,2670491237.61519,1249077,686239.184,1278241952.68377,0
2023-04-09 00:00:00.000,1848.01,1873.7,1820.31,1857.84,2391096.749,2023-04-09 23:59:59.999,4411928549.86057,1897984,1185492.119,2187910852.63471,0
2023-04-10 00:00:00.000,1857.84,1919.12,1845.04,1908.9,3082285.12,2023-04-10 23:59:59.999,5789773602.66807,2215569,1579049.680,2966692085.42422,0
2023-04-11 00:00:00.000,1908.91,1938.0,1880.67,1888.89,3135834.566,2023-04-11 23:59:59.999,5992414574.57517,2319270,1544377.765,2952116703.61944,0
2023-04-12 00:00:00.000,1888.89,1933.0,1850.38,1916.86,5177985.751,2023-04-12 23:59:59.999,9820582527.13190,3524224,2638375.517,5006249274.38149,0
2023-04-13 00:00:00.000,1916.86,2025.0,1898.01,2011.8,5944851.519,2023-04-13 23:59:59.999,11737826015.50057,4063215,3111310.227,6143156391.23556,0
2023-04-14 00:00:00.000,2011.8,2137.64,2009.0,2099.77,6908499.4,2023-04-14 23:59:59.999,14466877844.11420,5000626,3525254.142,7382010465.93851,0
2023-04-15 00:00:00.000,2099.77,2113.28,2071.0,2091.2,2619968.921,2023-04-15 23:59:59.999,5490344951.01392,2390559,1297209.204,2718870870.96257,0
2023-04-16 00:00:00.000,2091.2,2146.1,2072.4,2118.09,2905235.978,2023-04-16 23:59:59.999,6115423203.35783,2641132,1460801.343,3075580920.80018,0
2023-04-17 00:00:00.000,2118.09,2120.64,2055.5,2074.49,3410289.359,2023-04-17 23:59:59.999,7103102832.76539,2859924,1647145.819,3431051499.14680,0
2023-04-18 00:00:00.000,2074.49,2126.63,2047.64,2103.29,3542599.96,2023-04-18 23:59:59.999,7413341871.08492,2774522,1766262.151,3696879801.99428,0
2023-04-19 00:00:00.000,2103.29,2104.61,1921.0,1932.83,5712106.365,2023-04-19 23:59:59.999,11407976091.09683,4126727,2667159.932,5326482466.18793,0
2023-04-20 00:00:00.000,1932.83,1983.22,1905.75,1942.11,4486102.176,2023-04-20 23:59:59.999,8732216194.09306,3711473,2222261.060,4326602211.68515,0
2023-04-21 00:00:00.000,1942.1,1956.82,1822.01,1848.0,5520829.389,2023-04-21 23:59:59.999,10453785961.75719,4357957,2641596.857,5003625098.95889,0
2023-04-22 00:00:00.000,1848.01,1886.5,1839.26,1873.39,2233900.931,2023-04-22 23:59:59.999,4160733028.81030,2272920,1119672.613,2085214278.25238,0
2023-04-23 00:00:00.000,1873.4,1882.11,1833.3,1861.3,2624859.049,2023-04-23 23:59:59.999,4883738761.28466,2665310,1305043.384,2428432345.35332,0
2023-04-24 00:00:00.000,1861.3,1891.3,1806.0,1841.19,4637382.676,2023-04-24 23:59:59.999,8559463422.76587,4745194,2287738.248,4224048896.18997,0
2023-04-25 00:00:00.000,1841.19,1877.6,1797.98,1865.4,4166439.286,2023-04-25 23:59:59.999,7632322493.54573,3976737,2091177.016,3831528588.22671,0
2023-04-26 00:00:00.000,1865.4,1964.7,1782.03,1865.02,7328089.271,2023-04-26 23:59:59.999,13832491013.22545,5679035,3695812.494,6977627362.62568,0
2023-04-27 00:00:00.000,1865.03,1939.4,1858.55,1907.67,5486808.619,2023-04-27 23:59:59.999,10425583648.13769,4977700,2753424.414,5232410799.49907,0
2023-04-28 00:00:00.000,1907.68,1923.63,1873.0,1890.13,3142216.755,2023-04-28 23:59:59.999,5966985911.23344,3231156,1555648.862,2954454701.52911,0
2023-04-29 00:00:00.000,1890.13,1917.27,1881.1,1907.01,1593882.469,2023-04-29 23:59:59.999,3028671705.69795,1843721,801874.241,1523881447.31421,0
2023-04-30 00:00:00.000,1907.01,1940.0,1863.9,1868.41,2977980.167,2023-04-30 23:59:59.999,5678023570.39942,2825844,1467497.441,2799231252.08699,0
2023-05-01 00:00:00.000,1868.41,1885.56,1805.28,1829.97,3740379.561,2023-05-01 23:59:59.999,6871929627.84383,3275823,1830613.967,3363413507.18168,0
2023-05-02 00:00:00.000,1829.97,1882.6,1821.25,1869.2,3065412.118,2023-05-02 23:59:59.999,5666257518.06199,2920972,1566367.567,2895813904.70639,0
2023-05-03 00:00:00.000,1869.21,1917.29,1841.71,1904.74,4144638.549,2023-05-03 23:59:59.999,7762176084.36052,3834345,2084102.485,3904150577.56949,0
2023-05-04 00:00:00.000,1904.74,1918.61,1865.72,1876.13,2639262.752,2023-05-04 23:59:59.999,4990059178.68051,2865588,1307120.209,2471883108.18078,0
2023-05-05 00:00:00.000,1876.14,2004.99,1874.8,1992.56,5053850.5,2023-05-05 23:59:59.999,9793284393.60356,4405236,2645323.467,5126920613.02304,0
2023-05-06 00:00:00.000,1992.55,2023.66,1850.0,1895.29,4880833.923,2023-05-06 23:59:59.999,9391662414.45572,4331607,2335719.163,4495936476.70929,0
2023-05-07 00:00:00.000,1895.3,1933.0,1865.32,1869.5,3198475.667,2023-05-07 23:59:59.999,6096392897.08655,3623305,1581694.343,3015322457.35376,0
2023-05-08 00:00:00.000,1869.51,1883.17,1810.0,1846.54,4905366.653,2023-05-08 23:59:59.999,9079925715.77355,4414300,2425054.549,4489152431.03952,0
2023-05-09 00:00:00.000,1846.54,1863.0,1830.05,1845.8,2509784.607,2023-05-09 23:59:59.999,4627725853.77786,2740860,1254792.082,2313863067.69182,0
2023-05-10 00:00:00.000,1845.8,1887.0,1785.74,1839.86,4903103.427,2023-05-10 23:59:59.999,9053981839.22110,4212083,2438669.534,4503877518.60249,0
2023-05-11 00:00:00.000,1839.86,1841.54,1768.42,1793.24,4005939.727,2023-05-11 23:59:59.999,7238023894.70517,3699503,1937174.275,3500784423.38762,0
2023-05-12 00:00:00.000,1793.25,1820.0,1735.37,1806.53,4274267.712,2023-05-12 23:59:59.999,7571365343.22157,3793847,2146412.837,3803189298.92513,0
2023-05-13 00:00:00.000,1806.53,1816.24,1784.0,1794.44,1794108.348,2023-05-13 23:59:59.999,3228545808.33887,1928232,893679.793,1608308396.32891,0
2023-05-14 00:00:00.000,1794.44,1825.27,1789.41,1798.25,2065119.626,2023-05-14 23:59:59.999,3725543210.17867,1990969,1037074.513,1871085659.43365,0
2023-05-15 00:00:00.000,1798.26,1848.0,1783.51,1815.56,3062945.098,2023-05-15 23:59:59.999,5584428011.28594,2813445,1536012.036,2800955529.68282,0
2023-05-16 00:00:00.000,1815.56,1832.93,1795.0,1823.53,2559941.664,2023-05-16 23:59:59.999,4647961186.01632,2426443,1279790.757,2323938833.42156,0
2023-05-17 00:00:00.000,1823.52,1837.85,1781.0,1821.65,3158227.207,2023-05-17 23:59:59.999,5716856398.18019,2852611,1586505.255,2872559989.96547,0
2023-05-18 00:00:00.000,1821.65,1831.46,1770.0,1799.69,3046459.303,2023-05-18 23:59:59.999,5507830657.71073,2673556,1501702.180,2715545013.97381,0
2023-05-19 00:00:00.000,1799.69,1830.0,1795.72,1811.38,2142895.0,2023-05-19 23:59:59.999,3879976465.72274,1972008,1083337.571,1961760925.05395,0
2023-05-20 00:00:00.000,1811.38,1828.88,1805.96,1818.59,1031296.976,2023-05-20 23:59:59.999,1872602029.56196,1171963,525012.243,953468413.18907,0
2023-05-21 00:00:00.000,1818.59,1828.91,1794.45,1803.89,1397629.152,2023-05-21 23:59:59.999,2530470510.36566,1365112,675392.146,1222916182.31770,0
2023-05-22 00:00:00.000,1803.9,1827.99,1790.76,1816.67,2270653.543,2023-05-22 23:59:59.999,4115022438.72039,1983728,1161096.269,2104416852.50256,0
2023-05-23 00:00:00.000,1816.68,1874.23,1814.25,1853.36,2935200.681,2023-05-23 23:59:59.999,5428836551.95760,2374643,1524584.779,2819330935.33901,0
2023-05-24 00:00:00.000,1853.37,1853.5,1775.0,1798.84,3607753.797,2023-05-24 23:59:59.999,6525113256.73166,2854180,1719674.200,3109755475.54553,0
2023-05-25 00:00:00.000,1798.84,1819.93,1758.0,1804.65,2893039.67,2023-05-25 23:59:59.999,5185691223.35058,2045504,1458064.396,2614314878.95182,0
2023-05-26 00:00:00.000,1804.65,1837.93,1795.99,1826.81,2175357.921,2023-05-26 23:59:59.999,3959307938.13433,1806113,1117498.096,2034201553.25013,0
2023-05-27 00:00:00.000,1826.81,1835.7,1810.63,1828.85,1194937.504,2023-05-27 23:59:59.999,2181720432.26159,1189923,592996.446,1082791288.39845,0
2023-05-28 00:00:00.000,1828.85,1930.0,1822.31,1908.36,2905772.688,2023-05-28 23:59:59.999,5415391316.17548,2351903,1529200.675,2851174938.38755,0
2023-05-29 00:00:00.000,1908.36,1928.2,1872.0,1891.5,2477917.179,2023-05-29 23:59:59.999,4704184612.17120,2042709,1238706.239,2352058957.00346,0
2023-05-30 00:00:00.000,1891.51,1917.0,1880.02,1899.81,2207189.76,2023-05-30 23:59:59.999,4200115983.30630,1950161,1088473.738,2071480220.50580,0
2023-05-31 00:00:00.000,1899.81,1906.57,1845.0,1872.84,2656970.771,2023-05-31 23:59:59.999,4967704528.00343,2173059,1284460.200,2401620012.60467,0
2023-06-01 00:00:00.000,1872.85,1889.61,1837.94,1860.59,2605797.159,2023-06-01 23:59:59.999,4857143174.47570,2178965,1288478.470,2402158194.98644,0
2023-06-02 00:00:00.000,1860.59,1911.0,1846.0,1905.58,2646266.39,2023-06-02 23:59:59.999,4992858140.85456,2296378,1340916.464,2530367163.60785,0
2023-06-03 00:00:00.000,1905.59,1907.09,1878.5,1890.91,1280350.751,2023-06-03 23:59:59.999,2427982701.83077,1270285,624525.602,1184488750.14261,0
2023-06-04 00:00:00.000,1890.9,1914.53,1883.19,1888.54,1547682.823,2023-06-04 23:59:59.999,2939610066.72539,1434481,764805.045,1452784775.80217,0
2023-06-05 00:00:00.000,1888.54,1890.01,1775.0,1810.03,4257292.031,2023-06-05 23:59:59.999,7829891468.02886,3278110,2031022.328,3735831484.46925,0
2023-06-06 00:00:00.000,1810.03,1898.0,1796.0,1883.26,4333156.268,2023-06-06 23:59:59.999,7988336481.22652,3334936,2241039.993,4132356771.19762,0
2023-06-07 00:00:00.000,1883.26,1897.2,1820.0,1831.31,3703943.621,2023-06-07 23:59:59.999,6871014307.48630,3143949,1815291.688,3367950615.43161,0
2023-06-08 00:00:00.000,1831.32,1861.41,1827.42,1844.94,1833404.039,2023-06-08 23:59:59.999,3381316556.27167,1890782,922499.105,1701570593.31107,0
2023-06-09 00:00:00.000,1844.93,1854.77,1825.0,1839.61,1930535.751,2023-06-09 23:59:59.999,3552821831.16830,1864032,952406.122,1753073868.15895,0
2023-06-10 00:00:00.000,1839.61,1844.8,1712.08,1750.64,5551171.332,2023-06-10 23:59:59.999,9774108050.69357,4207698,2683133.418,4722405750.17928,0
2023-06-11 00:00:00.000,1750.65,1778.36,1737.29,1751.8,2030813.582,2023-06-11 23:59:59.999,3559919133.52975,2005358,1013588.810,1777028014.26622,0
2023-06-12 00:00:00.000,1751.8,1759.32,1717.5,1741.61,2615423.791,2023-06-12 23:59:59.999,4546659536.76596,2493537,1285318.796,2234849129.43602,0
2023-06-13 00:00:00.000,1741.6,1766.53,1722.53,1739.24,2978916.867,2023-06-13 23:59:59.999,5193391874.76180,2661438,1496623.638,2609581841.66132,0
2023-06-14 00:00:00.000,1739.24,1749.65,1625.5,1650.18,3962845.762,2023-06-14 23:59:59.999,6743167988.43778,3011779,1877819.531,3196728771.28422,0
2023-06-15 00:00:00.000,1650.19,1680.0,1625.56,1665.64,3284979.384,2023-06-15 23:59:59.999,5417639691.08114,2694714,1634652.419,2696209524.80342,0
2023-06-16 00:00:00.000,1665.64,1730.0,1644.65,1717.31,3099475.105,2023-06-16 23:59:59.999,5225967567.41919,2642700,1597160.640,2694154039.03345,0
2023-06-17 00:00:00.000,1717.31,1775.0,1713.38,1727.2,2161730.858,2023-06-17 23:59:59.999,3756474597.35009,1966345,1081036.901,1878967507.70796,0
2023-06-18 00:00:00.000,1727.19,1747.5,1710.77,1719.99,1638597.358,2023-06-18 23:59:59.999,2834954534.14003,1617954,804245.787,1391764492.92036,0
2023-06-19 00:00:00.000,1719.99,1753.0,1689.29,1736.21,2591602.407,2023-06-19 23:59:59.999,4467229390.33761,2337219,1297281.428,2236816445.50176,0
2023-06-20 00:00:00.000,1736.2,1796.84,1713.57,1791.37,3466422.973,2023-06-20 23:59:59.999,6080886439.10825,3113824,1778252.848,3120673088.48950,0
2023-06-21 00:00:00.000,1791.37,1901.6,1786.56,1888.31,5330798.831,2023-06-21 23:59:59.999,9829732060.96629,4491068,2676902.493,4936106697.00964,0
2023-06-22 00:00:00.000,1888.3,1933.7,1862.0,1871.36,3137860.418,2023-06-22 23:59:59.999,5950906236.05417,3050141,1562217.337,2963271671.93831,0
2023-06-23 00:00:00.000,1871.37,1938.48,1859.96,1892.2,3405962.433,2023-06-23 23:59:59.999,6453773157.88428,3157195,1694368.580,3211033496.79690,0
2023-06-24 00:00:00.000,1892.2,1905.6,1863.0,1874.48,1763224.894,2023-06-24 23:59:59.999,3321937126.86462,1924133,859977.779,1620435429.27686,0
2023-06-25 00:00:00.000,1874.47,1929.96,1867.84,1898.27,2781158.136,2023-06-25 23:59:59.999,5289332862.49297,2826509,1388813.932,2641581494.16430,0
2023-06-26 00:00:00.000,1898.26,1909.32,1836.0,1858.14,3400509.135,2023-06-26 23:59:59.999,6370416998.95966,3162920,1629906.774,3054086373.00139,0
2023-06-27 00:00:00.000,1858.14,1912.65,1854.14,1889.05,2829280.124,2023-06-27 23:59:59.999,5325411157.57672,2751693,1443244.701,2717068618.00114,0
2023-06-28 00:00:00.000,1889.05,1889.65,1811.89,1827.26,3088158.07,2023-06-28 23:59:59.999,5721684180.26515,2614615,1448220.376,2683306950.41087,0
2023-06-29 00:00:00.000,1827.26,1879.98,1827.02,1851.19,2244626.491,2023-06-29 23:59:59.999,4161267238.70473,2066231,1138449.423,2110648193.27948,0
2023-06-30 00:00:00.000,1851.18,1947.31,1820.0,1933.41,5961506.278,2023-06-30 23:59:59.999,11262001146.78503,4411637,3009003.519,5685871065.17313,0
2023-07-01 00:00:00.000,1933.42,1944.69,1908.55,1924.08,1584006.709,2023-07-01 23:59:59.999,3044484799.23761,1625797,796168.922,1530276966.44960,0
2023-07-02 00:00:00.000,1924.08,1964.0,1883.55,1937.69,2602287.765,2023-07-02 23:59:59.999,5000254512.61926,2103960,1291071.172,2481730922.12985,0
2023-07-03 00:00:00.000,1937.69,1978.0,1933.04,1955.0,2783862.146,2023-07-03 23:59:59.999,5455730800.61678,2360367,1405631.215,2754986241.00081,0
2023-07-04 00:00:00.000,1955.0,1967.91,1930.37,1935.72,1913551.422,2023-07-04 23:59:59.999,3733154567.49133,1669357,939300.533,1832725047.47165,0
2023-07-05 00:00:00.000,1935.72,1942.22,1892.9,1909.88,2290593.319,2023-07-05 23:59:59.999,4386390984.97652,1992180,1116275.998,2137876511.50572,0
2023-07-06 00:00:00.000,1909.88,1957.94,1844.47,1844.82,4219617.366,2023-07-06 23:59:59.999,8025247594.29251,3152119,2057982.477,3915836529.02027,0
2023-07-07 00:00:00.000,1844.81,1877.51,1823.74,1870.0,2150375.881,2023-07-07 23:59:59.999,3994359583.46465,1880387,1042857.500,1937342003.66714,0
2023-07-08 00:00:00.000,1870.0,1873.1,1841.28,1864.45,1144653.748,2023-07-08 23:59:59.999,2127599970.73217,1140915,554985.308,1031638575.51181,0
2023-07-09 00:00:00.000,1864.45,1878.98,1855.2,1861.81,1315813.529,2023-07-09 23:59:59.999,2455983243.42244,1242924,649584.518,1212551153.40483,0
2023-07-10 00:00:00.000,1861.81,1904.96,1845.09,1879.34,2457486.761,2023-07-10 23:59:59.999,4599947109.42808,1893733,1257725.227,2354609787.44919,0
2023-07-11 00:00:00.000,1879.35,1892.32,1861.1,1877.66,1690867.909,2023-07-11 23:59:59.999,3168583574.56770,1481905,827010.251,1549910425.24150,0
2023-07-12 00:00:00.000,1877.66,1901.86,1863.15,1870.81,2514859.274,2023-07-12 23:59:59.999,4739014879.90064,2096738,1254990.160,2365212494.01906,0
2023-07-13 00:00:00.000,1870.82,2014.8,1861.59,2004.78,5072952.783,2023-07-13 23:59:59.999,9872664104.00889,3321989,2644445.768,5147581658.61575,0
2023-07-14 00:00:00.000,2004.77,2031.28,1896.8,1936.74,4202754.58,2023-07-14 23:59:59.999,8269315805.54650,3071455,2059111.021,4053421710.97666,0
2023-07-15 00:00:00.000,1936.74,1945.89,1925.54,1930.4,1111948.993,2023-07-15 23:59:59.999,2150367734.53819,1118661,545402.380,1054795469.91407,0
2023-07-16 00:00:00.000,1930.4,1942.78,1912.09,1920.97,1270216.239,2023-07-16 23:59:59.999,2450221634.39045,1207129,627896.640,1211296705.60358,0
2023-07-17 00:00:00.000,1920.97,1935.45,1872.0,1910.37,2551243.537,2023-07-17 23:59:59.999,4862622170.96846,2036621,1254136.356,2390640011.10460,0
2023-07-18 00:00:00.000,1910.37,1916.62,1875.0,1896.46,1989216.045,2023-07-18 23:59:59.999,3773730051.42879,1697737,969002.119,1838454108.77460,0
2023-07-19 00:00:00.000,1896.47,1925.0,1881.0,1887.55,2046151.353,2023-07-19 23:59:59.999,3896411754.63565,1922215,1012288.970,1927862728.48311,0
2023-07-20 00:00:00.000,1887.55,1928.81,1875.6,1890.56,2682007.64,2023-07-20 23:59:59.999,5094834736.36539,2322459,1327609.113,2522542496.07014,0
2023-07-21 00:00:00.000,1890.56,1905.97,1883.42,1890.84,1423334.683,2023-07-21 23:59:59.999,2693663745.42729,1367103,689935.958,1305889938.35254,0
2023-07-22 00:00:00.000,1890.84,1896.85,1835.39,1865.6,1146954.994,2023-07-22 23:59:59.999,2154869158.92295,1075435,532186.047,1000228577.21009,0
2023-07-23 00:00:00.000,1865.6,1904.57,1856.68,1887.86,1545904.444,2023-07-23 23:59:59.999,2907676982.84785,1409113,793198.550,1491978313.51174,0
2023-07-24 00:00:00.000,1887.85,1890.2,1829.0,1849.04,2113287.416,2023-07-24 23:59:59.999,3919275815.32224,1897904,996408.233,1847680176.13681,0
2023-07-25 00:00:00.000,1849.04,1868.54,1844.5,1856.91,1320722.986,2023-07-25 23:59:59.999,2451833082.62795,1328165,662243.950,1229477142.93225,0
2023-07-26 00:00:00.000,1856.91,1887.79,1846.9,1870.98,1946701.756,2023-07-26 23:59:59.999,3628405350.49632,1708874,1005260.859,1873907356.63653,0
2023-07-27 00:00:00.000,1870.97,1885.57,1854.0,1860.28,1593279.389,2023-07-27 23:59:59.999,2978878030.26490,1417004,779440.579,1457276599.42233,0
2023-07-28 00:00:00.000,1860.29,1883.76,1855.57,1873.39,1378048.23,2023-07-28 23:59:59.999,2576729426.74340,1219487,693925.831,1297560912.84423,0
2023-07-29 00:00:00.000,1873.38,1886.19,1868.56,1879.85,749505.043,2023-07-29 23:59:59.999,1405661589.82189,751626,388500.308,728653364.67202,0
2023-07-30 00:00:00.000,1879.86,1885.0,1845.56,1860.76,1386061.233,2023-07-30 23:59:59.999,2588400428.31909,1210044,670091.701,1251499550.35679,0
2023-07-31 00:00:00.000,1860.77,1876.73,1850.08,1855.39,1421399.856,2023-07-31 23:59:59.999,2648009197.68637,1219991,700919.539,1305915442.04879,0
2023-08-01 00:00:00.000,1855.4,1875.87,1808.47,1873.05,2857111.757,2023-08-01 23:59:59.999,5253762221.92050,1998672,1427051.020,2624935205.76073,0
2023-08-02 00:00:00.000,1873.06,1879.27,1820.0,1839.07,2433052.599,2023-08-02 23:59:59.999,4499307943.90133,1819159,1173293.130,2169843298.13394,0
2023-08-03 00:00:00.000,1839.07,1858.9,1825.0,1834.69,1708783.419,2023-08-03 23:59:59.999,3145302649.42659,1355571,845442.710,1556344906.98860,0
2023-08-04 00:00:00.000,1834.69,1851.0,1808.77,1829.4,1914149.705,2023-08-04 23:59:59.999,3512140548.40425,1496727,951612.842,1746523507.72868,0
2023-08-05 00:00:00.000,1829.4,1838.62,1826.7,1835.5,649573.659,2023-08-05 23:59:59.999,1190327889.76681,634724,325352.514,596212794.12981,0
2023-08-06 00:00:00.000,1835.5,1838.6,1825.0,1829.38,804165.426,2023-08-06 23:59:59.999,1473035578.85485,704305,391074.683,716376190.21179,0
2023-08-07 00:00:00.000,1829.39,1846.86,1800.0,1828.18,2235036.668,2023-08-07 23:59:59.999,4078589895.09430,1694489,1104861.941,2016417338.40522,0
2023-08-08 00:00:00.000,1828.18,1878.0,1825.35,1855.36,2299167.676,2023-08-08 23:59:59.999,4246702788.46169,1782666,1189879.770,2198223583.18393,0
2023-08-09 00:00:00.000,1855.36,1871.28,1845.18,1854.7,1405393.116,2023-08-09 23:59:59.999,2608828366.62844,1203325,707642.124,1313665276.21180,0
2023-08-10 00:00:00.000,1854.69,1865.38,1844.81,1851.42,1190359.595,2023-08-10 23:59:59.999,2206051375.26295,1022074,580202.134,1075359575.26292,0
2023-08-11 00:00:00.000,1851.43,1857.99,1834.52,1848.04,1079579.87,2023-08-11 23:59:59.999,1994538363.42238,894262,526457.122,972773800.02674,0
2023-08-12 00:00:00.000,1848.04,1853.02,1845.35,1849.14,450661.209,2023-08-12 23:59:59.999,833424956.61809,478354,223779.048,413851499.05956,0
2023-08-13 00:00:00.000,1849.14,1861.93,1833.4,1840.09,841324.653,2023-08-13 23:59:59.999,1554669146.88981,746373,413565.853,764309121.11672,0
2023-08-14 00:00:00.000,1840.09,1855.86,1834.28,1844.81,1283582.445,2023-08-14 23:59:59.999,2369924279.03675,1058520,633864.721,1170351292.33259,0
2023-08-15 00:00:00.000,1844.8,1846.75,1810.92,1828.28,1212865.745,2023-08-15 23:59:59.999,2224006399.87829,1000802,554621.718,1017020706.03046,0
2023-08-16 00:00:00.000,1828.27,1830.87,1791.11,1807.19,1557481.275,2023-08-16 23:59:59.999,2830987601.01116,1334812,756394.010,1375107712.58889,0
2023-08-17 00:00:00.000,1807.19,1809.66,1492.66,1681.0,5897283.822,2023-08-17 23:59:59.999,10069596308.31243,4001486,2770969.223,4728878843.88751,0
2023-08-18 00:00:00.000,1681.0,1698.98,1638.48,1660.76,2961785.532,2023-08-18 23:59:59.999,4956722774.94701,2799834,1456021.279,2436920133.34704,0
2023-08-19 00:00:00.000,1660.76,1696.14,1653.36,1668.69,1374954.312,2023-08-19 23:59:59.999,2295511190.10816,1251150,659459.536,1101262541.12500,0
2023-08-20 00:00:00.000,1668.7,1694.36,1660.22,1684.16,1165848.58,2023-08-20 23:59:59.999,1950618000.36989,1059429,569849.606,953596496.62451,0
2023-08-21 00:00:00.000,1684.15,1687.78,1647.22,1666.79,1716607.681,2023-08-21 23:59:59.999,2864914067.06811,1393442,839563.063,1401314659.34083,0
2023-08-22 00:00:00.000,1666.8,1668.57,1575.0,1634.5,2628650.16,2023-08-22 23:59:59.999,4297253119.31144,2461726,1282150.613,2096662806.13178,0
2023-08-23 00:00:00.000,1634.49,1703.85,1628.5,1678.8,2809971.177,2023-08-23 23:59:59.999,4668477789.68188,3320788,1426411.606,2370270396.66141,0
2023-08-24 00:00:00.000,1678.79,1682.88,1631.66,1660.22,1739875.239,2023-08-24 23:59:59.999,2884193910.79672,1485826,867292.244,1437771560.47395,0
2023-08-25 00:00:00.000,1660.23,1676.73,1634.43,1653.24,1842552.274,2023-08-25 23:59:59.999,3043887039.99092,1693684,932169.939,1540066750.87766,0
2023-08-26 00:00:00.000,1653.25,1654.77,1643.01,1646.28,499811.129,2023-08-26 23:59:59.999,824120366.34905,516668,242895.732,400492416.46727,0
2023-08-27 00:00:00.000,1646.29,1659.57,1645.38,1657.59,657340.273,2023-08-27 23:59:59.999,1086302322.04676,657187,334292.636,552428808.20619,0
2023-08-28 00:00:00.000,1657.59,1663.88,1618.0,1652.51,1672402.974,2023-08-28 23:59:59.999,2751962940.19508,1483706,843576.057,1388408352.74988,0
2023-08-29 00:00:00.000,1652.5,1747.15,1639.01,1728.51,3479356.341,2023-08-29 23:59:59.999,5922298880.94104,2859738,1773847.706,3019021235.59899,0
2023-08-30 00:00:00.000,1728.52,1730.37,1688.0,1704.39,1539234.041,2023-08-30 23:59:59.999,2633294810.54013,1517829,766589.730,1311603535.89948,0
2023-08-31 00:00:00.000,1704.39,1730.0,1628.3,1645.27,2488894.539,2023-08-31 23:59:59.999,4174430139.24252,2158167,1222124.399,2050532975.80199,0
2023-09-01 00:00:00.000,1645.26,1653.89,1601.22,1628.19,2089554.942,2023-09-01 23:59:59.999,3406667604.15655,1880661,1032354.552,1683031627.01186,0
2023-09-02 00:00:00.000,1628.2,1644.99,1627.05,1636.24,754625.922,2023-09-02 23:59:59.999,1233123837.93811,779308,368608.693,602379071.68856,0
2023-09-03 00:00:00.000,1636.24,1648.24,1623.93,1635.02,838943.974,2023-09-03 23:59:59.999,1371255502.34573,794257,428801.493,701003639.28079,0
2023-09-04 00:00:00.000,1635.03,1644.5,1614.76,1630.09,1087824.165,2023-09-04 23:59:59.999,1772994172.54402,1049704,544060.418,886796174.83601,0
2023-09-05 00:00:00.000,1630.08,1648.0,1608.45,1633.63,1444381.953,2023-09-05 23:59:59.999,2353454200.55271,1320230,723388.438,1178787699.00706,0
2023-09-06 00:00:00.000,1633.63,1680.0,1606.74,1632.33,1835281.753,2023-09-06 23:59:59.999,2997580765.06195,1505410,925291.963,1511534954.95455,0
2023-09-07 00:00:00.000,1632.33,1659.7,1622.61,1647.27,1570880.608,2023-09-07 23:59:59.999,2572833662.21947,1312038,798238.114,1307460916.38445,0
2023-09-08 00:00:00.000,1647.25,1658.77,1615.0,1635.78,1482115.785,2023-09-08 23:59:59.999,2422307107.23686,1298004,732024.197,1196325913.40325,0
2023-09-09 00:00:00.000,1635.77,1636.92,1629.0,1634.8,411166.927,2023-09-09 23:59:59.999,671640259.67899,425249,205822.019,336217122.03261,0
2023-09-10 00:00:00.000,1634.81,1635.05,1590.0,1616.47,1532646.839,2023-09-10 23:59:59.999,2479591561.04642,1274849,742295.231,1201148650.91300,0
2023-09-11 00:00:00.000,1616.46,1618.35,1528.61,1551.03,3273332.648,2023-09-11 23:59:59.999,5152734588.80112,2794774,1566573.982,2466302225.71971,0
2023-09-12 00:00:00.000,1551.02,1626.78,1548.7,1592.29,2987142.357,2023-09-12 23:59:59.999,4756772634.50226,2626404,1526375.881,2430607021.09923,0
2023-09-13 00:00:00.000,1592.29,1620.0,1580.46,1606.68,1869877.516,2023-09-13 23:59:59.999,2989447575.59212,1813619,950149.896,1519369281.24121,0
2023-09-14 00:00:00.000,1606.69,1644.45,1606.02,1625.65,2118267.271,2023-09-14 23:59:59.999,3445036998.14618,1981372,1080125.743,1756825319.19237,0
2023-09-15 00:00:00.000,1625.65,1653.91,1610.0,1640.67,1426966.202,2023-09-15 23:59:59.999,2324102928.93025,1432652,746173.973,1215530057.64763,0
2023-09-16 00:00:00.000,1640.66,1652.97,1630.37,1633.68,778800.039,2023-09-16 23:59:59.999,1275526426.27402,791509,379181.772,621064593.59224,0
2023-09-17 00:00:00.000,1633.68,1634.43,1610.81,1621.62,946075.604,2023-09-17 23:59:59.999,1536971431.17038,912567,458286.181,744605754.84458,0
2023-09-18 00:00:00.000,1621.63,1668.64,1598.58,1635.63,2369929.712,2023-09-18 23:59:59.999,3889929749.54443,2181953,1187811.327,1950011835.53669,0
2023-09-19 00:00:00.000,1635.63,1660.69,1625.02,1642.49,1776617.676,2023-09-19 23:59:59.999,2919971038.79256,1657071,890576.185,1463833715.04528,0
2023-09-20 00:00:00.000,1642.48,1648.68,1602.0,1621.6,1872818.8,2023-09-20 23:59:59.999,3048153518.40011,1815994,910689.540,1482440750.90431,0
2023-09-21 00:00:00.000,1621.6,1624.81,1565.5,1583.0,2049732.627,2023-09-21 23:59:59.999,3270921337.69404,1935935,966042.895,1541901301.88779,0
2023-09-22 00:00:00.000,1583.0,1602.28,1575.46,1592.28,1121431.042,2023-09-22 23:59:59.999,1785915865.79037,1084273,558545.800,889563626.69211,0
2023-09-23 00:00:00.000,1592.28,1597.6,1586.53,1592.97,512678.235,2023-09-23 23:59:59.999,816248305.47904,458455,258382.402,411362107.88128,0
2023-09-24 00:00:00.000,1592.97,1600.95,1568.28,1579.99,884404.712,2023-09-24 23:59:59.999,1404537061.94281,810700,439772.570,698598584.85967,0
2023-09-25 00:00:00.000,1579.99,1597.13,1562.0,1587.69,1624097.779,2023-09-25 23:59:59.999,2566160541.55339,1487912,831407.036,1313878843.61197,0
2023-09-26 00:00:00.000,1587.68,1599.4,1578.61,1593.3,1186689.092,2023-09-26 23:59:59.999,1884723615.62952,1166579,599949.579,952942906.98940,0
2023-09-27 00:00:00.000,1593.3,1633.98,1582.64,1597.89,2305835.91,2023-09-27 23:59:59.999,3703063187.32729,2014187,1160285.719,1863889811.31129,0
2023-09-28 00:00:00.000,1597.89,1668.0,1597.17,1652.13,2832920.096,2023-09-28 23:59:59.999,4633523879.60758,2580757,1470588.013,2405056706.62462,0
2023-09-29 00:00:00.000,1652.13,1687.65,1647.5,1666.61,1996104.505,2023-09-29 23:59:59.999,3329523068.64839,1954962,1012814.554,1689487331.83868,0
2023-09-30 00:00:00.000,1666.61,1694.11,1665.27,1670.18,1063587.313,2023-09-30 23:59:59.999,1783660358.78097,1050816,537174.971,901072185.26257,0
2023-10-01 00:00:00.000,1670.17,1780.0,1666.69,1733.39,1762739.428,2023-10-01 23:59:59.999,2997174137.30115,1812217,934466.489,1590481386.31219,0
2023-10-02 00:00:00.000,1733.4,1743.99,1619.99,1661.49,3140059.122,2023-10-02 23:59:59.999,5329837520.60813,3102053,1523394.231,2587170206.61582,0
2023-10-03 00:00:00.000,1661.49,1669.94,1642.03,1656.18,1574186.817,2023-10-03 23:59:59.999,2606720930.49924,1713634,791611.030,1310942231.38230,0
2023-10-04 00:00:00.000,1656.19,1657.05,1615.0,1645.75,1760659.358,2023-10-04 23:59:59.999,2888984570.87979,1800180,871317.804,1430070895.74855,0
2023-10-05 00:00:00.000,1645.76,1655.13,1601.28,1611.23,1929063.873,2023-10-05 23:59:59.999,3142418022.15932,1946846,936228.104,1525405654.26574,0
2023-10-06 00:00:00.000,1611.24,1664.6,1610.59,1644.33,2078440.945,2023-10-06 23:59:59.999,3396848695.37563,2101172,1055384.558,1725094663.88657,0
2023-10-07 00:00:00.000,1644.32,1647.16,1629.03,1633.18,729971.504,2023-10-07 23:59:59.999,1195721405.78214,803174,364663.637,597321833.31396,0
2023-10-08 00:00:00.000,1633.17,1640.9,1615.19,1632.02,1153340.712,2023-10-08 23:59:59.999,1878584822.50507,1197257,576481.404,939040662.60794,0
2023-10-09 00:00:00.000,1632.03,1635.81,1544.3,1579.4,2950124.049,2023-10-09 23:59:59.999,4687163300.24275,2468764,1396322.676,2218841266.20996,0
2023-10-10 00:00:00.000,1579.39,1594.4,1545.6,1566.89,2076875.007,2023-10-10 23:59:59.999,3269769387.62689,1877903,1025764.768,1615272405.25873,0
2023-10-11 00:00:00.000,1566.89,1577.89,1541.78,1566.07,2381820.983,2023-10-11 23:59:59.999,3720791581.44529,2150018,1187227.914,1854872229.63186,0
2023-10-12 00:00:00.000,1566.08,1568.06,1514.5,1538.81,2299190.123,2023-10-12 23:59:59.999,3548262571.00839,1969356,1099774.943,1697529747.81473,0
2023-10-13 00:00:00.000,1538.82,1575.53,1536.65,1551.55,1795481.428,2023-10-13 23:59:59.999,2781970955.41561,1572029,899400.523,1393667348.79359,0
2023-10-14 00:00:00.000,1551.55,1561.7,1543.83,1554.15,791727.302,2023-10-14 23:59:59.999,1228665922.21849,735132,409317.457,635288169.20856,0
2023-10-15 00:00:00.000,1554.15,1567.0,1546.14,1557.25,1000513.27,2023-10-15 23:59:59.999,1557409625.42848,929789,505242.610,786513038.17020,0
2023-10-16 00:00:00.000,1557.25,1642.0,1554.1,1598.61,3513907.329,2023-10-16 23:59:59.999,5586981341.03709,2904708,1793178.182,2851360793.88214,0
2023-10-17 00:00:00.000,1598.61,1599.83,1541.0,1563.99,1821162.481,2023-10-17 23:59:59.999,2869574835.22577,1613796,884253.539,1393430053.79356,0
2023-10-18 00:00:00.000,1564.0,1584.9,1554.7,1562.65,1722717.852,2023-10-18 23:59:59.999,2706429797.06621,1514754,867201.254,1362536631.72958,0
2023-10-19 00:00:00.000,1562.66,1574.34,1539.0,1565.89,1914194.811,2023-10-19 23:59:59.999,2979513487.14482,1602080,949767.274,1478615291.82173,0
2023-10-20 00:00:00.000,1565.9,1630.01,1560.37,1603.14,2591313.635,2023-10-20 23:59:59.999,4147073641.09869,2349744,1337875.670,2140869634.71588,0
2023-10-21 00:00:00.000,1603.15,1643.84,1591.25,1628.29,1630618.809,2023-10-21 23:59:59.999,2637996263.05947,1505973,823023.857,1331750359.58411,0
2023-10-22 00:00:00.000,1628.29,1667.5,1620.0,1662.83,1922557.976,2023-10-22 23:59:59.999,3147813653.67379,1833101,978910.359,1603253930.14586,0
2023-10-23 00:00:00.000,1662.82,1803.0,1656.25,1766.35,5040484.646,2023-10-23 23:59:59.999,8602139318.25797,4897119,2548724.688,4351652892.82009,0
2023-10-24 00:00:00.000,1766.35,1854.87,1755.28,1784.31,5148312.495,2023-10-24 23:59:59.999,9289125142.38300,5912764,2537428.729,4577941312.19656,0
2023-10-25 00:00:00.000,1784.3,1818.55,1759.16,1786.71,2706185.955,2023-10-25 23:59:59.999,4842621703.21632,3390549,1342446.195,2402553046.32413,0
2023-10-26 00:00:00.000,1786.7,1872.64,1757.25,1803.3,4046404.43,2023-10-26 23:59:59.999,7321211035.63508,4124422,2002889.806,3624600205.76679,0
2023-10-27 00:00:00.000,1803.31,1803.92,1735.5,1780.02,2440107.981,2023-10-27 23:59:59.999,4342572403.59896,2392435,1187295.267,2113386532.06047,0
2023-10-28 00:00:00.000,1780.03,1806.23,1767.37,1776.76,1074543.724,2023-10-28 23:59:59.999,1919964127.56444,1163130,532947.194,952356773.00363,0
2023-10-29 00:00:00.000,1776.76,1813.1,1762.49,1795.49,1315116.448,2023-10-29 23:59:59.999,2355557946.44111,1379647,661801.443,1185353590.20619,0
2023-10-30 00:00:00.000,1795.48,1832.65,1776.94,1809.81,2334817.504,2023-10-30 23:59:59.999,4215510289.56730,2225616,1166802.277,2106971712.38701,0
2023-10-31 00:00:00.000,1809.82,1820.91,1781.0,1815.67,2155865.116,2023-10-31 23:59:59.999,3883759064.22507,2111699,1056508.560,1903455534.56253,0
2023-11-01 00:00:00.000,1815.66,1861.63,1782.73,1848.2,3596670.145,2023-11-01 23:59:59.999,6543306690.18927,3191399,1791212.171,3259729542.97009,0
2023-11-02 00:00:00.000,1848.2,1876.26,1784.0,1800.68,2902767.066,2023-11-02 23:59:59.999,5310717363.58517,2745069,1394011.396,2551622630.55722,0
2023-11-03 00:00:00.000,1800.68,1834.32,1775.36,1832.49,2284646.929,2023-11-03 23:59:59.999,4119457491.29056,2333085,1134916.177,2046835562.76318,0
2023-11-04 00:00:00.000,1832.49,1870.68,1823.32,1856.08,1368734.648,2023-11-04 23:59:59.999,2518749107.07530,1379689,688307.936,1266895459.57968,0
2023-11-05 00:00:00.000,1856.08,1914.96,1846.21,1892.49,3049000.645,2023-11-05 23:59:59.999,5744702487.69734,2680620,1544706.562,2910812463.37326,0
2023-11-06 00:00:00.000,1892.49,1916.8,1869.13,1901.71,2360118.573,2023-11-06 23:59:59.999,4471746197.27929,2206036,1162975.731,2203622314.59004,0
2023-11-07 00:00:00.000,1901.72,1908.47,1850.1,1885.79,2747654.474,2023-11-07 23:59:59.999,5170405915.43216,2459502,1349013.731,2538933402.75210,0
2023-11-08 00:00:00.000,1885.79,1906.2,1873.13,1888.42,1671720.477,2023-11-08 23:59:59.999,3158948638.69263,1599496,819658.346,1548971145.03108,0
2023-11-09 00:00:00.000,1888.42,2134.3,1881.79,2122.92,8102128.485,2023-11-09 23:59:59.999,16206007619.14150,6414486,4184285.526,8370947086.96970,0
2023-11-10 00:00:00.000,2122.92,2139.6,2066.0,2079.1,3645227.908,2023-11-10 23:59:59.999,7658220087.43382,3688849,1796183.776,3774301562.08345,0
2023-11-11 00:00:00.000,2079.1,2091.97,2021.0,2054.52,2484048.95,2023-11-11 23:59:59.999,5117869676.26760,2338320,1202711.313,2478669015.76359,0
2023-11-12 00:00:00.000,2054.53,2068.96,2011.5,2046.08,1719295.996,2023-11-12 23:59:59.999,3521190449.16089,1825830,821554.663,1682975102.44176,0
2023-11-13 00:00:00.000,2046.07,2120.0,2030.0,2055.18,4007607.657,2023-11-13 23:59:59.999,8297650404.00478,3808882,1953362.921,4045534119.88604,0
2023-11-14 00:00:00.000,2055.18,2066.39,1920.0,1980.11,3803937.012,2023-11-14 23:59:59.999,7681721989.89780,3536731,1767390.943,3570456509.01781,0
2023-11-15 00:00:00.000,1980.11,2064.08,1967.85,2059.29,3044717.364,2023-11-15 23:59:59.999,6140731223.70993,2774407,1527764.985,3082060289.85544,0
2023-11-16 00:00:00.000,2059.3,2093.0,1938.4,1962.13,4348334.629,2023-11-16 23:59:59.999,8782074171.55734,3800919,2098325.553,4239823879.39005,0
2023-11-17 00:00:00.000,1962.14,1992.26,1903.81,1961.21,3228385.518,2023-11-17 23:59:59.999,6299859702.20526,3003364,1577706.226,3079474072.44778,0
2023-11-18 00:00:00.000,1961.21,1972.06,1916.0,1963.19,1643154.159,2023-11-18 23:59:59.999,3202110781.79973,1600372,803856.524,1566668105.39545,0
2023-11-19 00:00:00.000,1963.19,2016.45,1943.44,2012.46,1726269.572,2023-11-19 23:59:59.999,3401707212.28241,1606737,901505.434,1777152472.29308,0
2023-11-20 00:00:00.000,2012.45,2068.8,1981.96,2022.41,3280845.795,2023-11-20 23:59:59.999,6650412053.45637,2877783,1625521.713,3295725625.10417,0
2023-11-21 00:00:00.000,2022.41,2036.06,1929.85,1933.44,4105107.032,2023-11-21 23:59:59.999,8161456877.11487,3410996,1998657.772,3974783022.12897,0
2023-11-22 00:00:00.000,1933.44,2093.78,1928.74,2063.91,3525684.092,2023-11-22 23:59:59.999,7155330992.38286,3097542,1788844.299,3630783925.61124,0
2023-11-23 00:00:00.000,2063.92,2089.75,2033.5,2062.68,2101282.327,2023-11-23 23:59:59.999,4333101748.32414,1966699,1039598.744,2144117710.38171,0
2023-11-24 00:00:00.000,2062.67,2135.0,2057.77,2081.16,3231969.816,2023-11-24 23:59:59.999,6778271023.31061,2738733,1598086.368,3352142839.04157,0
2023-11-25 00:00:00.000,2081.16,2090.79,2065.59,2082.87,1027458.693,2023-11-25 23:59:59.999,2137077833.54589,1056929,512548.536,1066083174.78538,0
2023-11-26 00:00:00.000,2082.87,2094.96,2035.0,2061.97,2265552.05,2023-11-26 23:59:59.999,4687601793.16523,1922353,1097420.414,2270977505.00993,0
2023-11-27 00:00:00.000,2061.97,2071.0,1985.0,2027.57,2895401.474,2023-11-27 23:59:59.999,5861604298.08316,2658341,1393232.825,2820653227.83683,0
2023-11-28 00:00:00.000,2027.57,2075.87,1994.85,2048.2,2601579.447,2023-11-28 23:59:59.999,5299174745.72606,2375525,1312949.299,2674639422.12915,0
2023-11-29 00:00:00.000,2048.21,2077.0,2018.56,2028.41,2090299.255,2023-11-29 23:59:59.999,4272821333.41157,1964582,1017733.523,2080690233.66549,0
2023-11-30 00:00:00.000,2028.41,2054.97,2020.4,2051.76,1702901.412,2023-11-30 23:59:59.999,3467788056.28670,1594450,854710.826,1740773525.27975,0
2023-12-01 00:00:00.000,2051.77,2111.5,2044.35,2086.99,2908736.552,2023-12-01 23:59:59.999,6077197060.66088,2456177,1450230.691,3030005103.54043,0
2023-12-02 00:00:00.000,2086.99,2199.99,2085.63,2165.28,2703872.717,2023-12-02 23:59:59.999,5771277302.84140,2069131,1408025.704,3005917771.12229,0
2023-12-03 00:00:00.000,2165.26,2219.17,2148.17,2193.24,2138376.029,2023-12-03 23:59:59.999,4647728772.82338,1783428,1074599.378,2336250596.02384,0
2023-12-04 00:00:00.000,2193.25,2276.84,2191.52,2243.66,3783378.877,2023-12-04 23:59:59.999,8452455553.34357,3158954,1883664.855,4208338823.90871,0
2023-12-05 00:00:00.000,2243.67,2311.51,2186.0,2293.97,4121719.56,2023-12-05 23:59:59.999,9263997221.57883,3159367,2060798.958,4633613380.01910,0
2023-12-06 00:00:00.000,2293.97,2314.98,2218.49,2233.29,2935176.941,2023-12-06 23:59:59.999,6656006363.54016,2433953,1422482.641,3226885681.53294,0
2023-12-07 00:00:00.000,2233.32,2387.2,2222.08,2357.04,3592068.146,2023-12-07 23:59:59.999,8267176771.20482,3029221,1817772.741,4184430510.94754,0
2023-12-08 00:00:00.000,2357.05,2397.44,2333.36,2360.82,2691981.223,2023-12-08 23:59:59.999,6360273773.82462,2294416,1333258.700,3150659977.83971,0
2023-12-09 00:00:00.000,2360.82,2407.63,2328.0,2342.4,2422255.37,2023-12-09 23:59:59.999,5724964316.41979,2095299,1182736.659,2795972395.20926,0
2023-12-10 00:00:00.000,2342.41,2379.98,2323.0,2353.97,1509788.704,2023-12-10 23:59:59.999,3549153797.86988,1479652,745273.235,1752214150.51171,0
2023-12-11 00:00:00.000,2353.99,2356.73,2114.63,2225.56,4715186.38,2023-12-11 23:59:59.999,10505238677.09641,3845528,2233909.931,4975110875.49382,0
2023-12-12 00:00:00.000,2225.55,2245.37,2164.82,2204.7,2861907.892,2023-12-12 23:59:59.999,6320204699.44428,2561548,1425796.153,3149072308.43669,0
2023-12-13 00:00:00.000,2204.71,2285.91,2145.33,2261.44,3400818.732,2023-12-13 23:59:59.999,7496980793.23860,2839563,1692713.217,3732443600.42986,0
2023-12-14 00:00:00.000,2261.45,2333.29,2212.04,2316.54,3279042.292,2023-12-14 23:59:59.999,7482325202.55013,2851067,1625436.478,3709938803.30156,0
2023-12-15 00:00:00.000,2316.53,2319.32,2195.28,2221.71,2619585.033,2023-12-15 23:59:59.999,5917897874.70530,2342300,1262926.193,2853617419.35486,0
2023-12-16 00:00:00.000,2221.71,2264.95,2211.16,2229.64,1615397.454,2023-12-16 23:59:59.999,3624431712.39292,1639372,795129.207,1784058853.10463,0
2023-12-17 00:00:00.000,2229.63,2251.24,2190.0,2197.93,1888776.25,2023-12-17 23:59:59.999,4193330348.14639,1855200,918193.671,2038921237.42136,0
2023-12-18 00:00:00.000,2197.93,2226.52,2116.56,2220.48,3103789.978,2023-12-18 23:59:59.999,6733348048.69405,2909157,1521046.192,3301156090.86878,0
2023-12-19 00:00:00.000,2220.49,2256.64,2135.03,2179.02,2922787.525,2023-12-19 23:59:59.999,6442713698.58217,2867036,1421128.680,3132620910.66113,0
2023-12-20 00:00:00.000,2179.01,2269.56,2156.0,2203.95,3264604.314,2023-12-20 23:59:59.999,7232731576.40189,3199614,1641740.150,3638245116.28233,0
2023-12-21 00:00:00.000,2203.95,2282.41,2184.9,2241.35,3165860.981,2023-12-21 23:59:59.999,7068225568.50204,2976867,1586016.274,3541524294.60746,0
2023-12-22 00:00:00.000,2241.47,2345.95,2232.56,2326.53,4099057.645,2023-12-22 23:59:59.999,9424688260.19954,3673059,2057294.139,4730569126.95634,0
2023-12-23 00:00:00.000,2326.54,2332.75,2265.0,2309.86,1865910.468,2023-12-23 23:59:59.999,4279554665.09509,1718866,900317.381,2065048573.17343,0
2023-12-24 00:00:00.000,2309.86,2328.79,2241.2,2265.43,2062149.982,2023-12-24 23:59:59.999,4721397589.48568,1972246,995693.020,2280234720.26452,0
2023-12-25 00:00:00.000,2265.42,2308.0,2254.38,2273.07,1894335.789,2023-12-25 23:59:59.999,4319976648.99361,1906169,935091.968,2132834550.54507,0
2023-12-26 00:00:00.000,2273.08,2277.51,2178.84,2232.44,2717406.562,2023-12-26 23:59:59.999,6062439161.58762,2463779,1269071.122,2831183559.11326,0
2023-12-27 00:00:00.000,2232.45,2395.0,2213.68,2380.31,3570723.046,2023-12-27 23:59:59.999,8260845965.55004,3376417,1824750.455,4220385247.26155,0
2023-12-28 00:00:00.000,2380.32,2455.52,2336.02,2345.96,4260463.058,2023-12-28 23:59:59.999,10170568781.88293,3765791,2083640.202,4975136279.65121,0
2023-12-29 00:00:00.000,2345.98,2388.74,2254.72,2300.6,3866751.979,2023-12-29 23:59:59.999,9014828986.57667,3347246,1877331.327,4378663257.13830,0
2023-12-30 00:00:00.000,2300.61,2325.0,2269.15,2293.26,1809956.531,2023-12-30 23:59:59.999,4159237315.21914,1702313,890976.048,2047550080.98102,0
2023-12-31 00:00:00.000,2293.26,2324.78,2258.0,2283.85,1671717.997,2023-12-31 23:59:59.999,3840542439.66964,1659172,822847.507,1890697866.70563,0
2024-01-01 00:00:00.000,2283.84,2354.95,2266.67,2354.62,1658563.418,2024-01-01 23:59:59.999,3833607643.67903,1694881,844668.997,1952994085.90657,0
2024-01-02 00:00:00.000,2354.63,2434.49,2335.0,2356.93,3376173.73,2024-01-02 23:59:59.999,8044076762.32824,3261710,1663317.071,3964080369.09200,0
2024-01-03 00:00:00.000,2356.92,2387.48,2067.16,2210.39,4996919.678,2024-01-03 23:59:59.999,11247346123.69518,4672877,2361194.588,5316498482.47451,0
2024-01-04 00:00:00.000,2210.39,2295.55,2202.1,2267.85,2512800.256,2024-01-04 23:59:59.999,5657915952.55511,2713751,1251138.628,2817833669.84854,0
2024-01-05 00:00:00.000,2267.85,2278.16,2206.0,2268.93,2640741.967,2024-01-05 23:59:59.999,5923620087.33033,2917958,1306889.001,2931697194.21693,0
2024-01-06 00:00:00.000,2268.92,2270.34,2215.56,2240.36,1201310.744,2024-01-06 23:59:59.999,2691373219.47519,1575059,588826.987,1319137639.47041,0
2024-01-07 00:00:00.000,2240.36,2257.98,2201.06,2220.87,1609796.697,2024-01-07 23:59:59.999,3600489002.36785,1927429,785012.985,1756032817.61605,0
2024-01-08 00:00:00.000,2220.87,2359.63,2165.43,2331.11,3478939.516,2024-01-08 23:59:59.999,7863706854.16690,3995669,1752179.104,3962436923.55933,0
2024-01-09 00:00:00.000,2331.12,2377.36,2222.44,2344.44,4370510.933,2024-01-09 23:59:59.999,10039664919.16545,4815580,2169557.040,4984959602.11133,0
2024-01-10 00:00:00.000,2344.33,2645.65,2336.28,2585.82,7740895.596,2024-01-10 23:59:59.999,18922026567.58447,8220834,3906703.454,9551421624.39738,0
2024-01-11 00:00:00.000,2585.81,2691.9,2565.69,2618.59,5161427.019,2024-01-11 23:59:59.999,13515735771.84295,6580830,2560104.573,6705295939.41637,0
2024-01-12 00:00:00.000,2618.6,2719.89,2458.38,2523.3,6484996.966,2024-01-12 23:59:59.999,16931186211.05264,7491478,3207075.547,8378289400.00684,0
2024-01-13 00:00:00.000,2523.3,2591.29,2497.79,2578.5,2509197.587,2024-01-13 23:59:59.999,6396752318.68130,3435962,1250328.990,3187901268.72509,0
2024-01-14 00:00:00.000,2578.51,2579.13,2470.0,2474.36,2126298.888,2024-01-14 23:59:59.999,5377127058.63416,2844015,1030119.982,2605581030.25596,0
2024-01-15 00:00:00.000,2474.3,2555.0,2472.04,2512.21,1818558.839,2024-01-15 23:59:59.999,4582971876.58271,2769584,900709.545,2269735533.33003,0
2024-01-16 00:00:00.000,2512.2,2613.8,2500.0,2587.4,2456630.069,2024-01-16 23:59:59.999,6264614166.95275,3431803,1217717.221,3105496591.03239,0
2024-01-17 00:00:00.000,2587.4,2593.01,2505.76,2530.62,2299529.287,2024-01-17 23:59:59.999,5861698853.57950,3138244,1139860.101,2905501276.98739,0
2024-01-18 00:00:00.000,2530.61,2549.99,2428.22,2471.29,2928749.65,2024-01-18 23:59:59.999,7309579149.43542,3725950,1405569.978,3509064047.39776,0
2024-01-19 00:00:00.000,2471.29,2505.16,2415.55,2492.46,2594474.775,2024-01-19 23:59:59.999,6404258356.95563,3421545,1285716.188,3173951338.78877,0
2024-01-20 00:00:00.000,2492.46,2492.46,2453.79,2472.27,938896.162,2024-01-20 23:59:59.999,2321269007.36401,1280394,457646.322,1131445899.51985,0
2024-01-21 00:00:00.000,2472.26,2482.7,2451.0,2457.02,708291.369,2024-01-21 23:59:59.999,1750600706.66527,1031485,346886.488,857430588.03018,0
2024-01-22 00:00:00.000,2457.02,2466.46,2302.21,2314.33,3645112.961,2024-01-22 23:59:59.999,8673726491.18901,4445987,1735853.574,4131651730.55922,0
2024-01-23 00:00:00.000,2314.33,2351.76,2167.5,2241.67,4379161.194,2024-01-23 23:59:59.999,9796897099.56964,4729158,2123892.817,4750275811.08500,0
2024-01-24 00:00:00.000,2241.67,2264.44,2195.0,2234.62,2256073.0,2024-01-24 23:59:59.999,5029982840.98715,2865311,1115253.155,2486611241.73123,0
2024-01-25 00:00:00.000,2234.62,2242.55,2169.04,2218.02,2082826.704,2024-01-25 23:59:59.999,4606164128.97297,2790959,1045420.626,2312102672.07559,0
2024-01-26 00:00:00.000,2218.01,2281.96,2195.15,2266.72,2261609.947,2024-01-26 23:59:59.999,5072599984.48894,2890039,1139833.371,2557000261.48137,0
2024-01-27 00:00:00.000,2266.73,2283.35,2250.33,2266.99,944833.561,2024-01-27 23:59:59.999,2141771562.52407,1386577,457481.418,1037017163.31208,0
2024-01-28 00:00:00.000,2267.0,2308.0,2236.56,2256.0,1596669.122,2024-01-28 23:59:59.999,3632645831.61376,2059388,793452.980,1805730731.27378,0
2024-01-29 00:00:00.000,2256.0,2322.53,2232.0,2316.52,1959261.39,2024-01-29 23:59:59.999,4461192290.02723,2555972,988538.054,2251428131.14256,0
2024-01-30 00:00:00.000,2316.53,2392.84,2295.1,2341.95,2383935.871,2024-01-30 23:59:59.999,5568693641.04369,2836460,1185331.421,2769700488.82839,0
2024-01-31 00:00:00.000,2341.96,2351.23,2261.88,2282.0,2607909.368,2024-01-31 23:59:59.999,6035736969.81903,3194972,1252025.507,2898049726.19403,0
2024-02-01 00:00:00.000,2281.99,2311.51,2237.0,2303.33,1894237.423,2024-02-01 23:59:59.999,4317833942.98259,2337968,940435.700,2144163976.72759,0
2024-02-02 00:00:00.000,2303.32,2324.9,2280.05,2307.99,1514215.851,2024-02-02 23:59:59.999,3488673055.88872,1806684,740719.858,1706901374.01972,0
2024-02-03 00:00:00.000,2308.0,2330.45,2291.0,2295.42,938282.273,2024-02-03 23:59:59.999,2167201213.34462,1257148,458900.307,1060111233.37669,0
2024-02-04 00:00:00.000,2295.41,2311.0,2261.51,2288.66,1193801.655,2024-02-04 23:59:59.999,2738353319.06096,1419294,591695.545,1357444503.88394,0
2024-02-05 00:00:00.000,2288.66,2338.0,2267.62,2300.83,1689233.364,2024-02-05 23:59:59.999,3893676970.00040,2078381,845736.765,1949440827.30549,0
2024-02-06 00:00:00.000,2300.83,2392.0,2297.74,2371.74,2197507.85,2024-02-06 23:59:59.999,5141782514.24530,2430191,1111689.083,2601215214.31397,0
2024-02-07 00:00:00.000,2371.74,2445.0,2352.06,2424.22,2154502.953,2024-02-07 23:59:59.999,5154911271.52630,2471783,1114433.769,2667509239.44873,0
2024-02-08 00:00:00.000,2424.21,2463.28,2410.16,2418.76,1910078.832,2024-02-08 23:59:59.999,4642887417.74590,2217113,956418.231,2325010419.94426,0
2024-02-09 00:00:00.000,2418.77,2528.66,2418.26,2485.24,2908524.98,2024-02-09 23:59:59.999,7221137099.98160,3133698,1501618.269,3727946811.93077,0
2024-02-10 00:00:00.000,2485.24,2516.12,2470.04,2499.2,1320062.188,2024-02-10 23:59:59.999,3292566689.23550,1716115,653832.073,1630878042.61357,0
2024-02-11 00:00:00.000,2499.2,2539.2,2492.16,2506.1,1521963.675,2024-02-11 23:59:59.999,3827876646.36733,1929008,758995.414,1909046292.27716,0
2024-02-12 00:00:00.000,2506.11,2667.74,2470.05,2660.91,3172400.237,2024-02-12 23:59:59.999,8120720968.59546,3544051,1633357.145,4181772157.14950,0
2024-02-13 00:00:00.000,2660.91,2688.8,2585.7,2640.83,3319971.574,2024-02-13 23:59:59.999,8773950694.90412,3813884,1619317.263,4280437980.11422,0
2024-02-14 00:00:00.000,2640.88,2788.88,2619.12,2776.14,2845619.643,2024-02-14 23:59:59.999,7757923313.03780,3605673,1446039.416,3941589820.09537,0
2024-02-15 00:00:00.000,2776.14,2870.98,2758.57,2824.54,3444416.851,2024-02-15 23:59:59.999,9686287863.61306,4121791,1720609.450,4839107997.21499,0
2024-02-16 00:00:00.000,2824.53,2859.83,2732.7,2803.69,2736822.77,2024-02-16 23:59:59.999,7688936547.61237,3546446,1334258.505,3749502339.80720,0
2024-02-17 00:00:00.000,2803.7,2806.09,2718.35,2787.43,1776912.75,2024-02-17 23:59:59.999,4921403820.66918,2425610,867334.213,2402424588.03441,0
2024-02-18 00:00:00.000,2787.44,2899.0,2764.8,2883.58,2111668.519,2024-02-18 23:59:59.999,5959314932.20575,2842195,1066928.683,3012148987.69328,0
2024-02-19 00:00:00.000,2883.56,2988.22,2856.4,2946.55,2893244.938,2024-02-19 23:59:59.999,8446450558.41116,3965210,1458569.963,4258638335.09884,0
2024-02-20 00:00:00.000,2946.55,3036.83,2873.6,3017.21,4598117.415,2024-02-20 23:59:59.999,13548620086.74358,5271820,2281291.017,6724949654.32074,0
2024-02-21 00:00:00.000,3017.22,3020.0,2867.87,2969.65,4069738.764,2024-02-21 23:59:59.999,11926830767.65694,4999251,1977341.585,5794809491.71332,0
2024-02-22 00:00:00.000,2969.65,3044.0,2907.16,2972.8,4052804.255,2024-02-22 23:59:59.999,12075046482.40620,4886162,2024869.093,6034189384.13521,0
2024-02-23 00:00:00.000,2972.8,2996.0,2906.62,2923.35,2501284.482,2024-02-23 23:59:59.999,7359220940.31807,3629465,1218093.494,3584082370.79459,0
2024-02-24 00:00:00.000,2923.36,3009.29,2907.16,2994.39,1450354.218,2024-02-24 23:59:59.999,4298585233.05027,2163161,742581.241,2201590520.20801,0
2024-02-25 00:00:00.000,2994.39,3131.0,2985.23,3115.24,2955696.567,2024-02-25 23:59:59.999,9030291053.95802,3673836,1533677.301,4686944083.66674,0
2024-02-26 00:00:00.000,3115.24,3200.0,3037.25,3178.6,3828384.516,2024-02-26 23:59:59.999,11945080186.58809,4713313,1911717.272,5966420255.59207,0
2024-02-27 00:00:00.000,3178.6,3295.57,3168.29,3244.98,3406593.01,2024-02-27 23:59:59.999,11048069693.76326,4735324,1722620.436,5587133028.14167,0
2024-02-28 00:00:00.000,3244.99,3502.07,3152.94,3387.07,6595638.084,2024-02-28 23:59:59.999,22006158170.23106,7921243,3297615.896,11006246740.80201,0
2024-02-29 00:00:00.000,3387.07,3531.0,3300.39,3343.15,4741266.907,2024-02-29 23:59:59.999,16279675952.14628,7017190,2283728.285,7843834554.75515,0
2024-03-01 00:00:00.000,3343.16,3456.0,3342.18,3435.82,2297074.999,2024-03-01 23:59:59.999,7831386723.62750,3983525,1132996.200,3862930172.98764,0
2024-03-02 00:00:00.000,3435.83,3475.0,3390.0,3424.43,1386240.615,2024-03-02 23:59:59.999,4749632563.43359,2634935,669278.381,2293379845.96483,0
2024-03-03 00:00:00.000,3424.43,3496.78,3355.88,3491.77,1889236.536,2024-03-03 23:59:59.999,6486743244.58064,3318252,930495.162,3195808982.71697,0
2024-03-04 00:00:00.000,3491.78,3644.77,3420.22,3629.72,3908128.352,2024-03-04 23:59:59.999,13818014096.46304,6031545,1931821.096,6833016856.48748,0
2024-03-05 00:00:00.000,3629.72,3827.93,3205.0,3555.43,8430806.942,2024-03-05 23:59:59.999,30468306760.34760,9555880,4082002.679,14766389824.41837,0
2024-03-06 00:00:00.000,3555.43,3906.42,3501.0,3822.36,4970650.254,2024-03-06 23:59:59.999,18750612857.70527,6774634,2483076.798,9368318606.74118,0
2024-03-07 00:00:00.000,3822.35,3939.0,3736.44,3871.69,2852543.201,2024-03-07 23:59:59.999,10911337953.45516,4469723,1421816.614,5440145677.44488,0
2024-03-08 00:00:00.000,3871.69,4003.33,3826.08,3886.04,3605867.534,2024-03-08 23:59:59.999,14152008425.22743,5126791,1788755.241,7021420325.48132,0
2024-03-09 00:00:00.000,3886.04,3945.88,3871.46,3908.15,1056996.982,2024-03-09 23:59:59.999,4132818940.47502,1918674,518986.179,2029221286.24806,0
2024-03-10 00:00:00.000,3908.16,3970.84,3791.19,3881.22,1817977.804,2024-03-10 23:59:59.999,7102403722.42690,3069450,876725.436,3425764449.49334,0
2024-03-11 00:00:00.000,3881.32,4095.16,3719.0,4070.52,3797267.73,2024-03-11 23:59:59.999,15103305759.78546,5434980,1869389.388,7437209735.14596,0
2024-03-12 00:00:00.000,4070.52,4098.64,3831.95,3984.18,3641750.754,2024-03-12 23:59:59.999,14508632314.86478,5413638,1784305.729,7110342008.25455,0
2024-03-13 00:00:00.000,3984.18,4091.65,3935.0,4008.76,2445801.499,2024-03-13 23:59:59.999,9809630177.94620,4055227,1196931.390,4801111303.17637,0
2024-03-14 00:00:00.000,4008.76,4015.45,3725.03,3884.99,3822719.006,2024-03-14 23:59:59.999,14848753489.47771,5504684,1842385.705,7157548210.64813,0
2024-03-15 00:00:00.000,3884.99,3938.16,3566.0,3745.0,5393474.72,2024-03-15 23:59:59.999,20014921950.22168,7481037,2659178.114,9871786209.51283,0
2024-03-16 00:00:00.000,3745.01,3784.87,3468.84,3525.58,2737209.353,2024-03-16 23:59:59.999,9957942394.06776,4504950,1329993.422,4840536697.48032,0
2024-03-17 00:00:00.000,3525.57,3682.95,3414.72,3646.99,2757553.884,2024-03-17 23:59:59.999,9814353456.64519,4396192,1371848.358,4883233627.57110,0
2024-03-18 00:00:00.000,3646.99,3648.78,3454.72,3523.43,2802619.048,2024-03-18 23:59:59.999,9962049261.21333,4956817,1370810.127,4872365142.69938,0
2024-03-19 00:00:00.000,3523.44,3551.99,3153.0,3161.0,5894325.453,2024-03-19 23:59:59.999,19521481713.99768,8260303,2843403.624,9417596513.66962,0
2024-03-20 00:00:00.000,3160.99,3539.16,3055.0,3517.8,7145176.265,2024-03-20 23:59:59.999,23415379367.17450,8856290,3549119.587,11641040676.80881,0
2024-03-21 00:00:00.000,3517.8,3590.53,3414.06,3495.16,3449349.457,2024-03-21 23:59:59.999,12105423292.09032,5654816,1705967.223,5988368744.97908,0
2024-03-22 00:00:00.000,3495.16,3545.36,3250.1,3339.0,3850579.18,2024-03-22 23:59:59.999,13035377951.76805,5694593,1849192.957,6263193726.91232,0
2024-03-23 00:00:00.000,3338.99,3438.0,3271.38,3330.96,2065343.895,2024-03-23 23:59:59.999,6949919666.04788,3317963,1019216.790,3430871101.77939,0
2024-03-24 00:00:00.000,3330.96,3474.16,3301.46,3457.16,1864567.712,2024-03-24 23:59:59.999,6297063059.58874,3160988,951313.217,3213756000.76092,0
2024-03-25 00:00:00.000,3457.16,3665.1,3422.18,3592.94,2530891.112,2024-03-25 23:59:59.999,8954272773.21119,4491164,1277883.278,4523017076.63006,0
2024-03-26 00:00:00.000,3592.94,3684.45,3545.63,3589.64,2433410.106,2024-03-26 23:59:59.999,8786304757.96774,4213030,1223977.911,4420549973.21663,0
2024-03-27 00:00:00.000,3589.65,3671.94,3461.18,3504.99,2908597.17,2024-03-27 23:59:59.999,10352080808.70646,4600863,1428362.764,5083943019.76981,0
2024-03-28 00:00:00.000,3504.99,3615.83,3466.97,3563.99,1971184.35,2024-03-28 23:59:59.999,7017608937.73292,3444936,979852.018,3488437304.50240,0
2024-03-29 00:00:00.000,3564.0,3588.93,3475.0,3512.46,1730640.148,2024-03-29 23:59:59.999,6112211894.03871,2876273,841754.164,2973486773.99292,0
2024-03-30 00:00:00.000,3512.47,3569.97,3486.51,3508.66,1258779.458,2024-03-30 23:59:59.999,4433539602.80039,2148077,619519.703,2181909120.37586,0
2024-03-31 00:00:00.000,3508.66,3661.08,3507.39,3648.79,1535402.07,2024-03-31 23:59:59.999,5541965437.87304,2372967,797586.842,2878299574.24737,0
2024-04-01 00:00:00.000,3648.8,3649.67,3413.0,3506.52,2754500.509,2024-04-01 23:59:59.999,9690877424.55129,3885762,1309151.231,4605795640.23593,0
2024-04-02 00:00:00.000,3506.52,3508.44,3212.0,3280.76,3971713.064,2024-04-02 23:59:59.999,13191687525.92359,5398400,1864872.104,6194688078.61069,0
2024-04-03 00:00:00.000,3280.67,3370.0,3203.12,3313.29,2660184.672,2024-04-03 23:59:59.999,8811379210.63410,3862307,1291029.421,4276382571.68467,0
2024-04-04 00:00:00.000,3313.28,3446.48,3252.59,3329.65,2446555.032,2024-04-04 23:59:59.999,8169659175.37157,3555027,1219030.542,4071079079.30695,0
2024-04-05 00:00:00.000,3329.65,3352.07,3208.0,3319.66,2617392.108,2024-04-05 23:59:59.999,8604507301.44426,4078030,1274510.657,4191255519.66735,0
2024-04-06 00:00:00.000,3319.66,3402.72,3308.0,3353.15,1131719.523,2024-04-06 23:59:59.999,3784631189.15189,2056794,558365.088,1867321019.62669,0
2024-04-07 00:00:00.000,3353.16,3462.19,3345.51,3455.99,1444094.538,2024-04-07 23:59:59.999,4908725510.13586,2597159,729474.558,2480135111.02437,0
2024-04-08 00:00:00.000,3456.0,3735.31,3407.33,3697.6,2845934.629,2024-04-08 23:59:59.999,10242502690.69892,5023843,1463089.112,5264935579.31939,0
2024-04-09 00:00:00.000,3697.59,3730.0,3452.3,3508.45,3448082.837,2024-04-09 23:59:59.999,12375679718.68608,5410809,1659128.775,5955335281.23831,0
2024-04-10 00:00:00.000,3508.46,3567.18,3413.2,3547.64,2832357.377,2024-04-10 23:59:59.999,9907338189.73150,5219893,1401265.214,4903520764.81873,0
2024-04-11 00:00:00.000,3547.64,3621.74,3475.03,3504.43,2234984.241,2024-04-11 23:59:59.999,7911317508.81466,4311146,1099113.179,3891577222.95107,0
2024-04-12 00:00:00.000,3504.42,3555.0,3062.04,3238.3,3896865.831,2024-04-12 23:59:59.999,13037212264.80269,5575896,1803071.624,6037712052.60828,0
2024-04-13 00:00:00.000,3238.31,3305.42,2791.61,3005.46,5308516.817,2024-04-13 23:59:59.999,16403790658.86951,7092786,2492393.860,7713815358.70743,0
2024-04-14 00:00:00.000,3005.47,3173.32,2903.0,3153.16,3950204.757,2024-04-14 23:59:59.999,12011461408.84632,5563424,1934261.030,5884077990.57870,0
2024-04-15 00:00:00.000,3153.16,3277.74,3022.08,3100.75,3855036.931,2024-04-15 23:59:59.999,12155258304.12795,5366832,1880843.138,5932730904.92783,0
2024-04-16 00:00:00.000,3100.76,3127.41,2976.43,3082.85,3451959.497,2024-04-16 23:59:59.999,10560043076.80123,5526522,1695678.362,5188958927.27828,0
2024-04-17 00:00:00.000,3082.84,3123.12,2912.45,2983.25,3311729.707,2024-04-17 23:59:59.999,9975172417.97654,4938769,1632717.882,4918500672.32691,0
2024-04-18 00:00:00.000,2983.26,3093.59,2949.54,3062.85,2675545.62,2024-04-18 23:59:59.999,8096360542.18016,4317809,1336107.199,4043856059.88180,0
2024-04-19 00:00:00.000,3062.85,3128.52,2861.76,3054.91,4007802.786,2024-04-19 23:59:59.999,12155003896.40264,5981903,1961320.729,5951875096.79183,0
2024-04-20 00:00:00.000,3054.91,3173.83,3016.4,3154.31,1625068.703,2024-04-20 23:59:59.999,5020261592.09934,2652444,812815.833,2511570331.44671,0
2024-04-21 00:00:00.000,3154.3,3196.41,3114.15,3145.73,1575165.839,2024-04-21 23:59:59.999,4973199800.33538,2580212,773103.634,2441023665.76054,0
2024-04-22 00:00:00.000,3145.74,3235.0,3127.14,3198.66,2047440.862,2024-04-22 23:59:59.999,6532944241.83253,3349826,1020037.877,3254867560.55685,0
2024-04-23 00:00:00.000,3198.66,3266.91,3150.31,3218.04,1663106.378,2024-04-23 23:59:59.999,5330082646.21801,2881555,836134.426,2680709855.40677,0
2024-04-24 00:00:00.000,3218.03,3293.38,3102.5,3138.84,2482827.279,2024-04-24 23:59:59.999,7955315677.08124,3929282,1199335.412,3845500211.82075,0
2024-04-25 00:00:00.000,3138.84,3189.97,3070.16,3154.44,2448075.918,2024-04-25 23:59:59.999,7673893769.26812,3780175,1204218.194,3776118889.72213,0
2024-04-26 00:00:00.000,3154.44,3167.2,3100.38,3129.98,1764316.116,2024-04-26 23:59:59.999,5531739047.59648,2824667,879590.232,2758220480.88687,0
2024-04-27 00:00:00.000,3129.98,3283.54,3062.8,3253.97,2199813.487,2024-04-27 23:59:59.999,6971864379.53136,3083165,1112602.119,3528168301.16083,0
2024-04-28 00:00:00.000,3253.97,3365.69,3248.8,3262.28,1999881.264,2024-04-28 23:59:59.999,6603964510.25257,2947670,998335.709,3297528712.55697,0
2024-04-29 00:00:00.000,3262.29,3286.29,3113.02,3215.27,2960135.349,2024-04-29 23:59:59.999,9429474471.30777,4366893,1432776.560,4564374582.13521,0
2024-04-30 00:00:00.000,3215.28,3250.0,2918.33,3012.58,4278488.436,2024-04-30 23:59:59.999,13020897617.75349,5924197,2038778.336,6202878359.07569,0
2024-05-01 00:00:00.000,3012.57,3021.94,2814.44,2970.61,4277387.307,2024-05-01 23:59:59.999,12498907680.09620,5896600,2070553.972,6051145818.53226,0
2024-05-02 00:00:00.000,2970.61,3016.38,2890.0,2984.8,2293012.777,2024-05-02 23:59:59.999,6797323551.42273,3573426,1176638.906,3488409694.10040,0
2024-05-03 00:00:00.000,2984.8,3126.44,2956.86,3100.83,2355561.832,2024-05-03 23:59:59.999,7151691173.98163,3689351,1200944.642,3647370869.93909,0
2024-05-04 00:00:00.000,3100.83,3167.45,3090.75,3115.46,1371653.97,2024-05-04 23:59:59.999,4285219356.99816,2105769,690252.155,2156926277.74958,0
2024-05-05 00:00:00.000,3115.46,3171.15,3071.1,3135.24,1570278.517,2024-05-05 23:59:59.999,4910484764.99347,2308243,774256.566,2421213716.30513,0
2024-05-06 00:00:00.000,3135.24,3221.95,3043.92,3061.5,2638707.024,2024-05-06 23:59:59.999,8247182154.47072,3738000,1285416.677,4019891492.41545,0
2024-05-07 00:00:00.000,3061.5,3128.59,2996.53,3004.55,2201536.706,2024-05-07 23:59:59.999,6751855977.43258,3393105,1066799.598,3272641136.36332,0
2024-05-08 00:00:00.000,3004.55,3037.52,2930.64,2972.93,2195609.599,2024-05-08 23:59:59.999,6577135534.82550,3545690,1067452.734,3198238088.75101,0
2024-05-09 00:00:00.000,2972.94,3058.23,2949.0,3034.75,1709515.974,2024-05-09 23:59:59.999,5123060909.63459,2897214,876457.540,2627142581.08119,0
2024-05-10 00:00:00.000,3034.75,3053.52,2877.0,2908.85,2264167.435,2024-05-10 23:59:59.999,6695556185.59951,3453080,1079391.142,3192750219.47911,0
2024-05-11 00:00:00.000,2908.85,2946.6,2884.6,2911.27,1115231.905,2024-05-11 23:59:59.999,3252159193.86028,1843654,555636.698,1620594677.04918,0
2024-05-12 00:00:00.000,2911.27,2954.94,2898.97,2927.73,1003441.381,2024-05-12 23:59:59.999,2935939762.59539,1564945,504653.796,1476867775.61630,0
2024-05-13 00:00:00.000,2927.73,2996.44,2863.8,2949.71,2489504.728,2024-05-13 23:59:59.999,7308749342.26376,3739975,1247573.299,3664239229.37726,0
2024-05-14 00:00:00.000,2949.72,2959.79,2858.14,2880.87,2087007.343,2024-05-14 23:59:59.999,6062587792.47052,3182464,1008772.425,2930382295.18379,0
2024-05-15 00:00:00.000,2880.87,3039.52,2861.71,3030.66,2538941.374,2024-05-15 23:59:59.999,7490561299.98222,3682410,1291743.940,3811986418.48906,0
2024-05-16 00:00:00.000,3030.67,3039.95,2920.93,2943.22,2031554.936,2024-05-16 23:59:59.999,6049550675.84311,2914768,988124.268,2943163333.62479,0
2024-05-17 00:00:00.000,2943.22,3119.0,2931.36,3090.48,2573872.238,2024-05-17 23:59:59.999,7838262652.43210,3386966,1322641.099,4027227222.45315,0
2024-05-18 00:00:00.000,3090.47,3146.36,3081.59,3121.59,1335509.587,2024-05-18 23:59:59.999,4156984937.14991,2176066,658942.185,2051457612.99166,0
2024-05-19 00:00:00.000,3121.6,3135.58,3051.3,3069.98,1348685.716,2024-05-19 23:59:59.999,4166087445.67779,2281506,649518.045,2006765491.08395,0
2024-05-20 00:00:00.000,3069.98,3698.86,3045.06,3664.39,5394372.967,2024-05-20 23:59:59.999,18048021771.67237,7043385,2802915.942,9379594498.75876,0
2024-05-21 00:00:00.000,3664.39,3849.26,3628.0,3792.32,5629142.3,2024-05-21 23:59:59.999,21078487769.90360,7464955,2808283.548,10516194241.59272,0
2024-05-22 00:00:00.000,3792.33,3816.84,3655.0,3740.25,3626843.371,2024-05-22 23:59:59.999,13562779469.13950,5376346,1781756.427,6663860888.36510,0
2024-05-23 00:00:00.000,3740.25,3952.89,3524.55,3784.8,7635174.311,2024-05-23 23:59:59.999,29016060909.33690,10012746,3775955.533,14357672778.77449,0
2024-05-24 00:00:00.000,3784.79,3832.0,3627.0,3729.61,3215814.229,2024-05-24 23:59:59.999,11955995521.85735,4953006,1596475.851,5934904406.42245,0
2024-05-25 00:00:00.000,3729.61,3782.82,3710.14,3751.15,1147234.262,2024-05-25 23:59:59.999,4299287507.21736,2105740,577017.199,2162608809.82915,0
2024-05-26 00:00:00.000,3751.16,3887.26,3732.06,3827.53,1903387.53,2024-05-26 23:59:59.999,7268692628.89094,3077314,967536.950,3695319315.22210,0
2024-05-27 00:00:00.000,3827.54,3980.0,3824.7,3896.09,2765129.283,2024-05-27 23:59:59.999,10831101104.67690,4047338,1406302.893,5509171360.41635,0
2024-05-28 00:00:00.000,3896.09,3934.42,3775.42,3847.0,2743469.005,2024-05-28 23:59:59.999,10587010856.16523,4131171,1320711.680,5098775734.56719,0
2024-05-29 00:00:00.000,3847.01,3891.79,3746.41,3770.0,2322064.217,2024-05-29 23:59:59.999,8840201337.98247,3697682,1132198.881,4310818597.66084,0
2024-05-30 00:00:00.000,3770.01,3828.74,3704.7,3750.39,2337573.407,2024-05-30 23:59:59.999,8797090035.41715,3681296,1154732.765,4346373766.41512,0
2024-05-31 00:00:00.000,3750.38,3859.53,3725.16,3764.35,2245502.251,2024-05-31 23:59:59.999,8482436640.91421,3559476,1119934.939,4230765534.45397,0
2024-06-01 00:00:00.000,3764.35,3837.2,3754.36,3817.49,990970.998,2024-06-01 23:59:59.999,3762256419.14500,1713419,512007.072,1943999050.79715,0
2024-06-02 00:00:00.000,3817.49,3841.7,3753.8,3783.98,1399997.604,2024-06-02 23:59:59.999,5315063128.49873,2239103,693850.462,2634354624.45735,0
2024-06-03 00:00:00.000,3783.98,3854.0,3760.0,3769.15,1916780.125,2024-06-03 23:59:59.999,7289605441.43148,3009290,941751.145,3582084956.02903,0
2024-06-04 00:00:00.000,3769.14,3835.11,3720.0,3813.12,1757510.322,2024-06-04 23:59:59.999,6653247408.53949,2842601,871391.871,3299567659.17706,0
2024-06-05 00:00:00.000,3813.11,3892.06,3778.91,3868.61,1939160.262,2024-06-05 23:59:59.999,7418252620.82999,3006680,980924.582,3753144955.64928,0
2024-06-06 00:00:00.000,3868.6,3881.99,3760.0,3815.76,1550761.493,2024-06-06 23:59:59.999,5943223056.90340,2511651,736342.557,2822913004.46003,0
2024-06-07 00:00:00.000,3815.77,3844.32,3555.02,3679.82,2617598.785,2024-06-07 23:59:59.999,9796443077.05075,3691632,1215070.304,4551942193.23492,0
2024-06-08 00:00:00.000,3679.82,3711.28,3659.0,3682.11,793561.955,2024-06-08 23:59:59.999,2926036726.64497,1458805,386433.172,1424926502.72171,0
2024-06-09 00:00:00.000,3682.12,3724.73,3666.71,3707.67,715200.186,2024-06-09 23:59:59.999,2642214956.13551,1254370,364384.915,1346307751.15646,0
2024-06-10 00:00:00.000,3707.67,3715.49,3642.6,3669.66,1149036.664,2024-06-10 23:59:59.999,4227296437.78585,1802146,572898.274,2107870923.90956,0
2024-06-11 00:00:00.000,3669.65,3675.0,3427.09,3498.16,3162055.189,2024-06-11 23:59:59.999,11172484428.62634,4252218,1482214.962,5237497335.02200,0
2024-06-12 00:00:00.000,3498.17,3657.77,3462.09,3560.45,2861506.382,2024-06-12 23:59:59.999,10226727654.51707,3530223,1422978.039,5084832973.19999,0
2024-06-13 00:00:00.000,3560.44,3562.33,3426.01,3469.18,2257441.373,2024-06-13 23:59:59.999,7883026434.45223,3052011,1092733.326,3816380105.11294,0
2024-06-14 00:00:00.000,3469.18,3533.82,3361.05,3480.51,2523034.384,2024-06-14 23:59:59.999,8724522321.55577,3294259,1246182.223,4311025266.76449,0
2024-06-15 00:00:00.000,3480.5,3594.99,3472.34,3567.87,1576530.079,2024-06-15 23:59:59.999,5582814974.94714,2027536,800635.054,2835959176.30979,0
2024-06-16 00:00:00.000,3567.88,3653.73,3540.0,3622.96,1335659.257,2024-06-16 23:59:59.999,4792346124.67986,1829019,677199.022,2430270925.72044,0
2024-06-17 00:00:00.000,3622.96,3637.47,3464.0,3509.56,2934501.925,2024-06-17 23:59:59.999,10383899880.01183,3692294,1440740.992,5098795168.57783,0
2024-06-18 00:00:00.000,3509.56,3515.87,3341.85,3482.34,3312942.268,2024-06-18 23:59:59.999,11343168334.36804,4533103,1598710.063,5475607173.67633,0
2024-06-19 00:00:00.000,3482.33,3587.63,3463.91,3558.85,2344216.428,2024-06-19 23:59:59.999,8299632826.19350,3184104,1190686.068,4216065261.46845,0
2024-06-20 00:00:00.000,3558.84,3625.0,3483.63,3511.26,2504170.932,2024-06-20 23:59:59.999,8897629754.84559,3501862,1238031.732,4400210046.08425,0
2024-06-21 00:00:00.000,3511.27,3546.66,3443.8,3517.18,2504862.799,2024-06-21 23:59:59.999,8759168104.96023,3403949,1217382.352,4258098600.17461,0
2024-06-22 00:00:00.000,3517.18,3520.0,3472.57,3494.26,844082.802,2024-06-22 23:59:59.999,2950982843.35630,1249230,410224.022,1434255973.88213,0
2024-06-23 00:00:00.000,3494.25,3519.7,3397.87,3419.38,1408148.716,2024-06-23 23:59:59.999,4887692168.50265,1681099,657795.694,2284151724.64746,0
2024-06-24 00:00:00.000,3419.38,3434.75,3213.0,3352.0,4181333.575,2024-06-24 23:59:59.999,13901750459.19383,5015476,1999937.781,6651263700.42530,0
2024-06-25 00:00:00.000,3351.99,3431.27,3335.58,3393.06,1973459.793,2024-06-25 23:59:59.999,6678808477.45230,2753268,996863.260,3374307280.70847,0
2024-06-26 00:00:00.000,3393.07,3425.0,3325.54,3370.76,1794812.97,2024-06-26 23:59:59.999,6063286037.31370,2606789,896856.908,3029906763.55334,0
2024-06-27 00:00:00.000,3370.78,3476.6,3360.22,3450.34,1724674.688,2024-06-27 23:59:59.999,5901459500.76735,2329723,866906.982,2966540217.18654,0
2024-06-28 00:00:00.000,3450.34,3487.98,3362.0,3379.51,2082751.457,2024-06-28 23:59:59.999,7138480475.03431,2745383,1007314.321,3453111202.06849,0
2024-06-29 00:00:00.000,3379.5,3407.0,3369.07,3377.62,735883.787,2024-06-29 23:59:59.999,2493797462.54180,1194686,363692.103,1232518250.46531,0
2024-06-30 00:00:00.000,3377.63,3459.77,3348.5,3436.73,1174744.367,2024-06-30 23:59:59.999,3992984415.09220,1630699,597791.185,2032315211.63122,0
2024-07-01 00:00:00.000,3436.72,3524.16,3420.0,3440.46,1724896.32,2024-07-01 23:59:59.999,5995532614.39528,2268545,863006.437,3000071117.79851,0
2024-07-02 00:00:00.000,3440.47,3463.84,3399.22,3420.43,1214393.314,2024-07-02 23:59:59.999,4168787637.14763,1653542,598215.013,2053994483.33986,0
2024-07-03 00:00:00.000,3420.43,3431.36,3250.1,3294.75,2520352.735,2024-07-03 23:59:59.999,8373143758.36071,2979704,1178834.167,3915665271.63823,0
2024-07-04 00:00:00.000,3294.75,3312.59,3049.39,3059.31,3862044.922,2024-07-04 23:59:59.999,12216177700.63474,4536999,1845451.655,5838337261.74437,0
2024-07-05 00:00:00.000,3059.3,3108.28,2800.0,2980.43,5753070.194,2024-07-05 23:59:59.999,16931336844.73351,6619794,2745725.183,8082869905.51578,0
2024-07-06 00:00:00.000,2980.37,3080.0,2953.45,3065.5,1595818.824,2024-07-06 23:59:59.999,4806659739.67779,2278598,827056.240,2491713223.92660,0
2024-07-07 00:00:00.000,3065.49,3072.0,2922.0,2930.24,1800470.608,2024-07-07 23:59:59.999,5390321656.78700,2489493,879593.213,2633375371.12909,0
2024-07-08 00:00:00.000,2930.23,3098.0,2821.26,3017.51,4593820.144,2024-07-08 23:59:59.999,13619919410.75795,5819027,2263602.673,6714713716.15402,0
2024-07-09 00:00:00.000,3017.51,3115.8,3002.56,3065.06,2220259.045,2024-07-09 23:59:59.999,6802252912.17147,3391751,1107944.184,3394990338.81330,0
2024-07-10 00:00:00.000,3065.05,3150.0,3022.57,3099.12,2157373.274,2024-07-10 23:59:59.999,6683224627.71187,3176233,1095966.819,3395597845.45764,0
2024-07-11 00:00:00.000,3099.12,3216.6,3052.75,3098.25,2601339.395,2024-07-11 23:59:59.999,8152402004.42387,3600706,1307473.275,4099614706.74557,0
2024-07-12 00:00:00.000,3098.24,3156.6,3044.51,3133.24,1932672.308,2024-07-12 23:59:59.999,5984893351.43529,2961105,953615.559,2953715611.62769,0
2024-07-13 00:00:00.000,3133.24,3200.72,3112.12,3174.01,1049485.437,2024-07-13 23:59:59.999,3309598689.12394,1693477,530449.761,1672762352.10716,0
2024-07-14 00:00:00.000,3174.0,3268.66,3162.06,3243.56,1366714.817,2024-07-14 23:59:59.999,4379641147.06541,2055927,694270.539,2225310717.98379,0
2024-07-15 00:00:00.000,3243.52,3493.94,3231.03,3481.62,2723612.97,2024-07-15 23:59:59.999,9168654594.26661,3974958,1413455.861,4759014356.49876,0
2024-07-16 00:00:00.000,3481.62,3497.74,3345.0,3442.83,2845763.916,2024-07-16 23:59:59.999,9753609626.26469,4061901,1400015.787,4799501715.18949,0
2024-07-17 00:00:00.000,3442.84,3517.14,3374.53,3386.0,2271175.016,2024-07-17 23:59:59.999,7844661419.98232,3237912,1123891.810,3882675286.01509,0
2024-07-18 00:00:00.000,3386.01,3487.99,3364.62,3424.99,1913161.231,2024-07-18 23:59:59.999,6551974018.48734,2731223,944022.723,3233110257.06810,0
2024-07-19 00:00:00.000,3424.99,3539.38,3375.25,3502.18,2389303.433,2024-07-19 23:59:59.999,8238609685.59137,3178663,1199695.337,4137730841.44349,0
2024-07-20 00:00:00.000,3502.18,3538.38,3478.01,3516.03,1048158.992,2024-07-20 23:59:59.999,3670139851.53731,1558795,523893.206,1834532617.65168,0
2024-07-21 00:00:00.000,3516.03,3547.84,3408.13,3534.29,1758109.934,2024-07-21 23:59:59.999,6134383804.64903,2543058,866286.165,3023588474.70076,0
2024-07-22 00:00:00.000,3534.3,3562.33,3421.0,3438.08,1946040.386,2024-07-22 23:59:59.999,6769829515.27811,2872471,924675.807,3217480097.84942,0
2024-07-23 00:00:00.000,3438.09,3540.94,3384.61,3481.01,3985761.867,2024-07-23 23:59:59.999,13828978662.12502,5226373,1983682.765,6883828450.35069,0
2024-07-24 00:00:00.000,3481.01,3486.73,3285.69,3334.24,2296300.341,2024-07-24 23:59:59.999,7821933918.61205,3181878,1090418.270,3716095917.32670,0
2024-07-25 00:00:00.000,3334.23,3342.02,3085.57,3173.67,4204282.853,2024-07-25 23:59:59.999,13341514822.71402,5209059,2025470.194,6425950593.26435,0
2024-07-26 00:00:00.000,3173.67,3284.93,3169.14,3272.82,2257393.787,2024-07-26 23:59:59.999,7320892193.08020,2915335,1134692.410,3679901499.24730,0
2024-07-27 00:00:00.000,3272.81,3326.9,3188.89,3248.17,2181510.66,2024-07-27 23:59:59.999,7122454624.01377,2761294,1054924.118,3444874885.88237,0
2024-07-28 00:00:00.000,3248.16,3284.57,3195.84,3268.03,1114442.469,2024-07-28 23:59:59.999,3619629949.88500,1570115,553972.831,1799410904.08880,0
2024-07-29 00:00:00.000,3268.03,3396.07,3256.56,3316.87,2897273.325,2024-07-29 23:59:59.999,9642865305.32722,3645510,1448141.100,4820081979.34955,0
2024-07-30 00:00:00.000,3316.86,3365.0,3230.1,3278.17,2000830.475,2024-07-30 23:59:59.999,6618568157.75030,2867603,964073.973,3190146742.55348,0
2024-07-31 00:00:00.000,3278.17,3348.74,3212.32,3231.48,2173585.083,2024-07-31 23:59:59.999,7150139867.64550,3182046,1067718.335,3513298837.35317,0
2024-08-01 00:00:00.000,3231.49,3241.83,3078.4,3201.67,2840086.848,2024-08-01 23:59:59.999,8965170896.12680,4034154,1380300.354,4356642639.08682,0
2024-08-02 00:00:00.000,3201.66,3217.06,2965.27,2988.11,3409297.384,2024-08-02 23:59:59.999,10491247461.21990,4548541,1621377.708,4991340464.84899,0
2024-08-03 00:00:00.000,2988.1,3016.61,2855.0,2901.94,2621892.579,2024-08-03 23:59:59.999,7708121561.66818,3601279,1248008.633,3669871587.98689,0
2024-08-04 00:00:00.000,2901.95,2934.66,2613.3,2687.6,3709293.795,2024-08-04 23:59:59.999,10337564316.12464,4334371,1745526.288,4868353923.68421,0
2024-08-05 00:00:00.000,2687.6,2695.93,2112.0,2418.6,13557724.097,2024-08-05 23:59:59.999,31796290079.35264,14541848,6562189.135,15387889552.71915,0
2024-08-06 00:00:00.000,2418.6,2558.24,2412.35,2459.87,4356686.925,2024-08-06 23:59:59.999,10853835843.08941,6249436,2188075.764,5451877184.46254,0
2024-08-07 00:00:00.000,2459.86,2549.85,2307.0,2341.41,4906789.045,2024-08-07 23:59:59.999,11948141533.76121,6140976,2425336.198,5908403982.37131,0
2024-08-08 00:00:00.000,2341.4,2723.77,2318.64,2681.59,4820970.35,2024-08-08 23:59:59.999,12083805705.50479,5984866,2490429.713,6247556699.78970,0
2024-08-09 00:00:00.000,2681.59,2708.8,2551.23,2597.9,3151681.154,2024-08-09 23:59:59.999,8282477599.45511,4634696,1557582.043,4094020420.06920,0
2024-08-10 00:00:00.000,2597.89,2644.43,2574.54,2608.76,1311479.404,2024-08-10 23:59:59.999,3425329027.84520,2176236,659571.157,1722921753.27068,0
2024-08-11 00:00:00.000,2608.77,2720.78,2537.76,2554.65,2629489.23,2024-08-11 23:59:59.999,6903526348.81363,3711479,1293433.061,3396187353.52038,0
2024-08-12 00:00:00.000,2554.66,2749.97,2506.13,2721.15,4126997.22,2024-08-12 23:59:59.999,10880965017.29926,5678213,2066388.903,5450953692.77640,0
2024-08-13 00:00:00.000,2721.15,2737.38,2610.04,2701.01,3016449.602,2024-08-13 23:59:59.999,8069318726.17169,4277979,1463942.691,3916811496.53101,0
2024-08-14 00:00:00.000,2701.01,2788.88,2631.0,2659.82,3096528.693,2024-08-14 23:59:59.999,8350455924.61193,4268636,1539084.484,4152131428.59770,0
2024-08-15 00:00:00.000,2659.82,2674.17,2513.65,2568.73,3219267.74,2024-08-15 23:59:59.999,8394943427.72548,4395653,1558233.282,4064093807.97042,0
2024-08-16 00:00:00.000,2568.73,2630.73,2549.15,2591.52,2666495.856,2024-08-16 23:59:59.999,6920011178.09664,3532045,1330009.967,3452180554.93673,0
2024-08-17 00:00:00.000,2591.53,2628.0,2585.81,2613.18,820608.568,2024-08-17 23:59:59.999,2137408112.92346,1287056,415970.481,1083684914.57520,0
2024-08-18 00:00:00.000,2613.18,2688.25,2593.0,2610.67,1615775.889,2024-08-18 23:59:59.999,4267133650.03774,2004401,809008.005,2136908459.77330,0
2024-08-19 00:00:00.000,2610.67,2647.29,2560.9,2635.15,2122248.285,2024-08-19 23:59:59.999,5523868083.81981,2786090,1064720.330,2772015605.40278,0
2024-08-20 00:00:00.000,2635.16,2694.96,2552.5,2571.51,2504509.413,2024-08-20 23:59:59.999,6566812933.60973,3120372,1238820.281,3248597650.00739,0
2024-08-21 00:00:00.000,2571.51,2663.55,2533.51,2629.38,2414391.575,2024-08-21 23:59:59.999,6277878525.37053,3176025,1178623.074,3065820083.52276,0
2024-08-22 00:00:00.000,2629.37,2644.0,2582.27,2622.0,1631635.639,2024-08-22 23:59:59.999,4269132808.98035,2282787,808553.017,2115701959.89217,0
2024-08-23 00:00:00.000,2622.0,2798.88,2619.86,2761.58,3288873.603,2024-08-23 23:59:59.999,8851748788.18980,3726302,1681673.422,4527645060.38112,0
2024-08-24 00:00:00.000,2761.58,2819.35,2729.15,2766.4,2124349.317,2024-08-24 23:59:59.999,5889986272.50161,2442380,1043222.690,2893254975.15796,0
2024-08-25 00:00:00.000,2766.4,2791.66,2731.63,2744.47,1228055.898,2024-08-25 23:59:59.999,3389709159.62444,1753910,613644.600,1694288811.56545,0
2024-08-26 00:00:00.000,2744.48,2760.97,2665.0,2679.25,1907712.073,2024-08-26 23:59:59.999,5184051187.20895,2553448,915016.083,2487377251.83939,0
2024-08-27 00:00:00.000,2679.26,2699.11,2388.0,2455.98,3836573.429,2024-08-27 23:59:59.999,9846501388.57358,4097936,1789097.400,4597768265.06356,0
2024-08-28 00:00:00.000,2455.98,2554.19,2416.56,2527.31,3674708.436,2024-08-28 23:59:59.999,9159321788.05102,4369848,1827085.219,4554679262.93537,0
2024-08-29 00:00:00.000,2527.32,2594.0,2504.11,2526.28,2156748.728,2024-08-29 23:59:59.999,5495665085.87916,2978686,1071415.057,2731070479.70818,0
2024-08-30 00:00:00.000,2526.28,2552.32,2431.0,2524.99,2705396.131,2024-08-30 23:59:59.999,6752794214.88911,3350073,1356369.455,3385768019.74133,0
2024-08-31 00:00:00.000,2524.99,2533.29,2490.62,2511.91,785832.801,2024-08-31 23:59:59.999,1976386313.99828,1248851,397981.405,1000992767.92170,0
2024-09-01 00:00:00.000,2511.91,2514.97,2397.23,2424.55,2295800.358,2024-09-01 23:59:59.999,5659435689.68286,2855543,1108499.181,2732738084.96637,0
2024-09-02 00:00:00.000,2424.55,2564.49,2421.8,2536.74,2289999.119,2024-09-02 23:59:59.999,5708121980.45667,2837354,1181635.729,2945741446.13685,0
2024-09-03 00:00:00.000,2536.76,2552.55,2405.14,2424.05,2052035.733,2024-09-03 23:59:59.999,5085212466.24925,2614090,1000153.640,2478456524.97064,0
2024-09-04 00:00:00.000,2424.05,2489.34,2304.87,2449.67,3391129.709,2024-09-04 23:59:59.999,8140965676.04585,3931605,1677759.784,4030837807.87353,0
2024-09-05 00:00:00.000,2449.67,2465.23,2346.05,2367.37,2611081.826,2024-09-05 23:59:59.999,6245550694.43367,3107916,1261969.432,3018996438.19869,0
2024-09-06 00:00:00.000,2367.33,2409.34,2150.0,2223.7,5476018.438,2024-09-06 23:59:59.999,12547525242.00458,5360447,2594469.019,5951733241.16893,0
2024-09-07 00:00:00.000,2223.7,2310.0,2220.76,2272.21,1832770.243,2024-09-07 23:59:59.999,4165135636.96698,2210828,908635.249,2065076225.44763,0
2024-09-08 00:00:00.000,2272.21,2333.98,2238.88,2295.89,1933824.754,2024-09-08 23:59:59.999,4415720059.77657,2156598,973068.219,2222217326.39417,0
2024-09-09 00:00:00.000,2295.9,2382.51,2271.22,2358.19,2933575.518,2024-09-09 23:59:59.999,6805916507.20762,3320754,1482404.917,3440306921.76620,0
2024-09-10 00:00:00.000,2358.19,2399.99,2319.09,2387.63,2148101.375,2024-09-10 23:59:59.999,5054995341.92923,2565583,1068571.246,2515123913.45632,0
2024-09-11 00:00:00.000,2387.63,2388.39,2275.8,2339.22,3136148.113,2024-09-11 23:59:59.999,7306678946.31927,3409399,1529071.821,3563775627.45300,0
2024-09-12 00:00:00.000,2339.18,2392.0,2313.16,2360.79,2141666.211,2024-09-12 23:59:59.999,5033942160.06787,2545405,1066702.747,2507509313.74966,0
2024-09-13 00:00:00.000,2360.79,2463.77,2336.2,2438.15,2314979.037,2024-09-13 23:59:59.999,5530067659.02683,2668001,1208391.772,2887469170.17797,0
2024-09-14 00:00:00.000,2438.16,2439.61,2373.82,2416.65,1075037.045,2024-09-14 23:59:59.999,2596020589.32818,1367830,500734.531,1209109278.68291,0
2024-09-15 00:00:00.000,2416.65,2429.44,2282.0,2314.85,1664319.311,2024-09-15 23:59:59.999,3940360052.61832,1854980,775695.527,1838188878.30536,0
2024-09-16 00:00:00.000,2314.85,2334.9,2251.06,2294.61,2822059.425,2024-09-16 23:59:59.999,6460692525.60421,3278768,1401475.588,3208620449.81585,0
2024-09-17 00:00:00.000,2294.61,2392.62,2262.0,2340.59,2616421.538,2024-09-17 23:59:59.999,6111066521.55576,2954820,1314011.466,3069825062.72255,0
2024-09-18 00:00:00.000,2340.59,2376.0,2275.25,2373.93,2861908.683,2024-09-18 23:59:59.999,6635180765.57796,3408011,1421120.067,3295733475.77364,0
2024-09-19 00:00:00.000,2373.93,2494.68,2371.37,2464.56,2948555.003,2024-09-19 23:59:59.999,7171076241.07582,3370281,1497203.330,3641275078.06140,0
2024-09-20 00:00:00.000,2464.55,2572.18,2436.11,2560.29,3062258.119,2024-09-20 23:59:59.999,7753088412.44312,3534413,1551048.187,3927065203.78410,0
2024-09-21 00:00:00.000,2560.3,2623.85,2527.69,2611.4,1505216.371,2024-09-21 23:59:59.999,3860209268.60618,1968769,765766.675,1964591017.98574,0
2024-09-22 00:00:00.000,2611.4,2633.3,2522.57,2579.94,1969445.194,2024-09-22 23:59:59.999,5079507048.41662,2567848,973369.702,2510953564.04593,0
2024-09-23 00:00:00.000,2579.95,2702.0,2538.24,2645.84,3118835.195,2024-09-23 23:59:59.999,8258863620.46054,3944673,1572817.958,4165165302.30153,0
2024-09-24 00:00:00.000,2645.84,2669.94,2590.1,2652.0,2718085.708,2024-09-24 23:59:59.999,7157361925.27724,3286318,1337213.087,3521501448.58989,0
2024-09-25 00:00:00.000,2652.0,2673.06,2552.44,2578.9,2133334.523,2024-09-25 23:59:59.999,5567024562.92928,2797933,1030281.087,2689554386.55888,0
2024-09-26 00:00:00.000,2578.9,2666.17,2557.5,2631.11,2641065.13,2024-09-26 23:59:59.999,6929873789.00273,3328794,1321868.043,3468568465.59914,0
2024-09-27 00:00:00.000,2631.16,2727.66,2614.22,2693.53,2373825.623,2024-09-27 23:59:59.999,6342180731.27170,3189100,1199024.707,3203856813.31170,0
2024-09-28 00:00:00.000,2693.52,2703.3,2648.32,2673.9,1392948.05,2024-09-28 23:59:59.999,3723908596.00055,1839875,677326.925,1810841424.32055,0
2024-09-29 00:00:00.000,2673.91,2683.0,2632.8,2656.3,1390536.4,2024-09-29 23:59:59.999,3694249941.64657,1986101,677042.803,1799071998.37582,0
2024-09-30 00:00:00.000,2656.3,2662.81,2572.82,2601.49,2859601.743,2024-09-30 23:59:59.999,7479243412.38602,3737190,1386603.621,3627038278.35980,0
2024-10-01 00:00:00.000,2601.49,2658.63,2412.4,2446.85,4639427.429,2024-10-01 23:59:59.999,11757705807.87982,5506567,2223094.240,5637027782.04710,0
2024-10-02 00:00:00.000,2446.85,2498.0,2350.0,2363.0,3570103.344,2024-10-02 23:59:59.999,8682380285.25884,4876678,1762306.137,4287791720.54734,0
2024-10-03 00:00:00.000,2363.0,2402.29,2308.09,2348.74,3190067.071,2024-10-03 23:59:59.999,7492256044.28834,4606050,1582561.453,3716899655.06006,0
2024-10-04 00:00:00.000,2348.74,2440.0,2338.27,2413.38,2533506.834,2024-10-04 23:59:59.999,6057108558.06383,3367064,1276058.588,3050968050.70008,0
2024-10-05 00:00:00.000,2413.38,2427.94,2388.66,2413.42,1103480.476,2024-10-05 23:59:59.999,2659364171.76931,1634536,531347.467,1280610283.15056,0
2024-10-06 00:00:00.000,2413.42,2457.11,2405.76,2438.77,1219434.738,2024-10-06 23:59:59.999,2965206689.83741,1662789,616942.510,1500513800.77798,0
2024-10-07 00:00:00.000,2438.76,2520.25,2401.08,2421.75,3345508.612,2024-10-07 23:59:59.999,8255869954.96215,3859018,1666039.130,4112579562.93845,0
2024-10-08 00:00:00.000,2421.75,2466.63,2400.01,2439.84,2262736.283,2024-10-08 23:59:59.999,5503261413.71323,3114112,1139055.760,2770824075.20939,0
2024-10-09 00:00:00.000,2439.84,2472.9,2350.0,2369.6,2689510.593,2024-10-09 23:59:59.999,6518443895.41703,3351701,1286371.019,3119005644.17756,0
2024-10-10 00:00:00.000,2369.6,2421.5,2329.44,2385.24,2863209.676,2024-10-10 23:59:59.999,6818678392.31371,3597279,1398871.814,3332026528.56307,0
2024-10-11 00:00:00.000,2385.24,2470.0,2380.81,2438.46,2339315.627,2024-10-11 23:59:59.999,5679642394.45142,2711747,1200225.385,2914875010.63419,0
2024-10-12 00:00:00.000,2438.45,2489.95,2433.2,2475.09,1118480.77,2024-10-12 23:59:59.999,2752321410.11463,1599784,572385.739,1408694565.52210,0
2024-10-13 00:00:00.000,2475.08,2484.0,2435.0,2467.79,1294682.574,2024-10-13 23:59:59.999,3182005834.60698,1710016,628913.242,1545838846.41015,0
2024-10-14 00:00:00.000,2467.79,2653.44,2442.0,2628.88,3677192.62,2024-10-14 23:59:59.999,9413848750.38399,4126739,1941736.246,4970136301.48087,0
2024-10-15 00:00:00.000,2628.87,2688.76,2536.64,2606.53,3913137.317,2024-10-15 23:59:59.999,10179198376.76577,4603082,1895316.575,4932265835.07717,0
2024-10-16 00:00:00.000,2606.54,2647.51,2588.01,2610.39,2129585.886,2024-10-16 23:59:59.999,5575803606.56706,3335242,1075259.626,2816083406.04165,0
2024-10-17 00:00:00.000,2610.39,2647.9,2573.73,2605.01,2064665.138,2024-10-17 23:59:59.999,5391409323.33926,3126924,1015541.123,2652422054.07469,0
2024-10-18 00:00:00.000,2605.01,2675.12,2595.61,2641.11,2309322.096,2024-10-18 23:59:59.999,6087636750.23593,3332476,1166893.882,3076289416.43800,0
2024-10-19 00:00:00.000,2641.11,2662.66,2630.05,2647.45,811419.456,2024-10-19 23:59:59.999,2145117994.00858,1394122,388171.835,1026251049.19583,0
2024-10-20 00:00:00.000,2647.46,2759.62,2634.53,2746.98,1886789.344,2024-10-20 23:59:59.999,5086837478.28040,2561549,972928.602,2623284767.82980,0
2024-10-21 00:00:00.000,2746.98,2770.0,2655.52,2666.63,2440964.283,2024-10-21 23:59:59.999,6594015920.81760,3398089,1145823.576,3095647136.81916,0
2024-10-22 00:00:00.000,2666.62,2671.59,2606.0,2621.78,2231512.621,2024-10-22 23:59:59.999,5872949301.92433,3216850,1058950.981,2787039361.33469,0
2024-10-23 00:00:00.000,2621.79,2629.51,2443.01,2523.84,3189122.481,2024-10-23 23:59:59.999,8115624142.39563,4009452,1520306.621,3870037417.51346,0
2024-10-24 00:00:00.000,2523.85,2561.83,2506.27,2535.39,2024878.304,2024-10-24 23:59:59.999,5131500444.50411,3077106,1012955.907,2567477463.68968,0
2024-10-25 00:00:00.000,2535.39,2565.94,2380.63,2440.1,4024452.801,2024-10-25 23:59:59.999,10029812560.47148,4904111,1927355.099,4805880042.88846,0
2024-10-26 00:00:00.000,2440.1,2507.1,2429.34,2482.04,1570141.847,2024-10-26 23:59:59.999,3869014206.47847,2441155,789431.121,1945757193.89331,0
2024-10-27 00:00:00.000,2482.04,2527.25,2462.86,2507.22,1121169.212,2024-10-27 23:59:59.999,2791987376.97791,1824285,572225.679,1424929948.04159,0
2024-10-28 00:00:00.000,2507.21,2590.78,2470.41,2566.49,2899028.949,2024-10-28 23:59:59.999,7309310195.27607,3762851,1494189.493,3768684034.75069,0
2024-10-29 00:00:00.000,2566.48,2681.83,2560.3,2639.28,3011425.28,2024-10-29 23:59:59.999,7913517420.71605,4189559,1493408.088,3924332428.64527,0
2024-10-30 00:00:00.000,2639.28,2724.65,2599.9,2659.36,3503151.793,2024-10-30 23:59:59.999,9357672371.96901,4461263,1710311.850,4569927873.94407,0
2024-10-31 00:00:00.000,2659.35,2669.74,2502.5,2518.37,3205202.83,2024-10-31 23:59:59.999,8277842338.14581,4047308,1459374.126,3768659241.34926,0
2024-11-01 00:00:00.000,2518.37,2587.86,2467.3,2511.57,3451022.637,2024-11-01 23:59:59.999,8699141498.66404,4542784,1685871.146,4250695855.49705,0
2024-11-02 00:00:00.000,2511.57,2523.8,2467.1,2493.61,1213734.335,2024-11-02 23:59:59.999,3026712910.29806,1863044,569964.447,1421633376.48026,0
2024-11-03 00:00:00.000,2493.61,2496.21,2410.35,2457.29,2927779.094,2024-11-03 23:59:59.999,7163438364.52393,3691178,1458611.352,3569395175.29100,0
2024-11-04 00:00:00.000,2457.3,2491.0,2356.0,2397.37,2683418.991,2024-11-04 23:59:59.999,6531967836.16009,3886493,1321401.210,3218019482.77525,0
2024-11-05 00:00:00.000,2397.36,2479.6,2379.48,2421.42,2557859.231,2024-11-05 23:59:59.999,6231806758.76281,3760382,1294224.266,3153791562.91328,0
2024-11-06 00:00:00.000,2421.41,2746.02,2419.2,2722.49,6240942.27,2024-11-06 23:59:59.999,16272107312.50839,8360576,3203973.532,8355953157.99743,0
2024-11-07 00:00:00.000,2722.5,2916.56,2700.31,2895.76,5207698.306,2024-11-07 23:59:59.999,14756353987.53820,7200619,2573722.710,7294142221.69339,0
2024-11-08 00:00:00.000,2895.76,2982.75,2886.47,2962.12,3870167.008,2024-11-08 23:59:59.999,11332152551.52056,5787373,1923427.482,5633403581.36234,0
2024-11-09 00:00:00.000,2962.12,3158.66,2954.1,3127.03,3673317.244,2024-11-09 23:59:59.999,11173770610.26657,4998817,1829587.064,5568059228.63056,0
2024-11-10 00:00:00.000,3127.02,3252.28,3073.86,3185.19,5615528.884,2024-11-10 23:59:59.999,17861396070.51850,8319460,2731425.298,8690072177.09007,0
2024-11-11 00:00:00.000,3185.19,3392.06,3107.15,3375.02,6247550.0,2024-11-11 23:59:59.999,20262260007.34664,9405458,3090488.191,10026582648.42951,0
2024-11-12 00:00:00.000,3375.02,3449.0,3211.15,3245.98,6898960.493,2024-11-12 23:59:59.999,22813786244.09084,10356407,3364197.551,11130563501.01949,0
2024-11-13 00:00:00.000,3245.99,3335.0,3120.0,3188.9,5945632.887,2024-11-13 23:59:59.999,19122914369.90351,9306759,2849988.549,9168395150.13100,0
2024-11-14 00:00:00.000,3188.9,3242.31,3031.6,3061.03,4177386.799,2024-11-14 23:59:59.999,13169676243.66554,7152344,2006885.014,6330866943.53010,0
2024-11-15 00:00:00.000,3061.04,3133.68,3016.11,3091.75,3517544.364,2024-11-15 23:59:59.999,10790970529.49053,6167452,1731672.241,5313681896.51725,0
2024-11-16 00:00:00.000,3091.75,3222.69,3073.47,3134.72,2517322.736,2024-11-16 23:59:59.999,7933164452.94315,4435334,1214685.160,3827847188.49747,0
2024-11-17 00:00:00.000,3134.71,3164.8,3035.0,3078.09,3003350.309,2024-11-17 23:59:59.999,9311038693.96001,5162148,1430589.371,4436199564.86740,0
2024-11-18 00:00:00.000,3078.09,3228.0,3051.5,3210.48,4140524.369,2024-11-18 23:59:59.999,12964128792.03221,6611517,2060471.827,6455666075.86111,0
2024-11-19 00:00:00.000,3210.48,3224.83,3066.4,3109.34,3063837.655,2024-11-19 23:59:59.999,9570014970.63267,5223717,1428609.456,4461903184.33466,0
2024-11-20 00:00:00.000,3109.33,3162.25,3030.5,3071.05,3143204.946,2024-11-20 23:59:59.999,9732361141.30283,5403260,1507055.746,4667171846.00580,0
2024-11-21 00:00:00.000,3071.05,3389.99,3033.32,3358.42,5993751.26,2024-11-21 23:59:59.999,19501154177.75849,8809931,2983670.438,9700569839.46020,0
2024-11-22 00:00:00.000,3358.69,3429.99,3260.42,3330.05,3830379.399,2024-11-22 23:59:59.999,12761376613.46164,6619821,1807528.384,6023849791.06925,0
2024-11-23 00:00:00.000,3330.04,3498.94,3315.28,3396.33,4091652.282,2024-11-23 23:59:59.999,13914670591.29124,6400769,2006412.144,6823533100.17052,0
2024-11-24 00:00:00.000,3396.32,3453.0,3282.48,3362.98,3119510.218,2024-11-24 23:59:59.999,10467984857.78793,5305993,1481962.213,4973694848.56590,0
2024-11-25 00:00:00.000,3362.98,3549.91,3301.96,3416.92,6242839.345,2024-11-25 23:59:59.999,21540192689.67565,9119034,3070906.834,10598242196.68160,0
2024-11-26 00:00:00.000,3416.91,3464.95,3254.19,3327.17,4595675.477,2024-11-26 23:59:59.999,15396679931.86683,7787759,2151305.381,7208756745.13305,0
2024-11-27 00:00:00.000,3327.17,3688.0,3305.0,3655.88,4755415.766,2024-11-27 23:59:59.999,16658357985.87472,7249761,2381028.116,8343090194.49157,0
2024-11-28 00:00:00.000,3655.89,3664.31,3531.0,3581.58,3330702.226,2024-11-28 23:59:59.999,11972541460.78653,5370271,1566563.758,5633304565.93890,0
2024-11-29 00:00:00.000,3581.58,3649.28,3535.52,3594.5,2545976.992,2024-11-29 23:59:59.999,9140926324.62408,4178179,1251816.736,4495556928.06223,0
2024-11-30 00:00:00.000,3594.51,3742.18,3570.2,3705.73,2866770.739,2024-11-30 23:59:59.999,10530300461.19052,4705886,1419727.267,5215781645.98697,0
2024-12-01 00:00:00.000,3705.74,3750.67,3661.35,3711.24,2458452.706,2024-12-01 23:59:59.999,9116765142.49187,3980508,1186657.125,4401538796.69160,0
2024-12-02 00:00:00.000,3711.22,3766.0,3557.61,3646.26,4609268.921,2024-12-02 23:59:59.999,16810699964.70914,6989919,2184297.816,7967375336.51378,0
2024-12-03 00:00:00.000,3646.26,3673.9,3502.01,3616.82,3627143.717,2024-12-03 23:59:59.999,13040702466.41318,5579847,1674343.979,6022055423.76573,0
2024-12-04 00:00:00.000,3616.83,3891.0,3616.82,3840.75,5709329.425,2024-12-04 23:59:59.999,21470452009.98491,7540393,2816521.335,10595039911.10767,0
2024-12-05 00:00:00.000,3840.74,3960.0,3615.0,3787.31,6207399.404,2024-12-05 23:59:59.999,23960322079.33845,8358595,2979944.474,11512840370.27009,0
2024-12-06 00:00:00.000,3787.3,4092.83,3780.0,4001.75,4645126.843,2024-12-06 23:59:59.999,18350269886.27917,6808802,2323700.449,9181713824.96801,0
2024-12-07 00:00:00.000,4001.75,4028.69,3970.0,3999.79,1549576.994,2024-12-07 23:59:59.999,6195507333.44881,2841145,766277.364,3064085198.66848,0
2024-12-08 00:00:00.000,3999.8,4019.57,3926.0,4007.3,1787672.127,2024-12-08 23:59:59.999,7113810256.06474,2913808,842113.355,3352203336.28407,0
2024-12-09 00:00:00.000,4007.31,4010.67,3475.0,3712.55,6542091.049,2024-12-09 23:59:59.999,24835140845.08763,8692697,2994802.042,11378904345.47438,0
2024-12-10 00:00:00.000,3712.55,3781.29,3512.71,3628.4,5674583.192,2024-12-10 23:59:59.999,20720315245.43261,9072630,2725358.243,9955856324.72222,0
2024-12-11 00:00:00.000,3628.41,3846.95,3562.65,3830.44,3007758.489,2024-12-11 23:59:59.999,11214285319.67592,4897003,1525449.955,5689438995.53688,0
2024-12-12 00:00:00.000,3830.44,3986.94,3795.25,3880.52,3937234.533,2024-12-12 23:59:59.999,15409323839.82955,5818628,1985618.845,7772735668.18599,0
2024-12-13 00:00:00.000,3880.52,3967.96,3851.8,3905.6,2515017.007,2024-12-13 23:59:59.999,9833909791.77788,4331617,1238063.504,4841140658.59578,0
2024-12-14 00:00:00.000,3905.59,3944.99,3822.37,3868.6,1893829.596,2024-12-14 23:59:59.999,7351171432.14136,3160535,887295.765,3444822500.05477,0
2024-12-15 00:00:00.000,3868.6,3973.67,3829.0,3958.5,1930757.605,2024-12-15 23:59:59.999,7507505193.11604,3277273,982466.086,3820794393.93937,0
2024-12-16 00:00:00.000,3958.5,4109.99,3882.22,3984.76,4190982.527,2024-12-16 23:59:59.999,16710873556.97649,6216546,2097774.433,8368050220.29274,0
2024-12-17 00:00:00.000,3984.76,4039.99,3844.59,3890.81,3370320.436,2024-12-17 23:59:59.999,13360231433.72831,5614565,1579633.915,6264690646.85175,0
2024-12-18 00:00:00.000,3890.81,3908.0,3615.01,3625.4,4440453.127,2024-12-18 23:59:59.999,16816522852.99123,6976069,2102593.920,7969858744.15421,0
2024-12-19 00:00:00.000,3625.41,3718.47,3322.2,3416.7,7030380.882,2024-12-19 23:59:59.999,24823675205.22244,9527951,3295348.923,11642415982.92708,0
2024-12-20 00:00:00.000,3416.69,3496.54,3100.0,3470.88,7970055.665,2024-12-20 23:59:59.999,26389990584.74834,11426850,3875255.841,12842561186.34769,0
2024-12-21 00:00:00.000,3470.88,3553.76,3291.03,3337.6,3404611.235,2024-12-21 23:59:59.999,11644433705.20112,5947133,1679796.876,5746713370.16594,0
2024-12-22 00:00:00.000,3337.61,3402.08,3219.59,3280.8,2966199.056,2024-12-22 23:59:59.999,9842978680.88034,5584169,1429940.748,4745768813.80000,0
2024-12-23 00:00:00.000,3280.81,3465.75,3214.81,3420.74,3962458.373,2024-12-23 23:59:59.999,13190179748.46324,7238929,2004140.486,6671966355.79839,0
2024-12-24 00:00:00.000,3420.75,3539.4,3356.01,3491.97,2605267.471,2024-12-24 23:59:59.999,8973870641.82960,4818980,1287705.747,4435913698.97661,0
2024-12-25 00:00:00.000,3491.98,3547.01,3439.0,3495.72,1695270.242,2024-12-25 23:59:59.999,5907497938.82275,3650750,827736.190,2885165009.17183,0
2024-12-26 00:00:00.000,3495.73,3514.32,3302.73,3333.15,2522058.848,2024-12-26 23:59:59.999,8516052603.49187,4781849,1225262.667,4137077319.50676,0
2024-12-27 00:00:00.000,3333.15,3444.0,3306.0,3332.09,2851118.849,2024-12-27 23:59:59.999,9587300667.28414,5136868,1439850.134,4843313533.87734,0
2024-12-28 00:00:00.000,3332.1,3427.5,3320.92,3402.54,1144976.458,2024-12-28 23:59:59.999,3854924407.36522,2652570,594905.416,2003655549.75450,0
2024-12-29 00:00:00.000,3402.53,3413.0,3324.63,3355.46,1333521.072,2024-12-29 23:59:59.999,4496507392.42402,2762491,643136.681,2168689967.64379,0
2024-12-30 00:00:00.000,3355.46,3436.86,3302.2,3360.11,2953842.227,2024-12-30 23:59:59.999,9963737593.70885,5234356,1445604.483,4877640853.60689,0
2024-12-31 00:00:00.000,3360.1,3452.0,3313.96,3336.57,2093246.431,2024-12-31 23:59:59.999,7069312807.88444,4080566,1054991.234,3563546380.60546,0
2025-01-01 00:00:00.000,3336.58,3374.14,3312.62,3359.36,1271279.84,2025-01-01 23:59:59.999,4251757543.55900,2495858,615148.142,2057993538.03690,0
2025-01-02 00:00:00.000,3359.35,3511.14,3353.5,3454.83,2410080.281,2025-01-02 23:59:59.999,8305215215.90076,4191874,1223609.847,4217548581.68521,0
2025-01-03 00:00:00.000,3454.83,3630.0,3421.56,3607.89,2490827.774,2025-01-03 23:59:59.999,8794485642.80913,3824612,1318441.788,4657456694.24025,0
2025-01-04 00:00:00.000,3607.9,3670.0,3570.66,3655.99,1729182.603,2025-01-04 23:59:59.999,6258393811.64672,2814665,868428.672,3144074180.06389,0
2025-01-05 00:00:00.000,3655.98,3674.71,3592.14,3634.96,1270073.705,2025-01-05 23:59:59.999,4607192518.94134,2339287,607379.963,2203646776.53285,0
2025-01-06 00:00:00.000,3634.96,3744.28,3609.0,3685.72,2686061.958,2025-01-06 23:59:59.999,9863288922.11345,4321666,1345080.084,4939987354.75113,0
2025-01-07 00:00:00.000,3685.72,3700.31,3353.59,3379.38,4062657.507,2025-01-07 23:59:59.999,14252747060.47262,5634409,1875588.638,6577669616.83248,0
2025-01-08 00:00:00.000,3379.37,3413.55,3206.54,3325.38,3959258.697,2025-01-08 23:59:59.999,13155227894.48453,6453587,1890117.638,6282510869.87341,0
2025-01-09 00:00:00.000,3325.38,3355.85,3156.0,3218.24,3639862.647,2025-01-09 23:59:59.999,11896491217.83481,5760409,1763218.385,5767158353.11324,0
2025-01-10 00:00:00.000,3218.24,3323.0,3193.43,3265.52,2960794.58,2025-01-10 23:59:59.999,9661186776.60014,5058295,1487105.834,4852470031.16315,0
2025-01-11 00:00:00.000,3265.51,3319.3,3217.36,3281.84,1182807.831,2025-01-11 23:59:59.999,3857529545.80479,2383604,577956.481,1885336408.84794,0
2025-01-12 00:00:00.000,3281.85,3299.0,3222.4,3265.7,1348856.48,2025-01-12 23:59:59.999,4400527896.12045,2318386,664990.782,2170020593.28220,0
2025-01-13 00:00:00.000,3265.7,3338.32,2900.0,3136.14,6106720.33,2025-01-13 23:59:59.999,18939529755.40154,8221072,2855217.437,8864393496.03090,0
2025-01-14 00:00:00.000,3136.13,3255.84,3123.47,3223.99,2714405.364,2025-01-14 23:59:59.999,8679677888.80398,4303464,1367286.965,4372399325.80699,0
2025-01-15 00:00:00.000,3223.99,3472.93,3185.09,3449.8,3291912.768,2025-01-15 23:59:59.999,10893084885.66243,5031400,1704547.096,5645583974.27235,0
2025-01-16 00:00:00.000,3449.81,3458.99,3263.06,3306.94,3258757.747,2025-01-16 23:59:59.999,10868089745.35856,4977573,1571692.587,5239868285.96674,0
2025-01-17 00:00:00.000,3306.93,3524.85,3306.41,3472.38,3028696.472,2025-01-17 23:59:59.999,10352213034.17833,4763847,1531930.996,5236338396.61238,0
2025-01-18 00:00:00.000,3472.38,3492.95,3225.65,3306.7,4090676.503,2025-01-18 23:59:59.999,13548917336.79446,6150871,1959708.400,6489711095.85026,0
2025-01-19 00:00:00.000,3306.71,3449.77,3129.63,3214.15,6927128.105,2025-01-19 23:59:59.999,22763925109.29559,10057528,3348002.079,11005852998.54553,0
2025-01-20 00:00:00.000,3214.16,3455.76,3141.25,3283.2,6609534.854,2025-01-20 23:59:59.999,21889087510.73756,11066288,3235175.540,10715924107.79865,0
2025-01-21 00:00:00.000,3283.21,3367.95,3203.5,3326.72,3033556.395,2025-01-21 23:59:59.999,9966801739.68548,6525708,1498452.750,4924309859.38527,0
2025-01-22 00:00:00.000,3326.71,3365.97,3220.82,3242.0,2024070.863,2025-01-22 23:59:59.999,6660317063.70819,3776171,974351.864,3207248239.88301,0
2025-01-23 00:00:00.000,3241.99,3347.7,3177.0,3337.88,3535707.19,2025-01-23 23:59:59.999,11472361370.01663,5699609,1749326.834,5679197459.73212,0
2025-01-24 00:00:00.000,3337.87,3429.99,3273.94,3308.62,2912997.928,2025-01-24 23:59:59.999,9802499198.84368,4855648,1424511.271,4795228278.33115,0
2025-01-25 00:00:00.000,3308.61,3349.8,3266.53,3317.91,1413725.645,2025-01-25 23:59:59.999,4677740699.24074,2547080,698542.343,2311676498.99401,0
2025-01-26 00:00:00.000,3317.91,3363.0,3226.57,3230.5,1594638.892,2025-01-26 23:59:59.999,5270139297.22366,2489479,776163.359,2566538229.83282,0
2025-01-27 00:00:00.000,3230.5,3253.19,3020.17,3180.99,4938995.28,2025-01-27 23:59:59.999,15403932237.78285,7896616,2362912.376,7368829155.19222,0
2025-01-28 00:00:00.000,3181.0,3221.98,3038.0,3075.96,2591573.539,2025-01-28 23:59:59.999,8171948114.91113,4409549,1251140.678,3946635488.79512,0
2025-01-29 00:00:00.000,3075.96,3180.93,3052.88,3112.55,2863466.609,2025-01-29 23:59:59.999,8927573088.10282,4611145,1400448.250,4366475580.69164,0
2025-01-30 00:00:00.000,3112.54,3282.6,3089.0,3245.86,2475377.574,2025-01-30 23:59:59.999,7974693345.67408,3862855,1252205.419,4033195457.87294,0
2025-01-31 00:00:00.000,3245.86,3436.39,3212.31,3299.5,4130284.914,2025-01-31 23:59:59.999,13725006593.75213,5905329,2115511.843,7030998267.40278,0
2025-02-01 00:00:00.000,3299.5,3330.82,3100.67,3116.22,2633608.712,2025-02-01 23:59:59.999,8499351382.94312,4302085,1265837.293,4085863701.69285,0
2025-02-02 00:00:00.000,3116.23,3161.86,2736.01,2868.05,6388796.102,2025-02-02 23:59:59.999,19055247283.49321,8534522,2941141.576,8781009335.79179,0
2025-02-03 00:00:00.000,2868.06,2919.34,2080.19,2878.69,13603740.638,2025-02-03 23:59:59.999,35522362935.68567,16305538,6480558.167,16957130073.75955,0
2025-02-04 00:00:00.000,2878.68,2888.8,2630.5,2730.03,6593771.039,2025-02-04 23:59:59.999,18187127049.63802,9436433,3208926.614,8852676455.99420,0
2025-02-05 00:00:00.000,2730.06,2827.98,2697.95,2787.0,4064890.548,2025-02-05 23:59:59.999,11224931437.28863,6582885,2053260.147,5670962827.82402,0
2025-02-06 00:00:00.000,2787.0,2857.43,2650.0,2685.25,3677522.354,2025-02-06 23:59:59.999,10141418543.39581,6165527,1797248.004,4957003634.15325,0
2025-02-07 00:00:00.000,2685.26,2796.12,2560.68,2620.66,4069680.275,2025-02-07 23:59:59.999,10974565824.99491,6107627,2006273.161,5410387201.05769,0
2025-02-08 00:00:00.000,2620.66,2667.15,2587.05,2630.99,1942560.926,2025-02-08 23:59:59.999,5096919779.54318,3573156,943994.894,2477172310.96196,0
2025-02-09 00:00:00.000,2630.99,2698.0,2518.12,2626.07,2482123.177,2025-02-09 23:59:59.999,6517077908.61138,3829711,1219193.699,3203900311.08530,0
2025-02-10 00:00:00.000,2626.07,2692.99,2556.91,2659.99,2710643.453,2025-02-10 23:59:59.999,7161385120.35718,4370981,1335475.116,3529731962.63747,0
2025-02-11 00:00:00.000,2659.99,2724.49,2552.88,2601.03,3346333.954,2025-02-11 23:59:59.999,8891252694.05344,4862893,1662445.621,4418382186.87985,0
2025-02-12 00:00:00.000,2601.03,2794.99,2542.21,2737.14,4299721.893,2025-02-12 23:59:59.999,11338821415.09216,6108125,2193959.374,5788551473.30255,0
2025-02-13 00:00:00.000,2737.14,2756.51,2610.72,2674.52,2864504.217,2025-02-13 23:59:59.999,7647282889.61602,4600272,1387546.987,3705339004.19032,0
2025-02-14 00:00:00.000,2674.52,2791.0,2662.97,2724.74,2712685.991,2025-02-14 23:59:59.999,7376575654.51473,4104315,1382689.231,3760120810.32407,0
2025-02-15 00:00:00.000,2724.75,2738.0,2655.31,2691.73,1286579.513,2025-02-15 23:59:59.999,3475638111.76326,2309993,628974.632,1699817842.48218,0
2025-02-16 00:00:00.000,2691.74,2726.27,2643.75,2660.0,1494743.59,2025-02-16 23:59:59.999,4018205916.31638,2409156,731168.303,1965905960.60474,0
2025-02-17 00:00:00.000,2660.01,2848.76,2632.81,2743.0,4114492.169,2025-02-17 23:59:59.999,11283662723.02560,5943057,2093785.363,5744425640.17338,0
2025-02-18 00:00:00.000,2742.99,2755.85,2604.18,2670.57,3579587.482,2025-02-18 23:59:59.999,9562328030.28426,5644317,1759618.233,4701564881.49133,0
2025-02-19 00:00:00.000,2670.56,2736.12,2654.82,2714.06,2404564.481,2025-02-19 23:59:59.999,6500235666.03633,4005103,1196407.487,3234746946.44008,0
2025-02-20 00:00:00.000,2714.06,2770.5,2705.64,2736.87,2363654.302,2025-02-20 23:59:59.999,6466026934.31328,3607017,1192450.920,3262646528.97892,0
2025-02-21 00:00:00.000,2736.86,2845.0,2614.76,2660.85,6002308.013,2025-02-21 23:59:59.999,16395699595.42658,7401548,2944404.496,8046233496.85266,0
2025-02-22 00:00:00.000,2660.86,2797.21,2651.24,2762.01,2505671.695,2025-02-22 23:59:59.999,6842920190.09954,3824433,1297031.945,3542804619.45823,0
2025-02-23 00:00:00.000,2762.0,2860.9,2743.62,2818.54,3105005.707,2025-02-23 23:59:59.999,8691240349.61590,4242168,1610505.460,4509467434.50232,0
2025-02-24 00:00:00.000,2818.54,2839.0,2466.34,2512.27,5891164.461,2025-02-24 23:59:59.999,15678064597.92875,7508388,2759086.430,7348645941.89709,0
2025-02-25 00:00:00.000,2512.26,2532.89,2287.13,2494.45,8206583.668,2025-02-25 23:59:59.999,19928703161.05617,10118302,4039684.105,9813460885.71888,0
2025-02-26 00:00:00.000,2494.46,2506.45,2252.78,2335.33,6596169.478,2025-02-26 23:59:59.999,15709746317.00698,8080597,3219718.088,7670198249.31079,0
2025-02-27 00:00:00.000,2335.34,2381.44,2229.0,2306.66,4574087.764,2025-02-27 23:59:59.999,10613578529.53697,6859702,2277133.232,5285145831.57178,0
2025-02-28 00:00:00.000,2306.65,2313.24,2070.0,2236.59,9311975.744,2025-02-28 23:59:59.999,20155770931.98017,10228954,4566915.710,9883952776.08994,0
2025-03-01 00:00:00.000,2236.59,2279.75,2141.17,2216.6,3472964.049,2025-03-01 23:59:59.999,7675941044.45444,4872005,1725523.669,3814755673.50512,0
2025-03-02 00:00:00.000,2216.59,2550.0,2170.09,2517.12,8185197.482,2025-03-02 23:59:59.999,19298748978.32240,8624437,4108249.203,9687283352.92682,0
2025-03-03 00:00:00.000,2517.12,2522.84,2094.76,2148.22,7766111.123,2025-03-03 23:59:59.999,17763555710.17462,8934040,3763800.996,8606364051.71794,0
2025-03-04 00:00:00.000,2148.21,2221.77,1979.99,2170.51,9151176.202,2025-03-04 23:59:59.999,19172619410.64978,9740234,4534616.164,9507240471.15028,0
2025-03-05 00:00:00.000,2170.51,2272.94,2153.7,2240.45,4626954.982,2025-03-05 23:59:59.999,10203548846.28264,6335846,2300712.625,5073653174.16326,0
2025-03-06 00:00:00.000,2240.44,2318.99,2175.5,2201.34,4574430.922,2025-03-06 23:59:59.999,10285345864.60901,5917170,2268856.353,5102298017.30968,0
2025-03-07 00:00:00.000,2201.33,2259.34,2100.75,2140.72,6125675.539,2025-03-07 23:59:59.999,13304167980.79210,7032283,3031836.483,6588141512.91993,0
2025-03-08 00:00:00.000,2140.72,2234.4,2103.07,2202.84,2667066.135,2025-03-08 23:59:59.999,5789724228.38603,3621608,1331884.254,2892015204.88430,0
2025-03-09 00:00:00.000,2202.83,2211.27,1986.8,2019.2,4793159.949,2025-03-09 23:59:59.999,9975230599.77414,5344226,2286344.772,4758086023.15528,0
2025-03-10 00:00:00.000,2019.34,2152.99,1807.75,1864.51,9275180.166,2025-03-10 23:59:59.999,18408884029.18970,9087174,4554027.084,9046308083.40610,0
2025-03-11 00:00:00.000,1864.52,1969.77,1752.5,1922.61,9136006.396,2025-03-11 23:59:59.999,17227796967.52857,8722650,4541586.247,8567530625.19416,0
2025-03-12 00:00:00.000,1922.6,1955.9,1828.87,1907.24,7503776.831,2025-03-12 23:59:59.999,14203682998.01653,7532109,3709394.235,7021561199.93638,0
2025-03-13 00:00:00.000,1907.23,1922.0,1820.2,1863.76,5305883.8,2025-03-13 23:59:59.999,9948069773.52003,5675270,2659467.581,4987627615.03157,0
2025-03-14 00:00:00.000,1863.75,1945.62,1860.41,1910.79,3494472.929,2025-03-14 23:59:59.999,6671244395.27386,3927410,1725907.310,3295484945.22168,0
2025-03-15 00:00:00.000,1910.78,1957.68,1902.47,1936.27,1877714.35,2025-03-15 23:59:59.999,3622201820.57880,2231484,949440.396,1831582722.21787,0
2025-03-16 00:00:00.000,1936.26,1940.0,1857.08,1885.97,3167735.396,2025-03-16 23:59:59.999,6011743941.36257,3402409,1537218.924,2916803790.34754,0
2025-03-17 00:00:00.000,1885.96,1951.76,1878.66,1925.37,3207773.053,2025-03-17 23:59:59.999,6139548873.01509,3575683,1650005.174,3158172705.42109,0
2025-03-18 00:00:00.000,1925.36,1935.44,1871.14,1930.64,3234486.937,2025-03-18 23:59:59.999,6137726089.38187,3516338,1625529.117,3085193059.25748,0
2025-03-19 00:00:00.000,1930.63,2069.69,1927.12,2055.21,6384300.0,2025-03-19 23:59:59.999,12803727155.08538,5746415,3279088.449,6575933924.60700,0
2025-03-20 00:00:00.000,2055.22,2067.15,1951.15,1982.72,4033783.537,2025-03-20 23:59:59.999,8041021162.65686,4117538,2005691.385,3997778024.12804,0
2025-03-21 00:00:00.000,1982.72,1995.8,1932.0,1964.81,2832280.447,2025-03-21 23:59:59.999,5564742710.62003,3135671,1388499.854,2728567940.85995,0
2025-03-22 00:00:00.000,1964.81,2006.0,1963.41,1979.56,1718916.027,2025-03-22 23:59:59.999,3416534601.99354,1935358,870115.902,1729647223.44446,0
2025-03-23 00:00:00.000,1979.55,2020.0,1975.51,2005.0,2158448.476,2025-03-23 23:59:59.999,4319576854.24840,2265905,1089547.181,2180638428.59431,0
2025-03-24 00:00:00.000,2005.0,2104.24,1976.46,2080.41,4667944.526,2025-03-24 23:59:59.999,9631402684.10723,4085104,2361909.778,4872371586.17381,0
2025-03-25 00:00:00.000,2080.4,2097.21,2036.0,2065.22,3242153.268,2025-03-25 23:59:59.999,6691890455.39850,3220265,1606037.620,3315296041.44611,0
2025-03-26 00:00:00.000,2065.22,2077.7,1980.41,2008.69,3880044.941,2025-03-26 23:59:59.999,7879878138.20578,3492271,1880653.480,3820157628.20809,0
2025-03-27 00:00:00.000,2008.69,2036.88,1985.71,2002.8,3264548.453,2025-03-27 23:59:59.999,6574214809.55443,3096611,1646447.967,3316246309.16078,0
2025-03-28 00:00:00.000,2002.8,2015.09,1854.2,1896.02,5692204.684,2025-03-28 23:59:59.999,10883235596.21066,4743653,2736513.654,5229513002.15931,0
2025-03-29 00:00:00.000,1896.03,1912.94,1796.13,1827.32,4384848.185,2025-03-29 23:59:59.999,8107139348.98921,3790968,2091504.104,3866911734.29700,0
2025-03-30 00:00:00.000,1827.31,1848.08,1766.04,1806.99,3858562.08,2025-03-30 23:59:59.999,7004957696.26900,3138363,1919041.186,3484942942.24433,0
2025-03-31 00:00:00.000,1806.99,1853.34,1775.92,1821.59,5212530.713,2025-03-31 23:59:59.999,9460349315.84653,4334263,2687062.021,4877787184.99967,0
2025-04-01 00:00:00.000,1821.59,1927.79,1816.64,1904.21,4671744.603,2025-04-01 23:59:59.999,8777533006.34936,3992479,2413022.953,4533951055.47618,0
2025-04-02 00:00:00.000,1904.21,1957.97,1780.52,1794.1,7079855.203,2025-04-02 23:59:59.999,13280295671.59771,5670908,3533944.554,6633016737.75419,0
2025-04-03 00:00:00.000,1794.11,1844.97,1747.47,1816.48,5186368.349,2025-04-03 23:59:59.999,9300377779.38570,4700592,2589510.410,4645603386.97213,0
2025-04-04 00:00:00.000,1816.48,1834.7,1757.52,1815.97,6221114.502,2025-04-04 23:59:59.999,11189347191.90998,5349009,3061559.411,5508024739.30190,0
2025-04-05 00:00:00.000,1815.97,1826.63,1761.18,1805.15,2358927.115,2025-04-05 23:59:59.999,4240858358.66691,1981013,1163732.038,2092524177.92560,0
2025-04-06 00:00:00.000,1805.14,1816.38,1535.27,1579.98,9388042.765,2025-04-06 23:59:59.999,15611375780.35225,6387942,4506752.280,7488356740.89301,0
2025-04-07 00:00:00.000,1579.98,1638.47,1410.0,1552.44,17632071.352,2025-04-07 23:59:59.999,26972327209.18665,11894988,8763427.953,13412695415.90747,0
2025-04-08 00:00:00.000,1552.44,1618.0,1441.62,1472.67,9197866.83,2025-04-08 23:59:59.999,14045598156.57310,7003932,4532803.809,6922053921.32389,0
2025-04-09 00:00:00.000,1472.68,1688.0,1384.0,1668.69,16116570.623,2025-04-09 23:59:59.999,24474452374.02393,10373055,8159600.808,12401021687.99441,0
2025-04-10 00:00:00.000,1668.7,1669.19,1470.84,1521.57,9945193.041,2025-04-10 23:59:59.999,15502627233.05013,7258777,4897976.943,7634066370.94482,0
2025-04-11 00:00:00.000,1521.56,1590.88,1503.63,1565.96,6468082.686,2025-04-11 23:59:59.999,10065984172.36663,5366345,3294719.542,5129458418.20909,0
2025-04-12 00:00:00.000,1565.97,1669.85,1545.06,1643.6,5604513.987,2025-04-12 23:59:59.999,9064527082.06725,4250664,2864503.819,4633303143.64378,0
2025-04-13 00:00:00.000,1643.6,1649.2,1559.4,1596.92,6495362.492,2025-04-13 23:59:59.999,10425865231.32820,5218372,3270743.433,5251065840.92114,0
2025-04-14 00:00:00.000,1596.93,1691.57,1594.73,1623.02,6972175.93,2025-04-14 23:59:59.999,11461353410.02934,5742331,3456941.304,5683356146.31344,0
2025-04-15 00:00:00.000,1623.02,1660.68,1582.14,1588.0,5330097.578,2025-04-15 23:59:59.999,8655053492.30134,4227971,2615528.224,4247985442.41171,0
2025-04-16 00:00:00.000,1588.0,1614.95,1537.56,1576.58,7222095.782,2025-04-16 23:59:59.999,11399051627.39225,5261614,3650034.701,5762565109.16009,0
2025-04-17 00:00:00.000,1576.57,1616.81,1562.26,1582.84,4942514.542,2025-04-17 23:59:59.999,7867233863.14387,3714504,2446749.936,3895371312.00331,0
2025-04-18 00:00:00.000,1582.84,1600.0,1572.65,1587.91,2400463.737,2025-04-18 23:59:59.999,3807791936.43141,1906813,1199145.973,1902371619.14464,0
2025-04-19 00:00:00.000,1587.91,1632.29,1584.01,1612.44,2503971.109,2025-04-19 23:59:59.999,4018736527.91098,2012580,1290665.877,2071361038.24393,0
2025-04-20 00:00:00.000,1612.45,1618.46,1564.69,1586.56,3100920.987,2025-04-20 23:59:59.999,4922880313.28205,2243513,1500737.892,2382793817.71072,0
2025-04-21 00:00:00.000,1586.57,1658.0,1560.62,1578.64,7470078.354,2025-04-21 23:59:59.999,12051145787.21652,4794348,3746753.045,6049832854.19654,0
2025-04-22 00:00:00.000,1578.63,1779.02,1535.0,1755.57,10307669.455,2025-04-22 23:59:59.999,17105891545.17911,6832643,5326485.655,8848686848.18484,0
2025-04-23 00:00:00.000,1755.58,1838.0,1744.3,1794.46,8309523.12,2025-04-23 23:59:59.999,14884457486.24906,6412708,4136421.326,7410640115.04715,0
2025-04-24 00:00:00.000,1794.45,1802.27,1721.22,1768.8,5247333.371,2025-04-24 23:59:59.999,9233374360.04720,4179010,2575922.944,4533164906.50310,0
2025-04-25 00:00:00.000,1768.79,1826.91,1737.4,1783.77,5989110.176,2025-04-25 23:59:59.999,10683768505.19271,4602956,2962400.681,5285395337.56243,0
2025-04-26 00:00:00.000,1783.76,1841.49,1777.31,1820.0,3965587.849,2025-04-26 23:59:59.999,7150557099.82798,3192958,1938494.458,3496189262.45883,0
2025-04-27 00:00:00.000,1819.99,1857.0,1780.25,1790.21,3619555.606,2025-04-27 23:59:59.999,6545876836.53077,3088596,1773263.314,3207811902.15749,0
2025-04-28 00:00:00.000,1790.22,1826.71,1742.15,1799.22,6352728.687,2025-04-28 23:59:59.999,11349439257.29635,4714470,3161654.680,5650896900.95027,0
2025-04-29 00:00:00.000,1799.21,1842.82,1779.36,1796.57,5315318.445,2025-04-29 23:59:59.999,9636124239.94526,4148644,2663449.842,4829126754.52726,0
2025-04-30 00:00:00.000,1796.57,1816.0,1730.6,1792.71,5626543.488,2025-04-30 23:59:59.999,10019083575.07204,4037432,2787529.470,4964551984.84229,0
2025-05-01 00:00:00.000,1792.71,1872.71,1791.55,1837.19,5360708.038,2025-05-01 23:59:59.999,9845482567.69241,3726576,2723048.841,5001039618.03466,0
2025-05-02 00:00:00.000,1837.18,1871.06,1812.0,1841.22,4329970.344,2025-05-02 23:59:59.999,7960281598.84561,3245598,2154991.660,3962680250.54521,0
2025-05-03 00:00:00.000,1841.22,1848.0,1807.75,1832.55,2801643.56,2025-05-03 23:59:59.999,5123783033.42071,2040283,1366933.510,2500239335.52779,0
2025-05-04 00:00:00.000,1832.55,1849.53,1801.71,1807.87,3055757.356,2025-05-04 23:59:59.999,5590079217.07530,2419911,1494262.302,2734448212.41088,0
2025-05-05 00:00:00.000,1807.87,1832.98,1780.02,1819.43,4641355.365,2025-05-05 23:59:59.999,8394316571.89672,3278009,2289563.069,4142308029.89647,0
2025-05-06 00:00:00.000,1819.43,1820.3,1750.0,1816.22,5344191.56,2025-05-06 23:59:59.999,9539152683.93454,3821783,2587765.159,4620324770.55913,0
2025-05-07 00:00:00.000,1816.23,1850.0,1786.0,1810.14,5769207.963,2025-05-07 23:59:59.999,10500877576.81347,3932284,2883664.076,5249521996.66292,0
2025-05-08 00:00:00.000,1810.13,2227.0,1807.72,2206.54,13290171.723,2025-05-08 23:59:59.999,26775043415.66911,8811007,6898361.327,13880695413.16653,0
2025-05-09 00:00:00.000,2206.53,2490.75,2183.59,2344.3,13924417.937,2025-05-09 23:59:59.999,32335300573.60659,11017757,6953525.351,16144093007.88960,0
2025-05-10 00:00:00.000,2344.31,2600.76,2315.09,2581.91,9337754.747,2025-05-10 23:59:59.999,22823633374.33704,8375060,4688668.108,11467659834.44162,0
2025-05-11 00:00:00.000,2581.9,2608.0,2434.89,2513.48,7493744.561,2025-05-11 23:59:59.999,18805426565.15567,7173973,3591164.381,9012170899.02368,0
2025-05-12 00:00:00.000,2513.48,2624.84,2406.55,2494.16,9197060.865,2025-05-12 23:59:59.999,23177645097.88142,8291760,4465015.648,11257119574.26195,0
2025-05-13 00:00:00.000,2494.16,2738.62,2414.36,2678.59,8696179.007,2025-05-13 23:59:59.999,22321674127.76505,7578193,4313837.158,11072928866.74628,0
2025-05-14 00:00:00.000,2678.58,2724.96,2545.0,2608.74,6914278.151,2025-05-14 23:59:59.999,18124941984.93919,6788178,3332146.090,8736506619.90104,0
2025-05-15 00:00:00.000,2608.75,2646.1,2475.61,2547.75,8115677.622,2025-05-15 23:59:59.999,20701781487.27752,7482356,3947414.530,10073956370.91594,0
2025-05-16 00:00:00.000,2547.76,2648.68,2527.14,2535.72,5514825.122,2025-05-16 23:59:59.999,14259348442.34683,5588177,2676288.785,6922856885.02824,0
2025-05-17 00:00:00.000,2535.71,2537.63,2442.65,2474.09,5088864.02,2025-05-17 23:59:59.999,12632025371.53351,5112244,2460031.466,6105896488.12802,0
2025-05-18 00:00:00.000,2474.09,2587.52,2312.62,2496.98,8079064.264,2025-05-18 23:59:59.999,19985490224.21014,7026592,3839030.762,9501374357.09650,0
2025-05-19 00:00:00.000,2496.98,2546.97,2346.99,2526.87,8872894.591,2025-05-19 23:59:59.999,21684230990.30493,7830995,4441561.846,10857265699.95116,0
2025-05-20 00:00:00.000,2526.87,2588.0,2438.39,2523.09,6945963.632,2025-05-20 23:59:59.999,17457148458.04838,6688706,3413218.640,8580918186.31276,0
2025-05-21 00:00:00.000,2523.08,2615.46,2450.72,2550.26,10600046.776,2025-05-21 23:59:59.999,26847255635.16949,8757866,5212210.749,13199188480.06132,0
2025-05-22 00:00:00.000,2550.26,2692.61,2543.37,2663.72,6985054.685,2025-05-22 23:59:59.999,18416807932.67231,7426416,3422533.683,9023464129.06048,0
2025-05-23 00:00:00.000,2663.72,2734.3,2497.0,2525.39,9061544.83,2025-05-23 23:59:59.999,23651003468.51325,7995313,4409771.318,11510166538.76902,0
2025-05-24 00:00:00.000,2525.38,2574.5,2511.13,2529.27,2752527.948,2025-05-24 23:59:59.999,7010178346.24612,3086598,1333784.876,3397784455.16996,0
2025-05-25 00:00:00.000,2529.27,2553.0,2457.6,2550.03,4036746.533,2025-05-25 23:59:59.999,10112388538.50681,3902828,1995315.375,5000485169.12801,0
2025-05-26 00:00:00.000,2550.03,2598.6,2521.29,2562.43,3750834.338,2025-05-26 23:59:59.999,9600977643.38416,3388656,1870986.243,4790808393.40359,0
2025-05-27 00:00:00.000,2562.42,2711.8,2508.0,2659.84,6941172.913,2025-05-27 23:59:59.999,18256630414.12917,6343592,3596895.122,9461216336.05793,0
2025-05-28 00:00:00.000,2659.83,2689.13,2606.0,2680.4,5156133.407,2025-05-28 23:59:59.999,13632284869.34801,4658793,2587014.772,6841180605.41663,0
2025-05-29 00:00:00.000,2680.4,2788.88,2617.11,2630.3,7588357.955,2025-05-29 23:59:59.999,20452187002.00675,6807765,3750030.030,10108375095.51315,0
2025-05-30 00:00:00.000,2630.3,2648.42,2503.37,2529.63,6984847.342,2025-05-30 23:59:59.999,18079390292.12020,6515951,3340582.622,8648509286.29376,0
2025-05-31 00:00:00.000,2529.62,2550.0,2474.0,2527.08,3446829.335,2025-05-31 23:59:59.999,8685292710.63833,3643920,1709587.365,4309632778.87603,0
2025-06-01 00:00:00.000,2527.08,2547.0,2465.0,2537.89,3484871.729,2025-06-01 23:59:59.999,8755165625.15367,3465704,1701860.450,4276848373.22306,0
2025-06-02 00:00:00.000,2537.89,2614.2,2472.74,2606.48,5275446.384,2025-06-02 23:59:59.999,13325178539.07842,4846615,2651457.043,6700655914.24251,0
2025-06-03 00:00:00.000,2606.49,2654.98,2563.0,2592.16,5191907.18,2025-06-03 23:59:59.999,13577160885.22530,4398023,2590854.889,6777225037.61505,0
2025-06-04 00:00:00.000,2592.16,2679.64,2582.41,2606.62,5284587.533,2025-06-04 23:59:59.999,13890243223.44595,4353984,2634595.473,6925909898.69614,0
2025-06-05 00:00:00.000,2606.62,2640.0,2390.0,2412.9,8492400.72,2025-06-05 23:59:59.999,21556669894.86718,6705665,4072316.240,10341944526.61718,0
2025-06-06 00:00:00.000,2412.9,2529.67,2379.62,2475.38,5419019.543,2025-06-06 23:59:59.999,13390557409.25552,4539094,2677043.081,6618177821.62515,0
2025-06-07 00:00:00.000,2475.38,2545.0,2455.85,2523.4,2692914.761,2025-06-07 23:59:59.999,6733132072.13929,2371757,1380665.237,3452681137.26730,0
2025-06-08 00:00:00.000,2523.41,2548.02,2483.28,2508.32,2632952.539,2025-06-08 23:59:59.999,6620003823.64801,2211010,1279586.838,3218053737.45697,0
2025-06-09 00:00:00.000,2508.31,2693.2,2475.83,2679.12,5572543.306,2025-06-09 23:59:59.999,14246910954.41894,4499371,2865761.755,7332197576.39201,0
2025-06-10 00:00:00.000,2679.13,2827.0,2655.0,2815.74,8830157.515,2025-06-10 23:59:59.999,24154747930.96526,7107084,4473543.525,12237530696.86115,0
2025-06-11 00:00:00.000,2815.74,2879.0,2742.57,2770.34,7913878.569,2025-06-11 23:59:59.999,22221851409.53581,6969338,3890891.675,10927440613.38044,0
2025-06-12 00:00:00.000,2770.35,2783.9,2614.24,2641.38,7405894.267,2025-06-12 23:59:59.999,20158025803.52708,6130736,3594294.326,9788375166.18697,0
2025-06-13 00:00:00.000,2641.38,2644.32,2433.8,2578.09,11165882.996,2025-06-13 23:59:59.999,28202599088.19680,8865737,5428522.503,13709089735.96450,0
2025-06-14 00:00:00.000,2578.1,2578.18,2486.68,2529.66,3565324.383,2025-06-14 23:59:59.999,9006633899.97699,3119536,1732756.742,4377779231.19080,0
2025-06-15 00:00:00.000,2529.66,2559.76,2490.38,2546.32,3498181.69,2025-06-15 23:59:59.999,8854576371.88794,3073108,1779655.834,4505308956.03680,0
2025-06-16 00:00:00.000,2546.32,2680.0,2513.38,2543.12,7101649.996,2025-06-16 23:59:59.999,18500985118.57673,5630646,3534150.089,9210749109.49895,0
2025-06-17 00:00:00.000,2543.11,2617.74,2451.97,2508.99,8004120.988,2025-06-17 23:59:59.999,20276853861.58318,6296058,3951237.342,10012830755.46793,0
2025-06-18 00:00:00.000,2508.99,2547.35,2465.0,2523.49,6693705.668,2025-06-18 23:59:59.999,16787444513.80590,5415845,3306863.455,8294011443.89205,0
2025-06-19 00:00:00.000,2523.5,2546.29,2483.58,2520.18,3666746.681,2025-06-19 23:59:59.999,9226215331.05735,3069943,1861702.120,4685077417.70183,0
2025-06-20 00:00:00.000,2520.17,2568.56,2363.88,2405.42,7724171.787,2025-06-20 23:59:59.999,19117430362.24391,5638305,3692187.203,9145257789.81853,0
2025-06-21 00:00:00.000,2405.43,2447.96,2213.07,2294.63,6347781.449,2025-06-21 23:59:59.999,14926463759.45150,4817953,3017033.533,7102354945.72291,0
2025-06-22 00:00:00.000,2294.64,2312.96,2111.0,2226.33,10976426.378,2025-06-22 23:59:59.999,24395034719.55417,8628739,5414264.055,12034154146.36614,0
2025-06-23 00:00:00.000,2226.33,2440.0,2187.01,2410.39,10119602.037,2025-06-23 23:59:59.999,23160060525.87008,7962034,5109722.939,11705444379.32052,0
2025-06-24 00:00:00.000,2410.4,2481.28,2374.9,2447.58,6672609.972,2025-06-24 23:59:59.999,16167058360.26545,5447479,3346735.461,8112583560.51332,0
2025-06-25 00:00:00.000,2447.58,2467.84,2388.23,2417.28,5000125.213,2025-06-25 23:59:59.999,12136042753.07740,4754756,2477838.619,6015469628.08048,0
2025-06-26 00:00:00.000,2417.28,2520.0,2392.12,2414.54,5704994.512,2025-06-26 23:59:59.999,13986888156.97070,5199894,2828545.277,6938015854.22800,0
2025-06-27 00:00:00.000,2414.59,2463.38,2377.0,2422.06,4375482.494,2025-06-27 23:59:59.999,10621563197.78729,3895770,2189953.783,5317047428.52620,0
2025-06-28 00:00:00.000,2422.07,2447.42,2404.75,2434.8,1533911.759,2025-06-28 23:59:59.999,3723317923.01957,1550736,775516.127,1882778366.61757,0
2025-06-29 00:00:00.000,2434.8,2524.41,2406.45,2499.25,3066795.2,2025-06-29 23:59:59.999,7537795437.65051,2605239,1569650.553,3859243032.28087,0
2025-06-30 00:00:00.000,2499.25,2523.43,2431.87,2484.3,5172486.705,2025-06-30 23:59:59.999,12818199456.88197,4205127,2534986.833,6282717978.07530,0
2025-07-01 00:00:00.000,2484.3,2499.6,2383.33,2403.65,4506176.03,2025-07-01 23:59:59.999,10982509466.22594,3555794,2185180.831,5327648695.59392,0
2025-07-02 00:00:00.000,2403.66,2618.2,2367.53,2569.37,6609066.769,2025-07-02 23:59:59.999,16554772337.67924,4861645,3373379.310,8452615556.56550,0
2025-07-03 00:00:00.000,2569.37,2635.0,2555.25,2590.17,5268757.244,2025-07-03 23:59:59.999,13647187156.29036,4325630,2703056.509,7002399763.40586,0
2025-07-04 00:00:00.000,2590.18,2601.96,2473.07,2506.86,5033671.72,2025-07-04 23:59:59.999,12725393707.41595,4057479,2450111.773,6191557815.95106,0
2025-07-05 00:00:00.000,2506.87,2528.86,2486.31,2515.25,2011813.011,2025-07-05 23:59:59.999,5052102986.64698,1961577,983322.087,2469738327.26284,0
2025-07-06 00:00:00.000,2515.25,2607.08,2502.25,2569.14,3600165.163,2025-07-06 23:59:59.999,9172986497.63379,2976116,1836966.661,4680999555.50237,0
2025-07-07 00:00:00.000,2569.14,2589.88,2505.37,2541.37,4567857.773,2025-07-07 23:59:59.999,11644446527.06696,3841371,2263542.698,5770160028.45091,0
2025-07-08 00:00:00.000,2541.36,2627.83,2522.07,2613.97,4474456.244,2025-07-08 23:59:59.999,11532994545.81018,3704131,2272286.995,5857233183.79800,0
2025-07-09 00:00:00.000,2613.97,2795.73,2588.49,2767.7,7269179.795,2025-07-09 23:59:59.999,19472870001.08627,5653754,3768214.373,10101424349.21511,0
2025-07-10 00:00:00.000,2767.69,3010.44,2754.08,2950.62,8576372.082,2025-07-10 23:59:59.999,24350173415.15155,7003532,4321398.295,12281316816.41542,0
2025-07-11 00:00:00.000,2950.61,3040.95,2913.72,2956.93,8156318.681,2025-07-11 23:59:59.999,24321474191.78244,7658556,3956820.239,11800896395.05097,0
2025-07-12 00:00:00.000,2956.94,2979.0,2902.8,2941.87,3279022.65,2025-07-12 23:59:59.999,9646182328.47869,3419956,1599523.474,4706848048.03806,0
2025-07-13 00:00:00.000,2941.88,3019.52,2930.0,2970.37,3503115.926,2025-07-13 23:59:59.999,10415925230.63532,3582692,1751254.160,5207474502.12151,0
2025-07-14 00:00:00.000,2970.37,3083.0,2961.44,3012.26,6656768.639,2025-07-14 23:59:59.999,20170004457.45065,6645231,3340936.036,10124390186.23357,0
2025-07-15 00:00:00.000,3012.26,3144.48,2930.99,3137.62,8695662.537,2025-07-15 23:59:59.999,26257227282.62108,8482122,4329322.936,13077292555.03910,0
2025-07-16 00:00:00.000,3137.62,3423.47,3099.6,3370.55,9404285.667,2025-07-16 23:59:59.999,30571821987.93077,8722872,4762095.824,15490414485.51467,0
2025-07-17 00:00:00.000,3370.54,3524.0,3311.0,3476.65,8831516.299,2025-07-17 23:59:59.999,30197089749.63605,9706393,4351549.085,14881168716.19383,0
2025-07-18 00:00:00.000,3476.66,3674.43,3458.0,3546.36,9940209.861,2025-07-18 23:59:59.999,35671704359.38496,11072600,4848998.776,17406121457.46232,0
2025-07-19 00:00:00.000,3546.36,3608.0,3505.0,3591.31,3451544.417,2025-07-19 23:59:59.999,12293248411.83796,4428185,1699122.083,6052632282.12079,0
2025-07-20 00:00:00.000,3591.32,3826.0,3578.05,3755.67,7235342.352,2025-07-20 23:59:59.999,26908744578.77599,7720041,3552660.143,13210663152.58352,0
2025-07-21 00:00:00.000,3755.68,3857.82,3700.19,3760.96,6672579.311,2025-07-21 23:59:59.999,25225480585.51872,7816769,3210353.770,12138767029.60567,0
2025-07-22 00:00:00.000,3760.95,3798.58,3616.53,3746.01,7931786.206,2025-07-22 23:59:59.999,29306295168.48628,8579050,3797162.062,14032752633.29127,0
2025-07-23 00:00:00.000,3746.02,3764.08,3526.5,3627.49,6962184.377,2025-07-23 23:59:59.999,25314488743.70884,7072827,3282221.792,11938355891.69920,0
2025-07-24 00:00:00.000,3627.5,3772.63,3505.0,3706.2,7785869.615,2025-07-24 23:59:59.999,28454660354.48651,7988402,3841955.467,14043399496.17899,0
2025-07-25 00:00:00.000,3706.22,3746.42,3570.13,3724.17,7413357.205,2025-07-25 23:59:59.999,27126573043.76688,8386075,3637522.018,13311512882.89762,0
2025-07-26 00:00:00.000,3724.18,3795.2,3694.56,3740.0,3327830.068,2025-07-26 23:59:59.999,12459303545.27103,3430625,1655933.546,6202157184.68408,0
2025-07-27 00:00:00.000,3740.0,3878.53,3728.36,3871.47,4061335.758,2025-07-27 23:59:59.999,15482491667.55545,4559036,2038998.708,7776129232.82427,0
2025-07-28 00:00:00.000,3871.48,3940.81,3751.03,3796.0,6290790.926,2025-07-28 23:59:59.999,24175996255.18144,6687629,3043266.681,11703061854.16594,0
2025-07-29 00:00:00.000,3795.99,3885.43,3712.24,3791.55,6546244.159,2025-07-29 23:59:59.999,24860205422.37114,7087846,3230256.318,12270688952.66161,0
2025-07-30 00:00:00.000,3791.55,3832.61,3670.0,3808.67,5758788.738,2025-07-30 23:59:59.999,21736673459.65851,6641102,2819159.578,10642161411.12838,0
2025-07-31 00:00:00.000,3808.67,3878.0,3682.23,3696.58,5397334.756,2025-07-31 23:59:59.999,20469554422.85698,5989796,2632017.204,9987168063.63206,0
2025-08-01 00:00:00.000,3696.57,3722.9,3428.86,3486.42,9193572.267,2025-08-01 23:59:59.999,33128314776.46401,10694477,4392233.260,15838218917.15354,0
2025-08-02 00:00:00.000,3486.41,3536.48,3366.5,3392.42,5424066.49,2025-08-02 23:59:59.999,18754639855.72633,6590236,2620359.928,9062563249.15896,0
2025-08-03 00:00:00.000,3392.42,3520.97,3353.51,3495.0,3427531.227,2025-08-03 23:59:59.999,11864698196.98683,4146890,1754747.792,6074636130.57502,0
2025-08-04 00:00:00.000,3495.01,3735.0,3489.28,3719.42,5316512.393,2025-08-04 23:59:59.999,19236902829.45886,6075647,2677248.978,9687462431.98572,0
2025-08-05 00:00:00.000,3719.41,3720.1,3542.58,3610.19,5815168.146,2025-08-05 23:59:59.999,21058063277.99194,6592665,2798340.263,10134497863.50469,0
2025-08-06 00:00:00.000,3610.19,3697.39,3562.34,3681.21,4199037.186,2025-08-06 23:59:59.999,15227765255.91895,4916416,2067907.873,7500888476.52586,0
2025-08-07 00:00:00.000,3681.21,3926.38,3645.78,3908.4,5937102.226,2025-08-07 23:59:59.999,22547412157.43496,6237352,3029290.384,11504081909.95496,0
2025-08-08 00:00:00.000,3908.4,4070.0,3876.7,4009.05,6145342.857,2025-08-08 23:59:59.999,24345087579.61720,6968705,3066357.114,12148346381.28722,0
2025-08-09 00:00:00.000,4009.04,4325.24,4005.02,4259.1,6548032.73,2025-08-09 23:59:59.999,27432612279.33882,7055176,3293060.470,13794818979.60294,0
2025-08-10 00:00:00.000,4259.11,4331.99,4160.0,4248.77,4745124.651,2025-08-10 23:59:59.999,20053465752.63617,5986405,2272308.795,9604507149.15049,0
2025-08-11 00:00:00.000,4248.77,4370.0,4164.23,4221.31,7280638.345,2025-08-11 23:59:59.999,31097460175.20050,9226033,3535293.252,15101570850.51035,0
2025-08-12 00:00:00.000,4221.31,4640.0,4216.61,4589.31,8478717.163,2025-08-12 23:59:59.999,37479934448.83552,8681417,4303736.664,19037814775.53742,0
2025-08-13 00:00:00.000,4589.31,4783.62,4562.59,4748.37,7960032.485,2025-08-13 23:59:59.999,37251303664.17844,8944863,3920628.626,18350626200.55333,0
2025-08-14 00:00:00.000,4748.36,4794.0,4451.0,4545.26,10442559.67,2025-08-14 23:59:59.999,48290670951.46872,11233029,5023044.168,23228103400.42674,0
2025-08-15 00:00:00.000,4545.26,4670.23,4364.0,4437.16,7420333.141,2025-08-15 23:59:59.999,33482732351.53149,8626932,3622196.900,16347653790.36137,0
2025-08-16 00:00:00.000,4437.15,4488.33,4370.0,4420.22,3186954.848,2025-08-16 23:59:59.999,14093829789.04260,4233693,1519989.962,6722538100.52846,0
2025-08-17 00:00:00.000,4420.22,4574.95,4392.45,4470.66,4146129.176,2025-08-17 23:59:59.999,18646228010.40326,4914999,2029408.435,9127376785.19763,0
2025-08-18 00:00:00.000,4470.66,4480.0,4224.1,4311.73,8232985.759,2025-08-18 23:59:59.999,35575776951.64949,9593567,4035017.975,17436458268.33868,0
2025-08-19 00:00:00.000,4311.72,4354.22,4064.96,4073.94,7641112.186,2025-08-19 23:59:59.999,32204790715.55084,8963447,3659115.864,15432994509.22249,0
2025-08-20 00:00:00.000,4073.93,4376.13,4060.0,4334.5,7670009.51,2025-08-20 23:59:59.999,32383014019.12521,9070241,3826427.410,16155678903.04898,0
2025-08-21 00:00:00.000,4334.5,4338.94,4202.0,4223.7,4937369.302,2025-08-21 23:59:59.999,21078545366.69103,6587893,2385344.656,10184926938.87164,0
2025-08-22 00:00:00.000,4223.69,4888.49,4206.0,4830.37,11984283.633,2025-08-22 23:59:59.999,54750305193.79994,11643825,5966269.405,27254690713.37555,0
2025-08-23 00:00:00.000,4830.36,4830.37,4662.25,4777.26,3997279.661,2025-08-23 23:59:59.999,18933270794.15555,5001086,1947766.421,9225664643.83754,0
2025-08-24 00:00:00.000,4777.25,4957.67,4702.47,4778.32,6361395.851,2025-08-24 23:59:59.999,30592940074.78536,7265862,3143816.147,15125114823.27254,0
2025-08-25 00:00:00.000,4778.33,4796.8,4331.15,4374.25,9104476.925,2025-08-25 23:59:59.999,41589800131.29473,10159027,4340822.043,19829074713.34350,0
2025-08-26 00:00:00.000,4374.25,4632.92,4310.0,4598.49,6833123.715,2025-08-26 23:59:59.999,30589096262.84132,8818702,3417921.657,15302892617.25593,0
2025-08-27 00:00:00.000,4598.5,4662.5,4479.01,4504.84,5766618.714,2025-08-27 23:59:59.999,26459757592.68530,7415091,2782602.618,12769987160.50781,0
2025-08-28 00:00:00.000,4504.86,4633.12,4425.0,4509.1,4426437.919,2025-08-28 23:59:59.999,20065358628.09292,5601270,2179199.123,9879189296.56193,0
2025-08-29 00:00:00.000,4509.1,4514.66,4264.29,4358.65,6209654.111,2025-08-29 23:59:59.999,27104770526.17302,7454969,3023585.681,13197027708.48541,0
2025-08-30 00:00:00.000,4358.65,4414.45,4254.97,4372.0,2942714.992,2025-08-30 23:59:59.999,12802321816.86978,3583349,1435369.519,6247127309.51978,0
2025-08-31 00:00:00.000,4372.0,4498.0,4370.33,4389.58,3156027.534,2025-08-31 23:59:59.999,14051520790.23488,3770253,1557353.159,6934900979.36076,0
2025-09-01 00:00:00.000,4389.58,4490.0,4205.49,4313.0,5447493.883,2025-09-01 23:59:59.999,23773811619.81524,6589665,2658868.777,11610053107.00537,0
2025-09-02 00:00:00.000,4313.0,4414.73,4254.33,4324.59,5122607.494,2025-09-02 23:59:59.999,22199377296.74414,6799107,2523277.295,10934001772.52983,0
2025-09-03 00:00:00.000,4324.58,4488.36,4281.0,4448.22,3880391.161,2025-09-03 23:59:59.999,17044372656.69283,5119195,1910250.517,8391344991.77567,0
2025-09-04 00:00:00.000,4448.22,4480.99,4263.0,4295.68,4894116.686,2025-09-04 23:59:59.999,21342682503.19518,5688361,2385345.232,10402979550.93440,0
2025-09-05 00:00:00.000,4295.68,4494.45,4252.47,4305.71,6326357.485,2025-09-05 23:59:59.999,27575467859.60816,6969862,3144665.679,13709504358.49794,0
2025-09-06 00:00:00.000,4305.71,4327.0,4220.0,4271.69,2147554.767,2025-09-06 23:59:59.999,9195378104.55838,2490116,1027661.082,4401196364.95700,0
2025-09-07 00:00:00.000,4271.68,4336.05,4267.44,4303.84,1711470.552,2025-09-07 23:59:59.999,7351406415.13431,2167511,842909.915,3620996878.30009,0
2025-09-08 00:00:00.000,4303.83,4382.75,4276.21,4303.98,3546410.615,2025-09-08 23:59:59.999,15322973248.83397,4276268,1766976.332,7636008462.03931,0
2025-09-09 00:00:00.000,4303.97,4380.77,4275.0,4308.4,3523559.615,2025-09-09 23:59:59.999,15222966920.79079,4163833,1705285.733,7367839033.85386,0
2025-09-10 00:00:00.000,4308.41,4453.56,4283.0,4347.83,4432223.474,2025-09-10 23:59:59.999,19320820617.76293,4641071,2202701.077,9603634039.34492,0
2025-09-11 00:00:00.000,4347.83,4483.44,4328.88,4456.86,4235830.637,2025-09-11 23:59:59.999,18709241142.85245,4845793,2144185.223,9474069450.44940,0
2025-09-12 00:00:00.000,4456.87,4750.0,4448.35,4710.83,4819201.204,2025-09-12 23:59:59.999,22044074626.95246,5257367,2498943.807,11433035659.61851,0
2025-09-13 00:00:00.000,4710.82,4768.0,4603.0,4664.74,3171687.815,2025-09-13 23:59:59.999,14859966360.59650,3611292,1514533.803,7098240898.72099,0
2025-09-14 00:00:00.000,4664.74,4691.3,4575.0,4602.0,2511259.911,2025-09-14 23:59:59.999,11619139302.15607,2962617,1223889.018,5662945206.75829,0
2025-09-15 00:00:00.000,4602.0,4668.0,4463.0,4521.54,4176404.992,2025-09-15 23:59:59.999,18980591155.35112,4822542,2003037.077,9103609610.20994,0
2025-09-16 00:00:00.000,4521.54,4536.31,4421.01,4499.41,3109858.769,2025-09-16 23:59:59.999,13940782703.99469,3837838,1533778.727,6876185257.54886,0
2025-09-17 00:00:00.000,4499.41,4615.26,4404.08,4588.3,5124507.153,2025-09-17 23:59:59.999,23070604822.17107,5809176,2491509.715,11218670920.14310,0
2025-09-18 00:00:00.000,4588.31,4642.6,4551.75,4585.31,2928393.691,2025-09-18 23:59:59.999,13458754798.55331,3707936,1431908.227,6581842939.31912,0
2025-09-19 00:00:00.000,4585.32,4619.5,4433.0,4466.49,3411338.53,2025-09-19 23:59:59.999,15390394153.31296,3828856,1587235.426,7160962697.77853,0
2025-09-20 00:00:00.000,4466.48,4506.75,4451.62,4478.27,1210096.976,2025-09-20 23:59:59.999,5418567490.32544,1675624,608242.126,2723708343.49740,0
2025-09-21 00:00:00.000,4478.26,4497.01,4440.01,4443.01,1366255.572,2025-09-21 23:59:59.999,6106266734.79425,1854241,663045.681,2963864350.18824,0
2025-09-22 00:00:00.000,4443.0,4454.01,4000.88,4196.86,6100386.078,2025-09-22 23:59:59.999,25725810179.45994,7252729,2821549.443,11897302384.37024,0
2025-09-23 00:00:00.000,4196.87,4230.06,4112.43,4162.25,3491189.582,2025-09-23 23:59:59.999,14583116712.74314,4714029,1735353.502,7249186977.33441,0
2025-09-24 00:00:00.000,4162.25,4204.99,4070.0,4150.51,3047254.366,2025-09-24 23:59:59.999,12670384477.90497,4180129,1485681.454,6178787549.93948,0
2025-09-25 00:00:00.000,4150.51,4158.95,3822.0,3873.1,8452019.741,2025-09-25 23:59:59.999,33629986986.04217,9489735,4122867.032,16406478789.80459,0
2025-09-26 00:00:00.000,3873.1,4066.39,3866.0,4030.17,4740997.735,2025-09-26 23:59:59.999,18750388212.84918,6525096,2398852.841,9488726424.89693,0
2025-09-27 00:00:00.000,4030.17,4038.62,3971.45,4017.01,1763090.139,2025-09-27 23:59:59.999,7063334343.73820,2222512,881775.159,3533197152.40817,0
2025-09-28 00:00:00.000,4017.01,4143.05,3963.1,4139.55,2514830.299,2025-09-28 23:59:59.999,10149863141.77429,2976315,1325631.717,5353896576.72500,0
2025-09-29 00:00:00.000,4139.54,4234.27,4080.0,4212.98,3781396.686,2025-09-29 23:59:59.999,15694942048.56818,4749311,1882523.934,7814893363.99008,0
2025-09-30 00:00:00.000,4212.99,4246.87,4091.0,4142.75,3692892.942,2025-09-30 23:59:59.999,15345949182.53940,4968279,1794931.381,7458935038.67879,0
2025-10-01 00:00:00.000,4142.75,4356.07,4120.61,4345.85,4436505.357,2025-10-01 23:59:59.999,18930019542.68207,5512248,2235987.426,9538353705.26361,0
2025-10-02 00:00:00.000,4345.85,4516.65,4330.11,4481.7,4471666.244,2025-10-02 23:59:59.999,19726077711.08088,5935964,2248530.893,9921712912.45965,0
2025-10-03 00:00:00.000,4481.7,4590.83,4426.0,4511.11,4421328.072,2025-10-03 23:59:59.999,19877580078.88670,6208153,2182648.246,9815662543.44157,0
2025-10-04 00:00:00.000,4511.12,4515.8,4438.0,4484.79,1887541.368,2025-10-04 23:59:59.999,8456084877.82910,2751769,893559.521,4003645832.91710,0
2025-10-05 00:00:00.000,4484.79,4618.44,4465.01,4512.34,3476365.707,2025-10-05 23:59:59.999,15788381952.94410,5233806,1721023.346,7817691438.15410,0
2025-10-06 00:00:00.000,4512.35,4734.99,4486.05,4682.43,3988549.973,2025-10-06 23:59:59.999,18419617390.68043,5919219,2022274.459,9339403963.58013,0
2025-10-07 00:00:00.000,4682.42,4754.0,4422.44,4445.76,5946456.672,2025-10-07 23:59:59.999,27299951019.86175,7609815,2863875.407,13153232028.32008,0
2025-10-08 00:00:00.000,4445.77,4556.75,4408.69,4523.67,3755083.452,2025-10-08 23:59:59.999,16827127415.92555,6009027,1869314.316,8378163316.41122,0
2025-10-09 00:00:00.000,4523.66,4529.15,4262.55,4365.83,5102570.656,2025-10-09 23:59:59.999,22281784727.32817,6884022,2440006.551,10652493197.01764,0
2025-10-10 00:00:00.000,4365.83,4392.0,3400.0,3819.99,12017119.047,2025-10-10 23:59:59.999,47929937738.04511,15891025,5666179.165,22619258551.27069,0
2025-10-11 00:00:00.000,3820.0,3874.28,3640.0,3744.99,5215588.468,2025-10-11 23:59:59.999,19726835357.37149,9393255,2613387.766,9888803995.20522,0
2025-10-12 00:00:00.000,3744.99,4200.0,3692.96,4149.99,9472267.39,2025-10-12 23:59:59.999,37481577939.66282,10027905,4803223.613,18997320974.20802,0
2025-10-13 00:00:00.000,4150.0,4293.03,4034.12,4239.7,7867416.54,2025-10-13 23:59:59.999,32696882710.92269,9278748,3944751.191,16397816816.17658,0
2025-10-14 00:00:00.000,4239.7,4262.0,3885.09,4123.05,8470013.274,2025-10-14 23:59:59.999,34258219352.17251,11845500,4149008.192,16775972713.99781,0
2025-10-15 00:00:00.000,4123.06,4216.12,3925.0,3983.81,5383244.01,2025-10-15 23:59:59.999,21819540012.27430,8388501,2676280.211,10851209454.24153,0
2025-10-16 00:00:00.000,3983.8,4089.34,3822.5,3892.02,5731700.779,2025-10-16 23:59:59.999,22709297884.67893,9444104,2785426.699,11039477031.71406,0
2025-10-17 00:00:00.000,3892.02,3948.06,3671.0,3829.99,6653715.864,2025-10-17 23:59:59.999,25226782204.14404,10588433,3261526.179,12366430756.20759,0
2025-10-18 00:00:00.000,3830.0,3926.0,3817.21,3887.01,1938785.098,2025-10-18 23:59:59.999,7509890240.83936,3494925,964052.159,3734729677.75682,0
2025-10-19 00:00:00.000,3887.01,4030.0,3810.0,3980.59,3378168.171,2025-10-19 23:59:59.999,13293751538.49362,5024361,1696525.463,6680310360.55970,0
2025-10-20 00:00:00.000,3980.6,4085.0,3906.89,3977.54,3964193.706,2025-10-20 23:59:59.999,15854456792.02957,6197163,1958810.573,7834500393.97327,0
2025-10-21 00:00:00.000,3977.54,4108.41,3838.21,3871.11,6065458.751,2025-10-21 23:59:59.999,23982223539.19465,8882649,2965777.598,11726989182.43355,0
2025-10-22 00:00:00.000,3871.11,3887.45,3706.31,3803.93,5014922.865,2025-10-22 23:59:59.999,19162417413.61478,8670010,2460698.199,9405795396.53953,0
2025-10-23 00:00:00.000,3803.94,3933.4,3794.89,3855.21,3703936.916,2025-10-23 23:59:59.999,14306558471.25920,6351393,1847168.410,7133547396.24258,0
2025-10-24 00:00:00.000,3855.22,4026.48,3844.02,3933.19,3655431.455,2025-10-24 23:59:59.999,14370925595.57035,6259143,1793297.282,7050946974.81901,0
2025-10-25 00:00:00.000,3933.2,3968.93,3910.0,3952.25,1294911.079,2025-10-25 23:59:59.999,5100565551.56726,2320554,660468.178,2602123989.38233,0
2025-10-26 00:00:00.000,3952.24,4179.27,3914.3,4156.37,2929386.864,2025-10-26 23:59:59.999,11852616616.01451,4661450,1472768.044,5961088182.98089,0
2025-10-27 00:00:00.000,4156.36,4253.0,4090.61,4118.47,4177961.802,2025-10-27 23:59:59.999,17446812942.46984,6977860,2060147.723,8604335606.69436,0
2025-10-28 00:00:00.000,4118.46,4174.08,3925.01,3977.56,4291976.218,2025-10-28 23:59:59.999,17497055109.81833,7323112,2052915.791,8372181231.32695,0
2025-10-29 00:00:00.000,3977.56,4034.99,3836.0,3900.38,4458210.334,2025-10-29 23:59:59.999,17639590435.27133,7668112,2176233.415,8612741083.83583,0
2025-10-30 00:00:00.000,3900.38,3947.0,3677.7,3802.8,5769173.941,2025-10-30 23:59:59.999,22017129749.74984,9606081,2834214.336,10817342646.85872,0
2025-10-31 00:00:00.000,3802.8,3904.9,3794.13,3846.42,3815967.522,2025-10-31 23:59:59.999,14680218606.47905,6374992,1907672.563,7339626620.13840,0
2025-11-01 00:00:00.000,3846.42,3907.61,3828.8,3872.14,1270485.006,2025-11-01 23:59:59.999,4916549621.84477,2478182,641829.937,2483659052.02197,0
2025-11-02 00:00:00.000,3872.14,3917.0,3837.04,3904.8,1816853.789,2025-11-02 23:59:59.999,7038966407.17009,3238857,908098.423,3518678439.54914,0
2025-11-03 00:00:00.000,3904.79,3913.34,3556.0,3602.15,6599474.497,2025-11-03 23:59:59.999,24340952228.33653,10070951,3101856.608,11440337089.36183,0
2025-11-04 00:00:00.000,3602.15,3653.65,3055.0,3285.28,10678270.996,2025-11-04 23:59:59.999,36171319570.78212,15897517,5181122.338,17567242223.80083,0
2025-11-05 00:00:00.000,3285.28,3479.0,3165.41,3423.06,5529908.978,2025-11-05 23:59:59.999,18458018565.74134,10505832,2805720.156,9371135878.87705,0
2025-11-06 00:00:00.000,3423.06,3455.0,3245.0,3313.7,4923419.396,2025-11-06 23:59:59.999,16485449833.07646,8995344,2397515.509,8026923804.26709,0
2025-11-07 00:00:00.000,3313.7,3472.23,3192.92,3434.36,5003943.428,2025-11-07 23:59:59.999,16601841382.86458,10160525,2528806.548,8390658919.14615,0
2025-11-08 00:00:00.000,3434.37,3490.0,3353.31,3400.07,2663386.219,2025-11-08 23:59:59.999,9099157353.14614,5444163,1312894.573,4486131384.34617,0
2025-11-09 00:00:00.000,3400.08,3624.4,3356.74,3581.31,3242104.849,2025-11-09 23:59:59.999,11301873155.95876,6039399,1677038.198,5847009990.89904,0
2025-11-10 00:00:00.000,3581.31,3658.0,3505.55,3566.38,3732092.709,2025-11-10 23:59:59.999,13360528858.35997,7309365,1872721.194,6705385107.43077,0
2025-11-11 00:00:00.000,3566.38,3647.54,3403.02,3416.32,4510443.944,2025-11-11 23:59:59.999,15900378901.78895,8880574,2240751.876,7900568447.81050,0
2025-11-12 00:00:00.000,3416.33,3587.24,3370.0,3413.46,4885053.439,2025-11-12 23:59:59.999,16907897063.88611,8920704,2475303.169,8566692945.19030,0
2025-11-13 00:00:00.000,3413.45,3565.0,3152.49,3230.12,7753251.79,2025-11-13 23:59:59.999,26083884668.87648,13807020,3803654.811,12798805629.68556,0
2025-11-14 00:00:00.000,3230.13,3255.95,3068.0,3111.2,8107655.483,2025-11-14 23:59:59.999,25699714531.16107,16788043,3952775.054,12533282601.27943,0
2025-11-15 00:00:00.000,3111.2,3230.56,3109.16,3166.55,2382547.615,2025-11-15 23:59:59.999,7562768036.56531,5233565,1199624.502,3808048408.60312,0
2025-11-16 00:00:00.000,3166.56,3248.5,3001.01,3094.05,5514051.792,2025-11-16 23:59:59.999,17212970189.19971,9769735,2685448.444,8387684167.75581,0
2025-11-17 00:00:00.000,3094.04,3223.22,2958.0,3030.06,6720441.979,2025-11-17 23:59:59.999,20848106009.10493,12972230,3291215.866,10211876610.03888,0
2025-11-18 00:00:00.000,3030.06,3169.28,2943.31,3122.2,6218662.842,2025-11-18 23:59:59.999,18980315506.87928,13026557,3112873.052,9506834150.48540,0
2025-11-19 00:00:00.000,3122.2,3125.05,2873.0,3024.09,7755927.867,2025-11-19 23:59:59.999,23272863365.89668,13129760,3756145.969,11273357564.66225,0
2025-11-20 00:00:00.000,3024.08,3063.0,2788.01,2832.97,8009557.115,2025-11-20 23:59:59.999,23455659763.16681,12951864,3868609.133,11324741263.58337,0
2025-11-21 00:00:00.000,2832.96,2885.84,2620.0,2764.69,10727173.104,2025-11-21 23:59:59.999,29404535921.14200,18266473,5263936.460,14434276409.42476,0
2025-11-22 00:00:00.000,2764.7,2798.0,2702.87,2769.06,2709820.893,2025-11-22 23:59:59.999,7433402072.25529,5561881,1360831.644,3733818434.39116,0
2025-11-23 00:00:00.000,2769.06,2857.0,2766.87,2800.73,3288963.717,2025-11-23 23:59:59.999,9262309369.80448,6045121,1638877.336,4616345046.84180,0
2025-11-24 00:00:00.000,2800.74,2986.98,2761.38,2952.19,6158375.151,2025-11-24 23:59:59.999,17629818981.86079,10158684,3124442.647,8946862344.75279,0
2025-11-25 00:00:00.000,2952.18,2979.31,2855.0,2958.24,4774258.874,2025-11-25 23:59:59.999,13900856134.83330,8125337,2360308.097,6873883202.17060,0
2025-11-26 00:00:00.000,2958.24,3044.46,2887.09,3025.02,4273427.784,2025-11-26 23:59:59.999,12642800437.45882,6624304,2155302.965,6376376348.15385,0
2025-11-27 00:00:00.000,3025.02,3070.0,2983.81,3013.8,2959023.537,2025-11-27 23:59:59.999,8948067808.55838,4596719,1475739.288,4463480546.82840,0
2025-11-28 00:00:00.000,3013.81,3099.0,2992.1,3029.8,3878973.607,2025-11-28 23:59:59.999,11796891863.91637,5794744,1948605.739,5927214938.49761,0
2025-11-29 00:00:00.000,3029.8,3051.46,2960.01,2987.96,2258392.443,2025-11-29 23:59:59.999,6775926299.40963,3177060,1091553.426,3276297970.18338,0
2025-11-30 00:00:00.000,2987.96,3052.21,2974.0,2990.02,1978839.3,2025-11-30 23:59:59.999,5970408807.45167,3026503,992675.164,2995416403.81468,0
2025-12-01 00:00:00.000,2990.02,2998.84,2718.07,2797.47,6741830.72,2025-12-01 23:59:59.999,18971589442.10295,10476924,3317461.906,9327662554.94863,0
2025-12-02 00:00:00.000,2797.48,3034.94,2780.6,2994.63,5080990.853,2025-12-02 23:59:59.999,14815158458.25620,8158020,2578544.841,7514473874.82758,0
2025-12-03 00:00:00.000,2994.63,3216.53,2983.76,3187.07,5461248.054,2025-12-03 23:59:59.999,16873625293.15583,8723312,2840071.519,8782473468.66753,0
2025-12-04 00:00:00.000,3187.08,3239.27,3064.81,3132.01,5001099.111,2025-12-04 23:59:59.999,15859152719.01436,7753902,2434141.931,7721985985.18098,0
2025-12-05 00:00:00.000,3132.01,3192.72,2978.0,3020.38,5378728.01,2025-12-05 23:59:59.999,16628875832.68546,8370405,2611313.400,8075753333.68204,0
2025-12-06 00:00:00.000,3020.38,3068.58,3011.0,3036.53,1618613.158,2025-12-06 23:59:59.999,4915211200.82418,2879281,818924.980,2487211526.75800,0
2025-12-07 00:00:00.000,3036.53,3150.0,2903.75,3058.14,4316087.325,2025-12-07 23:59:59.999,13102163181.41413,6493338,2120089.620,6437585537.06868,0
2025-12-08 00:00:00.000,3058.14,3179.99,3038.76,3123.14,4298631.798,2025-12-08 23:59:59.999,13429694816.30503,7567429,2142741.698,6695783349.72163,0
2025-12-09 00:00:00.000,3123.15,3397.5,3089.01,3316.49,5589772.365,2025-12-09 23:59:59.999,18099810028.77385,8904592,2802759.320,9074961271.09343,0
2025-12-10 00:00:00.000,3316.5,3446.12,3286.58,3322.79,4812014.096,2025-12-10 23:59:59.999,16131527898.00717,9399126,2376392.211,7969185345.62591,0
2025-12-11 00:00:00.000,3322.8,3326.74,3142.92,3235.77,5182963.105,2025-12-11 23:59:59.999,16622839521.25866,9099788,2480302.599,7955252964.21677,0
2025-12-12 00:00:00.000,3235.78,3264.78,3041.1,3083.34,4616717.641,2025-12-12 23:59:59.999,14523686590.13976,8017963,2235893.621,7034359465.41456,0
2025-12-13 00:00:00.000,3083.34,3135.0,3075.0,3113.01,1450299.521,2025-12-13 23:59:59.999,4503562083.13692,2455782,712686.330,2213440347.65420,0
2025-12-14 00:00:00.000,3113.0,3128.65,3022.51,3062.02,2689994.308,2025-12-14 23:59:59.999,8301728632.29391,4452073,1333821.125,4117470566.30954,0
2025-12-15 00:00:00.000,3062.01,3177.0,2890.51,2963.25,6080692.972,2025-12-15 23:59:59.999,18458624279.93705,10131146,3007279.222,9137044742.49783,0
2025-12-16 00:00:00.000,2963.25,2982.1,2870.0,2960.84,4501415.709,2025-12-16 23:59:59.999,13217875098.26135,8979194,2137006.897,6277543083.12337,0
2025-12-17 00:00:00.000,2960.83,3030.0,2789.52,2832.0,5886093.565,2025-12-17 23:59:59.999,17109213289.76786,10384645,2884597.105,8387273599.50242,0
2025-12-18 00:00:00.000,2831.99,2997.05,2772.97,2827.3,6355841.595,2025-12-18 23:59:59.999,18285465909.39752,11498172,3199267.970,9201599881.04937,0
2025-12-19 00:00:00.000,2827.32,3017.99,2806.15,2978.33,5024441.542,2025-12-19 23:59:59.999,14783267707.48895,9819037,2571762.093,7566291843.36286,0
2025-12-20 00:00:00.000,2978.34,2992.97,2965.28,2976.54,1037932.071,2025-12-20 23:59:59.999,3091907124.40667,1794190,496474.727,1479159541.75933,0
2025-12-21 00:00:00.000,2976.55,3011.99,2943.0,3000.62,1880938.477,2025-12-21 23:59:59.999,5603772651.19481,3361816,942601.732,2809294042.57813,0
2025-12-22 00:00:00.000,3000.61,3077.99,2961.0,3008.49,4028005.767,2025-12-22 23:59:59.999,12186700742.80464,7635016,2056349.644,6222531204.31329,0
2025-12-23 00:00:00.000,3008.5,3035.0,2899.3,2963.29,4025936.154,2025-12-23 23:59:59.999,11896188689.51685,6847882,2004633.796,5925617669.95075,0
2025-12-24 00:00:00.000,2963.29,2976.48,2886.75,2946.23,2622651.93,2025-12-24 23:59:59.999,7687832001.93483,4466930,1339477.715,3927472790.65745,0
2025-12-25 00:00:00.000,2946.23,2969.99,2888.88,2902.32,1833895.842,2025-12-25 23:59:59.999,5381555216.75797,2958944,912375.033,2677647300.18663,0
2025-12-26 00:00:00.000,2902.32,2994.0,2892.72,2926.82,3511943.959,2025-12-26 23:59:59.999,10338553279.60866,5553736,1766906.235,5202145877.29267,0
2025-12-27 00:00:00.000,2926.83,2959.84,2914.63,2947.61,899512.695,2025-12-27 23:59:59.999,2636507869.61530,1352404,447307.621,1311245258.39815,0
2025-12-28 00:00:00.000,2947.61,2959.99,2922.84,2949.6,1156340.657,2025-12-28 23:59:59.999,3400543807.97550,1882393,563046.755,1656078988.37126,0
2025-12-29 00:00:00.000,2949.6,3056.0,2908.58,2936.45,4975460.686,2025-12-29 23:59:59.999,14777756623.34557,7102902,2503963.457,7437437095.79113,0
2025-12-30 00:00:00.000,2936.45,3008.67,2917.48,2972.22,3160478.075,2025-12-30 23:59:59.999,9386429031.82699,4897272,1569781.659,4662351274.18345,0
2025-12-31 00:00:00.000,2972.23,3027.73,2957.59,2970.4,2411514.797,2025-12-31 23:59:59.999,7193092989.15502,3583480,1225250.687,3654995109.20560,0
2026-01-01 00:00:00.000,2970.4,3008.56,2970.0,3002.49,1078103.921,2026-01-01 23:59:59.999,3220483557.50709,1630690,550885.733,1645834079.99837,0
2026-01-02 00:00:00.000,3002.5,3149.0,2990.67,3123.89,4632283.725,2026-01-02 23:59:59.999,14228422818.66765,6758855,2432922.278,7473068821.19214,0
2026-01-03 00:00:00.000,3123.88,3135.0,3074.52,3125.47,1466597.6,2026-01-03 23:59:59.999,4554177757.17688,2161378,732141.212,2273579378.51877,0
2026-01-04 00:00:00.000,3125.46,3165.99,3115.0,3143.32,1887902.79,2026-01-04 23:59:59.999,5929565719.69330,2979127,961167.329,3019537463.90454,0
2026-01-05 00:00:00.000,3143.33,3266.0,3131.47,3223.71,4530955.5,2026-01-05 23:59:59.999,14424880063.24923,6670366,2232185.506,7108904731.95913,0
2026-01-06 00:00:00.000,3223.72,3308.0,3180.71,3295.46,4587035.481,2026-01-06 23:59:59.999,14910247560.18325,6400806,2313597.952,7521324645.53855,0
2026-01-07 00:00:00.000,3295.46,3295.79,3123.01,3167.52,4540326.148,2026-01-07 23:59:59.999,14508108836.34791,6023266,2236762.783,7143624613.66279,0
2026-01-08 00:00:00.000,3167.53,3183.68,3052.43,3105.45,4244975.433,2026-01-08 23:59:59.999,13204555285.32681,6093127,2089609.996,6502261518.04549,0
2026-01-09 00:00:00.000,3105.44,3148.0,3056.79,3087.15,3688956.785,2026-01-09 23:59:59.999,11437273391.87188,5807706,1848776.518,5732705819.72973,0
2026-01-10 00:00:00.000,3087.16,3102.75,3077.08,3085.47,690476.319,2026-01-10 23:59:59.999,2133355612.35137,1071426,343282.457,1060720669.43963,0
2026-01-11 00:00:00.000,3085.47,3147.0,3083.23,3122.0,1514111.583,2026-01-11 23:59:59.999,4715974738.78988,2132706,764318.012,2381095642.09964,0
2026-01-12 00:00:00.000,3122.0,3170.88,3061.35,3093.84,3879346.739,2026-01-12 23:59:59.999,12097803440.06908,5697955,1873635.665,5843077274.56559,0
2026-01-13 00:00:00.000,3093.85,3383.63,3090.18,3324.69,4721555.817,2026-01-13 23:59:59.999,15083497161.28831,6720342,2508370.062,8021329958.94001,0
2026-01-14 00:00:00.000,3324.68,3403.77,3280.0,3353.27,4884153.834,2026-01-14 23:59:59.999,16313326709.51153,7698663,2426903.605,8108771379.77599,0
2026-01-15 00:00:00.000,3353.28,3383.07,3266.0,3317.0,4131982.824,2026-01-15 23:59:59.999,13732434224.86740,6747187,2039698.931,6781589808.15577,0
2026-01-16 00:00:00.000,3317.0,3325.34,3251.42,3294.77,2550182.156,2026-01-16 23:59:59.999,8390347154.81726,4174866,1234592.198,4062422043.96325,0
2026-01-17 00:00:00.000,3294.77,3328.36,3282.39,3308.87,1148627.857,2026-01-17 23:59:59.999,3798184016.12259,1576756,598226.674,1978355245.17910,0
2026-01-18 00:00:00.000,3308.86,3367.98,3277.42,3282.77,1816518.47,2026-01-18 23:59:59.999,6038375566.59079,2658487,904733.798,3008560818.66779,0
2026-01-19 00:00:00.000,3282.77,3283.2,3165.0,3188.01,3565887.7,2026-01-19 23:59:59.999,11448614199.26060,5321611,1675225.090,5377676503.53394,0
2026-01-20 00:00:00.000,3188.01,3199.73,2910.0,2938.24,5863217.618,2026-01-20 23:59:59.999,17955207599.30427,8126065,2777012.404,8511074018.67183,0
2026-01-21 00:00:00.000,2938.25,3069.34,2864.29,2980.66,6529694.517,2026-01-21 23:59:59.999,19336222914.17360,9670117,3207296.315,9500387581.38072,0
2026-01-22 00:00:00.000,2980.67,3037.49,2904.11,2951.21,3511036.223,2026-01-22 23:59:59.999,10424393737.03718,6462621,1715504.129,5093717871.42792,0
2026-01-23 00:00:00.000,2951.21,3020.45,2890.2,2955.08,3421101.166,2026-01-23 23:59:59.999,10092253959.87801,6487691,1709424.251,5043879876.57048,0
2026-01-24 00:00:00.000,2955.08,2968.75,2942.0,2952.09,782585.277,2026-01-24 23:59:59.999,2314502464.82381,1450206,377606.015,1116878452.98185,0
2026-01-25 00:00:00.000,2952.09,2959.27,2784.15,2815.49,3639269.207,2026-01-25 23:59:59.999,10425054712.51541,5810665,1687751.135,4836294975.52802,0
2026-01-26 00:00:00.000,2815.49,2950.0,2810.72,2928.9,5212624.57,2026-01-26 23:59:59.999,15094744589.38012,8044766,2802617.161,8116393860.55911,0
2026-01-27 00:00:00.000,2928.89,3034.99,2898.89,3024.92,3892928.818,2026-01-27 23:59:59.999,11504547925.70945,6647131,2022330.400,5977328793.62834,0
2026-01-28 00:00:00.000,3024.92,3045.0,2981.7,3009.36,2975250.747,2026-01-28 23:59:59.999,8965143376.73940,5684336,1483072.779,4469744864.19777,0
2026-01-29 00:00:00.000,3009.36,3012.04,2752.5,2821.0,5756506.007,2026-01-29 23:59:59.999,16464783136.19275,8707224,2739649.807,7836657320.26238,0
2026-01-30 00:00:00.000,2821.0,2827.27,2634.63,2705.66,7083805.908,2026-01-30 23:59:59.999,19303148891.17319,13377207,3447110.945,9396541762.27039,0
2026-01-31 00:00:00.000,2705.66,2713.43,2202.4,2450.38,9597331.925,2026-01-31 23:59:59.999,23874988096.82025,15242773,4537687.474,11300125958.94725,0
2026-02-01 00:00:00.000,2450.38,2474.98,2218.0,2269.04,7484600.303,2026-02-01 23:59:59.999,17587227056.44762,15343395,3621938.814,8511786082.50110,0
2026-02-02 00:00:00.000,2269.03,2395.4,2156.0,2345.55,9776544.584,2026-02-02 23:59:59.999,22274496868.95568,21225095,4894431.298,11156161072.67812,0
2026-02-03 00:00:00.000,2345.56,2346.9,2329.0,2329.29,39756.734,2026-02-03 23:59:59.999,92891771.88579,74882,14427.628,33701696.33497,0
